   791  909 1040 1150 1156 1281 1435 1571 1447 1257 1131  994 1114  974  791 1006 1453 1036 1037 1123 1035  781  724  547  789  976  852 1151 1332 1364 1603 1444 1227  994  938  693  561  663  729  852  971 1017 1008  936  791  865  796  770  791  749 1024  720  583  581  397  547  661  913 1208  937 1191 1321 1046  745 1062  764  893 1256  786 1454 1352 1355 1784 1827 2071 1738 1979 1642 1464 1827 1952 1464 1218 1299 1112 1677  909  535  532  532  585  956  691  901 1470 1694 1215 1376 1332  859 1146 1397 1784 1503 1177 1500 1059 1086 1575 1723 1550 1678 1366 1528 1790 1889 2043 1824 1490 1716 1828 1524 1375 1314 1066 1066 1062  988  915  853  728  791  837  840  882 1109 1028 1066  916 1017 1177 1632 1706 1977 1367 1382 1526 1959 2093 2073 1821 2230 1603 1594 1689 2280 1666 1527 1754 1849 1502 2052 1888 1761 1653 1660 1617 1681 1475 1473 1520 1433 1400 1346 1309 1289 1268 1230 1216 1207 1188 1159 1098 1108 1112 1090 1084 1096 1089 1049 1036 1028 1027 1033 1062 1076 1081 1080 1095 1103 1053  998 1004 1036 1000  978  971  968  949  957  949  950  955  947  944  953  947  938  939  939  950  946  933  911  927  931  946  946  946  946  946  944  939  937  938  937  926  912  899  873  867  852  867  889  888  879  869  867  861  860  856  852  846  844  845  806  849
   771 1011 1227 1501 1371 1405 1848 1644 1314 1098 1166 1277 1232 1063 1192 1490 1322 1271 1035 1148  916  910  997  689  917  852 1100 1119 1190 1477 1401 1335 1285 1336  985  576  498  928  800  912  926  987  993 1090  834  720 1055  883  731  571  526  477  431  403  488  817  708  730 1018 1279 1212 1279  833  599  814  871  916 1507 1096 1228 1333 1711 2194 1734 1758 1544 1883 1482 1872 1918 1628 1650 1407 1169  963  787  670  584  532  534  573  679  609 1218 1755 1542 1680 1680 1442 1113  910 1045 1506 1614 1267 1090 1084 1542 1675 1669 1572 1677 1454 1871 1675 1375 1937 1671 1371 1353 1428 1338 1218 1215 1132 1075 1061 1139  966  872  823  761  822  838  883  900  913  978 1358 1696 1247 1930 1970 2141 1865 1711 1600 2015 1734 2133 2053 1842 1493 1649 1980 1668 1829 1856 1751 1781 1835 1545 1913 2077 1520 1804 1675 1985 1575 1484 1525 1477 1414 1360 1347 1319 1275 1252 1240 1228 1214 1138 1156 1158 1130 1108 1113 1093 1060 1035 1037 1046 1058 1046 1065 1092 1092 1098 1090 1111 1068  978 1022 1044 1010  987  987  977  959  970  970  962  965  958  963  974  958  956  952  949  951  951  951  951  940  928  908  946  945  946  946  943  942  936  936  935  928  920  913  898  882  883  886  854  818  882  882  871  869  868  861  857  852  851  851  848  852
   799 1002 1219 1507 1527 1905 1917 1510 1119 1340 1319 1157 1396  852 1171 1223 1421 1523 1190 1229 1127  997  874  608  883 1218 1014 1278 1330 1342 1434 1374 1211 1002  989  613  622  972  683  975 1137 1142  926  901  754  984  974 1035  885  447  392  397  608  841 1263  669 1105  883 1028 1201 1470 1362 1019  727  914  993 1347 1428 1112 1227 1232 1759 1984 1801 1976 1824 1534 1523 1554 1831 1373 1521 1353 1679 1539 1129 1596  666  534  534  576  587  656 1121 1639 1750 1775 1311 1215 1159 1082  909 1058 1579  961  912 1388 1641 1479 1368 1479 1684 1837 1673 1487 1500 1893 1570 1376 1435 1562 1310 1151 1362 1066 1358 1013 1062  975  884  852  731  822  852  898  986 1681 1884 1675 1601 1230 1832 1575 1902 2140 1972 1982 1864 1821 1936 1848 1593 1446 1537 1721 2152 2083 1817 1498 2265 1973 1547 1863 1981 1829 1845 1969 1660 1539 1521 1491 1481 1439 1387 1331 1338 1338 1303 1260 1228 1201 1134 1172 1172 1129 1102 1087 1065 1065 1055 1054 1073 1072 1065 1083 1111 1117 1117 1111 1141 1102 1005 1045 1097 1012  999  984  972  986  994  992  999  981  973  983  986  974  972  974  966  959  966  964  958  974  951  929  904  942  916  946  946  943  939  934  935  931  929  915  903  898  897  893  898  898  854  815  875  874  874  870  863  860  862  859  856  857
   742  974 1154 1275 1464 1673 1393 1251 1283 1279 1165 1096 1092 1217 1255 1262 1507 1167 1139 1158 1137 1067  913  671  939 1094 1581 1305 1523 1646 1411 1118 1279 1203  961  561  607  666  830 1218 1009 1210  852  862  979  973 1176  836  392  459  524  730 1072 1328 1018  670  828 1029 1214 1645 2009 1523  957  844  791 1038 1343 1222 1455 1570 1436 1190 1544 1616 1891 1693 1221 1428 1353 1371 1430 1660 1800 1592 1726 1749 1493  971  534  534  598  743  744  887 1971 1513 1687 1219 1371 1427 1605 1111  984  891  901 1464 1655 1632 1371 1534 1685 1756 1746 1708 1266 1607 1666 1462 1399 1311 1221 1169 1462 1208 1155 1218  983 1035 1070  878  852  758  822  852  886 1073 1766 2131 1524 1172 1783 1495 1256 1324 1681 1838 2365 2085 1775 1786 2133 1944 1394 1473 1730 1708 1910 1795 1893 1584 2167 1724 1526 2121 1667 2133 1704 1845 1617 1546 1485 1431 1403 1383 1340 1310 1309 1294 1280 1219 1187 1167 1173 1140 1099 1098 1095 1076 1076 1066 1067 1086 1100 1096 1127 1112 1120 1112 1086 1097 1065 1067 1066 1066 1038  998  981 1004 1007 1018 1023  998  994  999 1004 1001  989  982  977  974  977  974  974  974  969  962  959  943  946  952  911  934  942  942  937  936  930  933  923  914  900  907  902  898  897  895  890  815  816  820  824  882  878  871  868  867  860
   860  866  913 1198 1396 1468 1223 1142 1218 1266 1096 1205 1218 1181 1462 1645 1401 1177 1068 1246 1114  790  680  848 1099 1113 1467 1635 1485 1766 1559 1516 1161 1286 1012  757  636  608  912 1162  915 1012 1004  600  669  684  536  395  608  794  579  606 1150 1353 1017  669  911 1145 1591 2002 1842 1230  980  713  791  860 1165 1170 1465 1998 1578 1755 1679 1418 1924 1177 1114 1282 1431 1456 1600 1412 1209 1362 1537 1582 1305 1051  535  534  613  665  760 1438 1823 1586 1501 1568 1018 1285 1218  867 1054 1082  913 1333 1654 1337 1221 1591 1641 1723 1619 1500 1264 1746 1574 1535 1256 1243 1633 1668 1361 1092 1461 1462 1389 1101 1017  884  732  822  750  852  883  993 1618 1588 1749 1163 1563 1815 1523 1883 1455 2020 2283 1809 1643 1573 1749 1834 1556 1366 1452 1833 1646 2289 1835 1642 2363 1994 1528 1838 1999 2105 1982 1922 1964 1615 1495 1469 1443 1377 1340 1285 1272 1248 1228 1208 1178 1195 1180 1154 1146 1124 1113 1114 1085 1078 1074 1100 1108 1111 1128 1105 1099 1099 1096 1080 1064 1069 1061 1064 1046 1004 1001 1039 1062 1051 1043 1035 1035 1029 1021 1015  999  988  990 1001 1004  991  971  973  976  968  959  955  951  950  946  915  906  920  939  945  942  928  927  919  920  906  910  913  905  898  893  890  851  879  882  832  839  872  882  817  860
   911 1077  971 1149 1442 1327 1089 1038 1066 1096 1215 1400 1156 1204 1286 1421 1195 1056 1024  987  837  730  943  791  978 1168 1467 1495 1533 1523 1611 1367 1099  975  734  615  427  679  893 1004  852  734  747  536  548  410  517  730  949 1036  931  601 1078 1097  851  711 1143 1391 1546 1941 1287 1115  886  669  911 1187 1130 1406 1461 1885 1776 1624 1945 1775 1625 1270 1633 1649 1520 1677 1482 1578 1753 1675 1107  989 1195  618  534  535  556  634  729 1104 1411 1483 1827 1831 1386  923  931  910 1533 1749 1191  993 1526 1147 1359 1693 1451 1649 1702 1519 1290 1471 1676 1247 1523 1370 1634 1371 1288 1510 1762 1371 1711  963  916  868  755  837  852  852  907 1041 1218 1575 1931 1418 1530 1522 1675 2120 1631 1895 2262 2143 2130 2052 1779 1525 1661 1370 1374 1500 1787 2578 1999 1865 1844 1834 1656 1937 2122 2285 1828 2120 1749 1831 1500 1431 1425 1389 1364 1332 1297 1288 1295 1225 1187 1222 1178 1175 1128 1170 1154 1130 1113 1106 1091 1111 1114 1114 1099 1099 1099 1099 1109 1078 1078 1084 1060 1051 1046 1035 1048 1094 1089 1095 1088 1065 1060 1037 1029 1030 1028 1013 1019 1032 1015 1007  979  976  974  972  963  959  958  949  943  946  949  927  936  897  950  929  920  920  921  917  928  923  921  918  909  899  896  889  887  891  896  902  903  890  876
   870  916  829 1031 1084 1029 1160 1208 1197 1157 1330 1523 1510 1518 1365 1232 1441 1062  867  979  709  809  860 1037 1035 1222 1841 1517 1629 1218 1462 1522 1459 1098  797  849  503  486  691 1017  787  651  405  669  395  514 1049  547  876 1012  955  610 1037 1037  846  974 1012 1579 1496 1462 1503 1179  756  741 1046 1122 1322 1820 1994 1738 1562 1581 1913 1331 1061 1374 1773 1643 1845 1340 1635 1990 1740 1764 1610 1160 1299  905  547  538  610  627  706 1665 1282 1223 1483 1778  940 1014 1149 1081 1876 1675 1231 1211 1113 1125 1147 1225 1299 1527 1521 1545 1179 1526 1453 1278 1363 1560 1794 1425 1190 1536 1789 1523 1827 1558  947  925  758  767  840  819  852  852 1708 2046 1942 1418 1211 1792 1586 1849 2154 1560 1756 1981 1742 1624 1991 1438 1966 1523 1346 1645 1522 1736 1959 1974 1801 2320 1622 1566 1641 1861 2166 2314 2109 1688 1618 1447 1462 1428 1382 1341 1309 1274 1251 1218 1191 1207 1181 1164 1158 1175 1176 1153 1134 1126 1107 1114 1114 1102 1099 1099 1100 1109 1127 1107 1099 1094 1094 1067 1083 1068 1066 1102 1155 1134 1132 1129 1095 1080 1053 1029 1029 1029 1041 1035 1028 1019 1005  972  986  969  966  966  962  957  956  957  958  950  951  936  895  910  921  915  913  921  928  935  929  930  926  921  910  891  896  898  904  921  919  910  895
   687  844  748  762  889 1192 1172 1354 1366 1234 1403 1313 1267 1365 1340 1290 1325  986 1082  813  709 1089 1034 1035 1204 1491 1787 1532 1421 1105 1120 1094 1401  950 1040  900  607  421  559  791  730  488  532  517  782 1122 1047  700  804 1043  971  608  680  648  687 1028 1217 1752 1550 1490 1476  736  733  973  984 1159 1671 1888 1604 1284 1763 1279 1546 1387  962 1286 1578 1767 1420 1572 1845 1642 1580 1935 1660 1715 1519  877  544  538  545  608  700 1620 1488 1100 1602 1560  988 1203 1066 1660 1792 1442 1371 1218 1381 1401 1456 1214 1211 1368 1494 1371 1297 1180 1535 1279 1383 1471 1781 1514 1233 1664 1855 1783 1680 1607  913  944  843  756  852  822  847  909 1649 2036 1726 1492 1677 1394 1874 1808 1881 2022 1941 1913 1981 1675 1523 1501 1804 1508 1316 1532 2247 1979 2133 1678 2242 2133 2028 1808 2003 1687 2266 2089 2025 2085 1833 1587 1431 1401 1373 1343 1334 1234 1256 1246 1262 1202 1176 1173 1202 1210 1217 1198 1157 1127 1127 1122 1112 1099 1114 1109 1131 1140 1130 1111 1122 1131 1143 1098 1098 1076 1094 1127 1154 1185 1188 1159 1151 1136 1071 1064 1064 1030 1030 1024 1021 1014 1019 1004 1001  978  967  970  971  972  967  966  959  950  945  939  907  901  913  909  914  917  930  935  939  928  921  921  919  890  902  912  915  926  918  890  904
  1113 1052 1066  741  889 1119 1304 1755 1283 1155 1444 1481 1096 1096 1158 1144 1139 1036 1129  850  768  977 1208 1270 1227 1451 1855 1523 1694 1219 1187 1146  860  850 1287  856  682  392  666  760  627  464  766  974  992  969  791  670  791 1041  931  848  734  855 1019 1097 1357 1525 1440 1523  929  616  917  844  968 1528 1335 1600 1398 1418 1229 1563 1341 1194 1175 1338 1258 1405 1452 1819 1446 1340 1279 1265 1098 1203 1059 1459 1011  540  540  544  653  778 1485  986 1229 1366  829 1154  822 1350 1709 1429 1515 1343 2084 1650 1851 1652 1266 1172 1398 1291 1550 1077 1212 1077 1213 1420 1728 1572 1459 1525 1681 1849 1365 1127  999  892  761  789  838  806  842  895 1397 1949 1868 1987 1475 1218 1944 1876 1802 2120 1715 1808 1850 1919 1828 1354 1366 1373 1364 1536 2286 1979 2117 1869 1549 1649 1672 2132 2122 1722 2298 2229 1980 1728 1592 1524 1460 1406 1401 1394 1331 1256 1314 1264 1241 1199 1206 1215 1248 1248 1217 1187 1159 1150 1140 1128 1111 1099 1138 1141 1150 1156 1134 1142 1156 1206 1172 1126 1096 1083 1096 1130 1183 1212 1240 1227 1192 1165 1140 1112 1120 1098 1057 1050 1045 1022 1010 1005  996  994  969  968  982  992  974  965  959  954  947  939  892  913  912  909  889  907  913  919  936  928  924  925  917  882  895  913  921  882  903  918  920
   974 1274 1154  929  791  915 1290 1262 1229 1219 1432 1438 1157  974  974  994  966 1073 1120  805  862 1043 1272 1298 1463 1659 2131 1547 1607 1751 1292 1260 1162 1435 1242  936  552  395  806  474  543  780  608  877  953 1063  973  767  998 1152  983  791  641  954  977 1022 1320 1439 1372  960  794  696 1096 1338  791 1014 1054  956 1006 1706 1596 1560 1281  907  898 1386 1717 1448 1660 1646 1512 1558 1782 1382 1472 1949 1216 1311 1585  788  538  539  545  730  937  913  852  891 1190  822  822 1275 1655 1471 1827 1464 2074 2016 1891 1546 1401 1279 1501 1157 1679 1237 1022 1255 1401 1661 1670 1486 1546 1748 1959 1653 1426 1114  952  854  792  740  792  822  838  883 1675 2132 2026 1749 1773 1223 1682 2035 2095 1543 2096 1802 1708 1838 1672 1577 1325 1291 1350 1580 1437 1504 1424 1536 1522 1852 1742 1766 2437 1968 2285 2030 2424 2397 1822 1676 1456 1430 1415 1394 1283 1361 1306 1286 1241 1219 1254 1247 1274 1248 1208 1195 1198 1157 1149 1163 1117 1127 1154 1147 1156 1181 1144 1167 1207 1246 1190 1153 1129 1120 1101 1150 1192 1278 1285 1284 1286 1220 1185 1187 1213 1140 1109 1092 1063 1045 1044 1017  983  973  979  973 1002 1011  994  976  958  951  948  941  943  937  910  876  898  918  909  889  921  908  913  923  925  882  882  882  892  918  928  919  914
  1247 1249 1153 1033  930  874  993 1205 1125 1226 1350 1323 1193 1134 1069  877  909  844  734  723  857  937 1194 1232 1438 1639 1944 1772 1535 1384 1143 1024 1148 1220 1027  939  590  524  809  404  519  730  608  883  730 1096  875  852  984 1157 1023  982  669  917 1022 1015 1390 1356 1006  968  608  900 1276 1300  935 1200  974 1478 1400 1861 1742 1523 1300  913  930  941 1584 1342 1487 1585 1781 1672 1224 1663 1861 1343 1752 1783 1204  972  842  538  542  657  880 1051 1391 1153 1496  812  925 1271 1643 1497 1950 1649 2069 1712 1373 1286 1242 1404 1537 1147 1645 1478 1279  985 1186 1754 1535 1717 1701 1926 2047 1727 1348 1483 1043  931  818  761  711  811  857  852 1417 1847 2063 1702 1678 1799 1363 1816 1794 1988 1956 1856 1582 1763 1566 1340 1304 1283 1375 1314 1372 2228 1760 1923 1844 2137 2143 1878 2132 1842 1967 1648 1760 2052 2369 1894 1734 1596 1340 1322 1292 1400 1340 1295 1277 1248 1277 1295 1285 1256 1248 1234 1250 1207 1162 1158 1126 1130 1156 1156 1168 1190 1154 1188 1247 1299 1250 1217 1166 1147 1125 1176 1236 1281 1279 1269 1284 1286 1285 1256 1279 1273 1167 1178 1094 1062 1050 1035 1022 1009 1004 1006 1005 1012 1004  985  972  952  951  944  941  936  930  925  920  917  921  921  913  933  943  937  933  928  916  913  899  913  924  925  921
  1355 1343 1227 1351 1034  811  886 1096 1214 1157 1285 1280 1295 1251 1102 1027 1052  721  968  914 1002  998 1157 1341 1590 1783 1843 1768 1878 1884 1450 1389  883  755  670  654  608  500  883  605  425  605  608  784 1035 1262 1176 1155 1116 1643 1324  967  973  937 1150 1196 1177 1019  905  731  790 1306 1314 1038 1188 1851 1706 1339 1774 1718 1529 1216 1392 1229  995  905 1008 1138 1500 1316 1696 1566 1429 1706 1857 1769 2182 1511 1785 1780 1242  548  539  608  968 1037 1592 1522 1682  903  997 1767 1732 1685 1841 1950 1927 1645 1628 1632 1167 1541 1507 1189 1426 1339 1096  985 1118 1608 1218 1582 1386 1706 2044 1658 1464 1386 1129  945  822  756  776  822  822  913 1310 1911 2142 1828 1783 1980 1526 1513 1562 1985 2023 2282 1938 1807 1685 1514 1296 1279 1318 1446 1683 2112 2129 1847 1980 1662 2057 1983 2067 1869 1995 1817 1508 1727 2014 1886 1508 1366 1322 1272 1320 1340 1332 1305 1250 1278 1309 1364 1279 1290 1254 1248 1300 1260 1192 1147 1143 1156 1124 1167 1175 1187 1171 1240 1261 1284 1246 1261 1241 1192 1183 1166 1190 1235 1279 1255 1266 1279 1255 1252 1272 1263 1281 1242 1140 1106 1066 1050 1035 1026 1012 1013 1007  978  995  982  963  956  958  952  942  939  936  932  924  921  922  923  927  933  951  948  943  936  928  927  921  921  926  928  926
  1560 1483 1347 1344 1160  912  803  911 1029 1152 1204 1254 1332 1095 1022 1076  966  685 1090  916 1216 1142 1166 1311 1839 1815 1581 1645 1340 1193 1088  950  855  971 1279 1038  602  510  436  486  405  790  608  922 1098 1203 1278 1271 1424 1374 1101  738  909 1347 1183 1439 1144  920  823  810  625 1290 1347  853 1263 1522 1623 1820 1796 1472 1394 1338 1034 1116  834  761  852 1123 1076 1495 1316 1631 1340 2014 1571 2132 1649 2084 1962 1727 1658  546  543  619  741 1090 1393 1592 1667  843 1159 1706 1527 1759 1870 1625 1959 2132 1909 1645 1072 1447 1371 1322 1130 1005  977  977 1009 1009 1025 1166 1582 2030 2123 1658 1399 1096 1101  921  860  747  751  787  838  852 1237 1261 1675 2092 1988 1981 1919 1392 1825 2031 1677 2050 1874 1837 1466 1377 1304 1273 1279 1446 1673 1924 2285 2099 1762 1912 1493 1523 2078 1946 2145 2280 2558 1825 1560 1657 1475 1343 1275 1302 1335 1346 1339 1316 1340 1312 1305 1309 1309 1347 1339 1283 1284 1213 1173 1202 1171 1167 1162 1155 1179 1192 1175 1226 1273 1298 1250 1270 1319 1279 1259 1233 1209 1217 1223 1242 1278 1265 1220 1245 1221 1248 1248 1263 1244 1158 1118 1077 1052 1036 1029 1019 1013 1002  948  972  969  966  944  939  939  934  937  936  927  922  922  934  937  931  939  955  950  951  933  936  934  928  937  931  921
  1256 1417 1216 1098 1025 1218  974  849 1025 1179 1035 1339 1463 1237 1092  913  823  974 1094  909 1225 1096 1222 1306 1791 1775 1279 1266 1368 1584 1481 1194 1338 1401 1134  883  515  392  392  459  818  794  578  982  864 1123 1450 1238 1163  852  791  870  852 1337 1159 1089 1057  954  704  622  788  984  913 1253 1412 1274 1301 1494 1711 1466 1215 1136 1258 1255 1513  928  795  937 1157  933 1314 1744 1546 2071 1531 2132 2033 1913 1539 1638 1599  547  542  610  694  998 1088 1496 1721  904  915 1460 1514 1746 1812 1623 1750 1671 1857 1760 1299 1029 1456 1183 1461 1108  946 1412 1065 1592 1303 1056 1124 1167 1770 1526 1473 1404 1112  979  855  764  764  791  815  850 1155 1884 1904 2002 1811 1828 1715 1556 1571 2133 1890 1827 1687 1676 1463 1335 1294 1279 1273 1387 1524 1643 2022 1451 1481 1495 2026 1640 1760 1995 2285 1980 2275 2163 1888 1634 1341 1325 1278 1334 1425 1392 1343 1369 1346 1335 1329 1327 1340 1314 1266 1250 1250 1234 1288 1290 1198 1185 1160 1171 1179 1186 1215 1237 1278 1331 1311 1341 1340 1279 1261 1248 1245 1244 1199 1207 1218 1267 1258 1215 1213 1232 1218 1252 1248 1246 1174 1122 1070 1062 1036 1033 1020 1001  978  969  972  966  939  928  936  936  933  936  928  924  928  929  959  951  943  959  957  955  950  943  933  939  930  929  925
  1158 1522 1321 1340 1315 1342 1157  878  816  806 1012 1340 1427 1135 1021  980  696  975 1227 1161 1035 1277 1312 1477 1667 1600 1335 1449 1019 1169 1411 1455  974 1079 1421 1091  600  392  644  759  731  818  655  835 1047 1404 1437 1223  847  966 1007 1083 1036 1089 1476 1188 1035  930  768  613  734 1141 1445 1431 1597 1668 1336 1402 1676 1574 1161 1486 1584 1372 1523 1421  752  915  795 1511 1704 1765 1767 1734 1596 1732 1473 1814 1701 1369 1467  603  541  610  728  888 1076 1466 1521  791 1261 1331 1372 1652 1649 1870 1422 1344 1429 1711 1468  997 1219 1461 1459  918  946 1260 1095 1503 1485 1112 1401 1485 1222 1758 1645 1221 1107  974  852  764  791  791  791  851 1048 1767 1826 2249 2064 2069 1482 1909 1459 1797 1717 1537 1523 1452 1879 1695 1339 1233 1249 1370 1478 1395 1318 2055 2432 1649 2332 1887 1804 1786 2408 2140 1649 1582 1680 1963 1324 1289 1312 1447 1519 1486 1370 1373 1395 1352 1351 1370 1316 1309 1347 1309 1292 1314 1321 1267 1202 1180 1168 1165 1177 1206 1217 1255 1310 1340 1342 1325 1279 1267 1274 1278 1270 1251 1248 1175 1203 1190 1217 1218 1201 1192 1217 1254 1242 1243 1222 1218 1101 1084 1067 1040 1015 1007  986  970  948  969  953  950  935  945  933  931  928  928  927  936  952  974  959  978  968  962  952  949  943  943  939  943  930
  1219 1452 1340 1548 1706 1453 1103  913  852  882  730 1052 1313 1096  978 1096  909 1216 1157 1062 1304 1351 1331 1496 1812 1710 1476 1479 1529  911  969 1218  973  949 1078  810  392  392  767  913  759  890  574  791  945 1256 1288  974 1098 1035 1361 1368 1201 1020 1205 1137 1098  990  770  621  766  913 1512 1767 1888 1563 1398 1545 1462 1178  987 1281 1502 1571 1232 1064  816  761 1135 1568 1625 1583 1766 1896 2019 1879 1530 1379 1172 1051 1370  595  544  669  677  902  960 1305 1401  791  931 1162 1158 1676 1714 1436 1825 1620 1190 1392 1378 1074  946 1257 1096  918 1018 1462 1157 1648 1973 1325 1175 1645 1869 1888 1556 1644 1439  913  764  764  792  852  840  852  920 1862 2066 2156 1741 1523 1767 2194 1934 1522 2072 2099 1772 1645 2113 1761 1374 1224 1247 1360 1558 1278 1672 1901 2244 2091 2233 1781 2136 1733 1902 1810 1971 1856 1980 1389 1276 1382 1511 1573 1550 1513 1357 1584 1467 1427 1401 1381 1370 1374 1394 1402 1354 1321 1283 1268 1241 1190 1170 1194 1185 1216 1236 1266 1304 1348 1357 1337 1314 1286 1278 1283 1278 1266 1248 1226 1186 1196 1187 1172 1187 1178 1175 1221 1199 1212 1206 1194 1160 1133 1078 1045 1030 1020 1017  999  975  965  974  954  948  943  943  935  926  922  922  921  928  974  987  987  980  967  952  951  946  951  945  935  929
  1481 1392 1343 1293 1471 1235 1117  955 1363 1304 1216  730 1089 1157 1018  969  707  850  983 1132 1179 1227 1400 1801 1603 1402 1238 1469 1461 1038  799  731  681  652  648  538  454  486  492  576  669  879  517  599 1273 1098  975  735  817 1000 1149 1316 1386 1185 1261 1160 1043 1001  751  628  767  955 1464 1716 1574 1581 1666 1217 1471 1324  974 1195 1287 1428 1584  955  791  742  890  914 1266 1606 1797 1635 1729 1786 1778 1760 1714 1677 1124  541  543  671  700  882  917  915  860  800  892 1180 1215 1691 1574 1442 1656 1603 1308 1118 1209 1202  918 1125 1166  898 1055 1169 1221 1556 1639 1536 1493 1341 1890 1670 1767 1602 1288  852  764  771  816  791  805  852  932 1288 1995 1943 1693 1995 2022 1707 1645 1931 2103 1828 1873 1848 1847 1889 1443 1279 1218 1279 1218 1462 1570 1855 2491 2162 2469 1830 1964 2294 1931 1709 2279 2028 2024 1365 1817 2200 1829 1719 1732 1554 1362 1709 1717 1468 1414 1392 1400 1394 1370 1392 1410 1372 1309 1312 1294 1178 1206 1218 1216 1220 1248 1270 1330 1370 1373 1357 1279 1282 1278 1285 1280 1220 1196 1194 1152 1187 1198 1166 1137 1159 1137 1150 1158 1161 1174 1157 1128 1149 1101 1067 1051 1055 1021 1019 1012  971  952  943  953  951  951  943  934  936  928  920  928  952  986  997  973  958  955  957  947  951  947  943  936
  1462 1617 1288 1343 1280 1193 1025 1140 1261 1400 1157  730 1218 1095 1156  985  903 1035 1159 1198 1311 1542 1439 1356 1828 1567 1149 1035 1028  849 1236  992 1119  964  632  428  393  461  502  486  560  706  703  577  779  850  729  726  734  942 1198 1095 1523 1277 1173  989 1005  974  915  640  747  816 1515 1213 1257 1281 1636 1191 1066 1288 1092  913 1060  974 1283 1167  859  742 1126 1457 1548 1977 2073 1829 1851 1648 1715 1849 1988 1755 1389  542  546  669  677  876  944 1140 1126  731  933 1204 1763 1858 1463 1340 1077  851  866  866  874  874  886  886  886  981 1095 1285 1645 1765 1878 1554 1767 1650 1827 1694 1340 1157  974  764  764  938  862  857  791  840  913 1142 1278 1817 1906 2110 1523 2023 1310 1960 1856 1789 1854 1757 1462 1953 1462 1279 1218 1218 1279 1398 1364 1298 1340 1351 2133 1721 1462 1810 2039 1866 1767 1906 1780 1383 1887 2039 2147 2414 1827 1642 1366 1649 1605 1548 1453 1444 1423 1370 1358 1359 1340 1370 1427 1313 1309 1189 1223 1230 1236 1231 1260 1289 1378 1387 1362 1288 1257 1249 1281 1252 1229 1192 1200 1211 1210 1208 1172 1157 1111 1096 1126 1108 1111 1085 1126 1115 1091 1102 1073 1070 1075 1065 1073 1045 1032 1017  978  943  950  951  950  943  943  929  924  919  931  943  959  981  986  974  974  972  948  944  942  942  933
  1302 1273 1279 1096 1064 1070 1019 1091 1279 1521 1326 1033  669  987 1085  778  798  913 1204 1202 1364 1629 1310 1282 1550 1677 1448 1450 1401 1211 1218 1343  869  659  449  392  725  608  750  556  559  486  727  621  731  617  826 1271 1027  984  913 1010 1096 1098  966 1095 1185 1224  771  902  615  791  912 1083 1062 1354 1354 1178 1106 1001 1010 1114 1090 1044 1207 1069  742  756 1135 1274 1546 1944 1767 1722 1402 1268 1218 1298 1670 1395  915  541  545  669  670  776  970 1336  937  759  792 1066 1808 1766 1557 1370  851 1002 1472 1470 1275 1404 1210 1051  934 1035 1310 1640 1767 1584 2008 1875 1818 1584 1401 1374 1705 1403  764  764  872 1096 1218  969  858  851  914 1033 1288 1411 1801 1736 1462 1210 1462 1682 1756 2084 1706 1819 1645 1325 1282 1279 1235 1218 1379 1273 1274 1668 1805 1719 1830 1553 2183 2081 2439 1803 2051 1623 1793 1325 1899 2419 2237 1730 1531 1668 1371 1655 1646 1593 1479 1431 1401 1388 1382 1370 1340 1336 1372 1286 1248 1243 1246 1257 1248 1254 1267 1311 1397 1326 1299 1255 1262 1227 1219 1229 1226 1272 1236 1242 1248 1235 1190 1126 1158 1134 1124 1126 1093 1110 1110 1101 1096 1069 1066 1053 1049 1043 1061 1093 1095 1027  989  975  937  952  953  943  939  933  928  922  921  927  952  976 1003 1005 1004  959  943  955  935  931  928
  1021 1422 1182 1086 1084 1272 1330 1203 1376 1282 1217 1099 1035  670  738  612 1012 1095  978 1192 1279 1738 1226 1303 1642 1455 1513 1145 1026 1061 1089 1055  854  546  392  439  922 1053 1379  807  634  532  577  608  677  852  973 1393 1223 1033 1191 1179 1289 1149  973 1157 1340 1382 1258  669  622 1034  944 1141 1035 1105 1101 1093 1080 1247 1148 1062 1373  823 1008  905  742  742 1171 1421 1582 1579 1713 1928 1767 1698 1527 1506 1100 1036  697  543  546  669  674  703  703 1073  712  791  913  860 1662 1523 1776 1455  823 1234 1662 1629 1400 1503 1425 1187  993 1083 1218 1521 1731 1634 1781 1647 1672 1703 1688 1677 1081  764  764  852  913  959 1051  950  919  847  911  974  972 1156 1460 2009 1139 1461 1523 1822 1797 1767 1767 1665 1584 1848 1695 1279 1218 1174 1175 1447 1574 1660 2123 2178 2437 2072 2331 2411 1574 2488 2050 2159 2290 1340 1828 2133 2307 1763 1805 1742 1395 1659 1582 1525 1454 1496 1422 1401 1375 1370 1340 1363 1279 1248 1276 1269 1260 1255 1246 1266 1278 1375 1348 1285 1281 1307 1313 1309 1289 1259 1247 1242 1257 1262 1247 1209 1187 1157 1170 1176 1156 1116 1126 1126 1120 1118 1115 1086 1087 1080 1055 1048 1035 1056 1065 1050 1013  988  976  950  959  957  949  940  931  929  938  928  940  974  962  965  964  947  934  927  914  921  905
  1025 1003 1254 1108 1133 1353 1503 1206 1198 1079 1071  976  920  983  969  608  934 1095 1102 1110 1420 1584 1274 1215 1157 1523 1335 1223 1078  806  784  845  644  402  392  913  856 1376 1204 1188  876  486  486  570  669  735  852 1045 1062 1096 1108 1157 1101 1111 1143 1219 1281 1401  875  952  611  960  791  971  971 1015 1195 1462 1236 1252 1033  961  862  876  791  946  742  852 1236 1617 1886 1904 1896 1751 1785 1477 1219 1157 1233 1270  625  545  545  670  549  671  679  683  678  773  791  928 1106 1715 1414 1158 1137  823 1424 1319 1398 1505 1690 1310 1040 1171 1551 1745 1389 1543 1462 1577 1524 1450 1525 1561  764  764 1117 1391 1221 1165 1081 1243 1006  967  852  908  959 1085 1855 1068 1416 1861 1838 1767 1845 2072 1981 2043 1989 1588 1568 1347 1267 1175 1211 1488 1418 1523 2118 2467 2239 2559 2122 1279 2156 2380 1584 1660 1500 1340 2102 1858 2672 1995 1884 1553 1401 1654 1593 1559 1561 1511 1499 1401 1408 1370 1340 1306 1298 1305 1278 1308 1279 1248 1265 1295 1309 1311 1289 1261 1330 1309 1309 1301 1284 1278 1277 1273 1256 1248 1222 1187 1171 1163 1168 1140 1124 1127 1136 1149 1162 1144 1150 1136 1133 1109 1095 1051 1040 1035 1048 1043 1020 1004  993  989  939  966  962  953  937  928  949  962  962  975  950  944  943  921  921  890  905  895  912
   876 1082 1220 1395 1426 1592 1234 1340 1090 1096  964  791 1112 1032  852  697  890 1007 1158 1237 1359 1563 1375 1031  908 1193 1289 1253  752  820  702  974  467  392  546  927 1134 1443 1153  890 1011  628  486  608  733  700  791  853  859 1071 1017 1216 1108  976 1155 1225 1157 1179  935 1015  612  974  802  852 1067 1104 1319 1159 1019  938  913  855  822  874  791  742  743  821 1062 1209 1606 1543 2145 1497 1783 1767 1574 1485 1401  873  681  547  545  562  545  566  546  629  766  579  761  791  860 1759 1535 1345 1595  811 1064 1171 1223 1462 1635 1108 1272 1267 1657 1747 1517 1050 1434 1110 1402 1357 1511 1079  764 1628 1468 1588 1459 1124 1176 1234 1197  981  913  852  896 1096 1279  997 1919 1766 1950 1776 1823 2006 1556 1317 1807 1663 1584 1171 1159 1157 1162 1262 1358 1445 1675 2204 1968 1575 1254 1371 1523 2434 2437 2177 1840 1397 1799 2586 2001 2133 1828 1462 1759 1759 1855 1849 1620 1644 1584 1433 1401 1394 1340 1324 1431 1354 1341 1309 1279 1279 1330 1341 1371 1308 1270 1323 1376 1334 1329 1310 1296 1302 1306 1263 1257 1238 1205 1191 1179 1173 1147 1162 1155 1166 1174 1183 1211 1236 1263 1188 1141 1096 1065 1065 1065 1040 1034 1014 1020  980  974  974  943  944  946  963  944  943  943  941  946  937  934  915  917  921  913  882  890  882  882
   809  899 1149 1328 1799 1477 1418 1121 1070  960  922 1082 1036  974  908  608 1083 1125 1248 1259 1500 1514 1620 1590 1267  857  896 1286  821  740  608  853  392  513  662  793 1124 1464  926  759  722  571  514  695  728  676  736  830  887  851  975  913 1096 1063 1122 1361 1180 1050  852  914  625  791  731  974 1034 1324 1556 1340 1186 1165  911 1157  822 1151  907  742  782 1004 1407 1335 1766 1705 1866 1590 2109 1585 1763 1535 1192  732  666  657  547  699  699  660  613  760 1065  552  730  783 1073 1404 1836 1482 1338  811 1135 1347 1780 1568 1878 1187 1452 1218 1411 1771 1450 1422  938  906  882  835 1406 1187  764  847 1417 1605 1393 1142 1397 1400 1240 1052  913  894  898  911  973 1512 2072 1649 2056 2023 1810 1605 1401 1952 1262 1230 1191 1452 1286 1197 1157 1230 1299 1315 1548 1523 1706 1285 2133 2620 2152 1934 1602 1401 1390 1805 2631 1703 1635 1507 1463 1632 1931 1965 2216 1884 1688 1706 1584 1511 1397 1370 1340 1461 1400 1341 1309 1325 1325 1342 1394 1356 1323 1282 1328 1396 1369 1366 1339 1323 1319 1313 1294 1247 1261 1206 1200 1198 1187 1189 1187 1186 1203 1214 1210 1245 1254 1278 1246 1187 1126 1098 1079 1074 1072 1060 1040 1028 1009 1017 1004  989  974  951  959  913  943  931  917  911  912  909  913  913  915  885  882  912  923  928  920
   958  855  995 1280 1584 1219 1199  994  929 1096 1172 1336 1096 1021  635 1016  985 1088 1246 1157 1448 1553 1396 1369  979 1264  948 1160  952  847  651  480  392  547  881  931 1041 1062  851  852  661  652  486  615  638  716  711  730  774  791  854 1073 1263 1379 1249 1240 1522 1160  853  736  729  620  731  926 1258 1216 1396 1123 1331 1278 1096  852  800  774  870  742  742 1155 1338 1615 1737 1796 1519 1399 1867 1570 1473 1345 1052 1103  670  608  616  700  699  701  718 1118 1192  926  547  770 1004  912 1369 1388 1470  799 1129 1340 1811 1683 1625 1254 1327 1179 1522 1681 1521 1510 1226 1558 1487 1404  819  764  764 1473  974 1425 1528 1282 1275 1326 1265 1087  935  913  906 1017 1223 1332 1806 1997 1962 1706 1821 1812 1616 2196 2092 1608 1687 1334 1279 1218 1157 1150 1218 1310 1381 1619 1224 1782 2224 1966 1890 1967 1923 2244 1417 1806 2498 1777 1650 1975 1536 2194 2419 2147 1874 1796 1689 1523 1521 1471 1356 1340 1369 1473 1401 1386 1340 1350 1440 1401 1401 1339 1338 1341 1358 1408 1400 1401 1340 1339 1320 1275 1248 1225 1218 1219 1206 1199 1189 1204 1211 1217 1241 1236 1240 1247 1303 1248 1217 1183 1125 1094 1072 1095 1061 1048 1035 1033 1019 1031 1035 1026  982 1003  964  953  944  913  940  943  913  918  922  933  919  915  913  935  933  932  928
   987  869 1006 1205 1244 1255  950  790  907 1030 1170 1096  967  869  853  809  982  969 1080 1145 1342 1582 1298 1340 1069 1031  967  730  966  737  726  547  392  564  674  829  975 1035  847  706  609  609  499  584  910  608  624  684  730  814 1035 1073 1213 1585 1473 1235 1095 1074  860  997  731  628  706  919 1279 1328 1767 1043 1002 1165  913  893  791  755  743  742  742 1084 1138 1506 1590 1889 1364 1204 1767 1361 1344 1180 1119  669  608  669  672  698  771  872 1141 1607 1619 1159  648  723  761  931 1315 1307 1015  799  847  906 1037 1332 1348 1234 1183 1577 1464 1566 1375 1392 1361 1709 1413 1650 1523  764  764 1621 1552 1285 1604 1786 1459 1247 1315 1108  974  917  913  974 1113 1571 1689 1645 1991 1885 1757 2012 1777 2019 2082 1828 1645 1533 1279 1214 1151 1137 1178 1279 1457 1167 1521 1829 1876 1411 1673 2194 2064 1732 1503 2286 1870 1531 2074 2276 1523 2320 2295 2469 2095 2133 1901 1581 1462 1389 1341 1490 1598 1553 1523 1464 1401 1462 1419 1386 1340 1372 1371 1347 1413 1432 1345 1308 1340 1279 1249 1248 1245 1218 1233 1218 1211 1201 1218 1227 1219 1234 1278 1280 1294 1247 1218 1219 1169 1135 1123 1097 1094 1068 1050 1037 1053 1043 1045 1054 1050 1012 1008 1015  986  984  985  972 1035  978  959  964  938  920  949  945  933  955  978  965  963
  1035  992  955 1193  975 1092  954  768  686  912 1162 1073 1067  729  547  907 1157 1204 1014 1065 1226 1463 1226 1230 1583 1536 1223  925  648  819  730  596  392  546  906  791 1067  987  790  761  674  745  486  608  706  801  794  669  684  765  863 1088 1236 1508 1329 1308  976  953  974  832 1006 1042  625  884 1035 1138 1535 1401  985 1005  895  852  852  744  742  742  742 1245 1223 1390 1898 1507 1342  913 1553 1160 1005 1101  704  791  618  649  878 1036 1463 1715 1809 1557 1707 1275 1063  667  730 1006 1118 1197  775 1025 1628 1259  957 1276 1372 1337 1187 1615 1353 1407 1401 1513 1283 1565 1739 1592 1237  764  764 1643 1813 1512 1618 1647 1460 1364 1322 1117 1035 1048  913  962 1031 1728 1882 1889 1600 1800 1831 1665 2255 1852 1706 1462 1736 1564 1456 1216 1157 1096 1164 1289 1151 1382 1340 1340 1340 1614 2615 2235 1584 1854 1961 1887 2133 1818 2029 1967 1544 2279 2440 2159 2020 2287 1767 1603 1555 1384 1535 1553 1584 1596 1534 1488 1468 1401 1371 1371 1371 1370 1407 1375 1425 1366 1333 1340 1283 1268 1248 1249 1248 1249 1218 1218 1188 1248 1272 1281 1278 1305 1334 1310 1296 1243 1236 1168 1156 1127 1124 1108 1088 1075 1058 1049 1065 1068 1065 1058 1031 1011 1035 1012  989 1009 1004 1035 1036 1036 1017  974  943  997  989  974  993  998 1002  998  986
  1023 1009 1149 1045  855  798  791  669  718  955 1157 1021  978  823  547  979 1033 1122 1057 1157 1338 1327 1168 1112 1096  869 1187  791  798  614  928  553  392  543  916  823 1080 1083  882  844  608  791  692  528  725  920 1034 1127  842  730 1000 1125 1222 1637 1949 1336 1157  959  973  791  734  670  668 1004 1154 1035 1210 1377  868  927 1009 1068  791  791  749  742  765 1165 1594 1388 1909 1949 1333  791 1357 1489 1324  846  669  669  634  747  852 1164 1706 1615 1229 1538 1395 1085  829  542  700  825  791  748  848 1222 1271 1653 1347 1048 1275 1291 1163 1514 1268 1374 1340 1606 1499 1610 1603 1196  764  764  974 1589 1877 1625 1891 1579 1360 1416 1412 1231 1096 1035  974  974  997 1548 1914 1525 1620 1583 1955 1950 1858 1584 1949 1828 1941 1614 1828 1318 1182 1096 1104 1128 1521 1338 1522 1584 1851 2072 2097 1573 2156 1858 1889 2071 1865 1723 2236 1584 1982 1856 1938 2163 1706 1658 1767 1749 1610 1384 1467 1533 1529 1553 1523 1523 1462 1440 1450 1461 1488 1429 1401 1365 1340 1371 1333 1279 1279 1288 1256 1275 1279 1271 1244 1241 1236 1248 1276 1279 1278 1287 1279 1276 1252 1242 1209 1157 1127 1188 1157 1110 1126 1095 1101 1081 1090 1096 1075 1065 1032 1035 1034 1004 1024 1054 1046 1096 1127 1077 1052 1041 1007 1017 1012 1007 1037 1067 1028 1026 1020
  1218  861 1108 1065  974  682  608  610  927  970  954  974  896  773  579  979 1023  851  859 1044 1323 1505 1584 1254 1202 1439  852  715  658  608  786  605  392  575  791  852 1223  974  901 1116  654  547  669  544  767  913 1331 1120  937  825  927 1062 1228 1428 2002 1412 1132  917  852  732  620  627  761 1393 1222 1291 1396 1073  896  974 1157 1048  903  791  742  742  761  961 1216 1171 1649 1587 1101  919 1177 1386 1134  859  669  650  734  825 1098 1339 1471 1218 1499 1471 1182  922 1079  877  542  550  799  720 1001 1691 1791 1795 1463 1341 1135 1333 1080 1358 1268 1659 1340 1460 1571 1621 1437 1094  764  764 1753 1480 1792 1870 1819 1555 1477 1547 1593 1336 1181 1090  974  962  974 1055 1756 1431 1988 1985 1643 1916 1657 1847 1934 1584 1462 1546 1584 1415 1181 1128 1103 1195 1378 1309 1286 1302 1700 1706 1450 1523 2376 1462 1584 1944 1646 1851 2194 1832 1714 2571 2329 2001 1685 1656 1550 1495 1584 1388 1461 1529 1568 1645 1578 1523 1523 1523 1523 1477 1462 1422 1370 1341 1358 1313 1302 1293 1280 1309 1271 1308 1307 1310 1373 1277 1282 1279 1262 1248 1248 1279 1279 1279 1248 1228 1187 1170 1159 1157 1149 1131 1157 1145 1096 1094 1116 1096 1066 1065 1041 1010 1025 1088 1077 1092 1113 1121 1201 1158 1151 1069 1065 1065 1025 1094 1100 1066 1060 1065 1046
   843  838  848  849  731  609  608  790  899  824  956 1034  888 1037 1081  744  959  848 1278 1187 1306 1461 1287 1159 1150  916 1005 1080  752  608  595  602  392  538  791  902  979 1217 1098 1154  677  557  509  518 1144 1382 1037  871  791 1044  913 1092 1163 1222 1596 1367 1201  978  763  744  627  629 1056 1200 1202 1560 1439 1293  923  985  790  973  791  907  911  742  845 1341 1799 1645 1727 1340 1247  827 1005 1382 1110  717  643  653  978  965 1088 1359 1578 1294 1759 1704 1049 1223 1549 1012  817  550  629  942  950 1267 1645 1669 1401 1586 1163 1445 1418  981 1318 1464 1463 1392 1515 1827 1523 1252  764  764 1482 1757 1816 1785 1565 1604 1583 1498 1346 1251 1218 1098  989 1046  996  999 1126 1218 1857 1853 1222 1843 1523 1828 2027 2164 1912 2194 1714 1806 1340 1157 1096 1153 1287 1292 1497 1496 1195 1218 1279 1908 2242 1887 1523 1935 1888 1585 2279 1929 1584 1731 1516 1462 1462 1624 1723 1647 1523 1365 1446 1651 1694 1620 1583 1548 1462 1433 1430 1402 1371 1371 1352 1337 1331 1319 1331 1322 1309 1337 1279 1279 1277 1308 1310 1279 1278 1281 1264 1246 1218 1248 1248 1248 1249 1218 1187 1187 1218 1176 1168 1157 1192 1150 1136 1103 1035 1035 1039 1065 1033 1031 1032 1096 1119 1113 1137 1226 1344 1389 1202 1172 1129 1083 1078 1094 1099 1066 1083 1065 1096
   761  675  791  806  784  609  608  686  837  814  887 1074  977 1035 1032  615  629  977 1194 1083 1383 1547 1329 1035  791  805  793  879  747  608  547  468  392  626  730  730 1080 1017 1055 1580 1083  598  517  557  956 1007  914  669  742  840 1009  913  974 1157 1645 1313 1316 1002  731  705  627  640  913  974 1263 1569 1401 1061  869  862  831  913  791  742  911  752  895 1115 1219 1765 1639 1293 1170  804  770 1098 1000  675  697 1096 1279 1202 1308 1582 1638 1317 1797 1316 1194 1764 1450  880  778  562  887 1166 1022 1138 1292 1723 1849 1400 1234 1459 1226  942 1339 1339 1568 1436 1499 1510 1649 1633 1539  764  764 1667 1519 1623 1677 1724 1641 1470 1523 1337 1102 1077 1009 1090 1279 1035 1035 1096 1994 1767 1645 1183 1485 2072 1628 1470 1713 2034 1967 1576 1552 1363 1096 1096 1218 1108 1139 1179 1452 1527 1807 2241 1915 1604 1681 1218 1478 1678 2045 2052 2181 1523 1462 1741 1870 1819 1693 1703 1664 1364 1506 1760 1650 1584 1584 1501 1462 1462 1476 1474 1403 1371 1383 1370 1350 1362 1370 1360 1401 1343 1346 1248 1270 1284 1278 1279 1257 1247 1265 1229 1218 1218 1218 1248 1218 1218 1218 1215 1218 1218 1220 1188 1187 1187 1157 1094 1048 1035 1035 1035 1030 1033 1035 1120 1150 1157 1200 1310 1624 1523 1324 1218 1157 1101 1096 1144 1109 1093 1102 1098 1157
   780  730  657  827  814  608  608  732  791  778  844  974 1035  974  913  547  960  971  866 1178 1220 1340 1116  916  812  782  852 1119  645  548  547  486  392  466  848  968  959  936 1032 1021 1150  672  844  636  746 1029  669  759  974  852 1247 1194 1194 1391 1384 1465 1122  966  870  639  620  775  912 1187 1115 1513 1289  974  852  861  969  767  770  730  761  787  906 1337 1344 1367 1788 1222 1161  857  675 1204  836  656 1009  974 1106 1134 1320 1697 1763 1440 1543 1617 1697 1295 1195 1341 1044  562  562  963 1514 1363 1603 1456 2038 1857 1480 1340 1676 1081  886 1417 1572 1564 1762 1603 1694 1662 1621 1286  764  764 1201 1330 1701 1480 1477 1362 1427 1279 1268 1009 1094 1264 1371 1227 1035 1157 1370 2011 1973 1419 1163 2040 1962 1973 2011 1794 1246 1684 1163 1120 1096 1096 1105 1228 1401 1355 1288 1381 1672 1565 2230 1822 1584 1645 1206 1337 1888 2023 1533 2207 2449 2302 2038 1828 2228 1928 1552 1364 1528 1756 1648 1625 1546 1523 1523 1496 1462 1402 1389 1382 1431 1400 1390 1401 1371 1340 1340 1319 1340 1261 1262 1278 1263 1248 1248 1248 1218 1203 1189 1192 1218 1248 1218 1238 1218 1219 1248 1218 1247 1218 1187 1174 1096 1035 1035 1035 1035 1035 1032 1035 1044 1106 1156 1169 1218 1339 1462 1597 1401 1273 1168 1115 1112 1149 1117 1098 1135 1146 1157
   616  684  619  797  741  609  637  791  791  777  785  892 1111  974  547 1049  734  818  973 1043 1040  980 1076 1098  909  735  730  738  608  599  547  547  484  465  802 1083 1068  833  787  792  679  731  632  524  725  669  805  705  783  791  933 1035 1325 1397 1414 1257 1279  850  711  639  620  724  967  946 1157 1397 1216  852  926  962  791  750  730  761  763  784  973  957 1294 1578 1678 1579 1412 1233  745  956  667  669  738  972  913  990 1250 1329 1178 1291 1400 1404 1525 1641 1540 1299  965  798  581  792  852 1297 1725 1685 1602 1552 1464 1264 1181 1365 1143  847 1440 1661 1692 1279 1280 1517 1326 1340  764  764 1005 1614 1460 1426 1195 1143 1232 1183 1021 1092 1238 1401 1462 1349 1157 1035 1096 1472 1994 1889 1155 1681 2072 1894 1480 1383 1606 1207 1502 1492 1446 1157 1060 1137 1230 1229 1304 1462 1539 1889 1909 2092 1340 1979 1584 1218 1365 2275 1876 2376 2074 2133 2105 2189 2219 1685 1444 1391 1728 1726 1645 1640 1608 1524 1487 1484 1431 1401 1401 1434 1448 1370 1353 1351 1401 1370 1340 1307 1279 1279 1268 1249 1222 1239 1250 1236 1217 1190 1187 1216 1248 1249 1223 1218 1254 1221 1224 1264 1269 1241 1239 1205 1096 1061 1048 1035 1035 1035 1035 1056 1068 1105 1150 1175 1229 1340 1362 1577 1402 1279 1175 1131 1154 1158 1157 1133 1157 1185 1181
   421  274  492  651  644  565  741  791  792  783  791  966  917  913  547  608  993 1119 1036  852  946  913 1019  852  938  972  793  786  804  791  608  511  411  613  928 1161  974  791  765 1076  773  736  730  627  517  595  550  698  975 1014 1128 1459 1544 1170 1216 1135  976  816  717  638  617  753  799  874  996 1280  941  877  794  791  783  822  775  747  778  761  899 1324 1552 1479 1637 1731 1152 1000  940  700  663  669  852  863  791  994 1001  973 1276 1314 1622 1218 1699 1766 1850 1219 1327  913  581  581  814 1328 1226 1726 1603 1262 1210 1272 1142 1165 1125  807 1170 1343 1634 1541 1362 1101 1142 1029  764  764 1577 1706 1424 1342 1374 1256 1096 1032 1232 1162 1462 1523 1462 1433 1116 1158 1035 1147 1394 1576 1139 1387 2072 1755 2093 2134 1822 1675 1630 1169 1157 1096 1035 1059 1170 1162 1309 1313 1317 1470 1574 1496 2011 2085 1144 1084 1503 1828 2297 2669 2384 2365 2285 2065 2279 1518 1387 1491 1827 1675 1596 1584 1537 1492 1462 1431 1431 1461 1468 1492 1436 1371 1340 1310 1342 1347 1344 1310 1280 1284 1279 1248 1224 1218 1218 1221 1208 1197 1187 1218 1218 1243 1247 1248 1247 1278 1248 1249 1282 1277 1249 1137 1096 1096 1082 1035 1035 1035 1035 1066 1086 1142 1157 1157 1158 1233 1292 1308 1264 1184 1157 1203 1218 1215 1163 1164 1157 1203 1251
   609  715  396  277  548  545  617  650  731  905  856 1114  913  852  495 1092 1054 1055  898  923  933  939 1096  959 1024  910  832  670  833  608  608  421  443  819  913 1056  893  915  977 1315 1050  730  730  966  721  517  517  607  792 1134 1513 1192 1163 1395 1292 1099  927  738  639  629  617  702  723  980  983 1156  892  770  764  797  783  852  806  730  730  751  801 1081  987 1094 1824 1794 1271 1171  669  669  641  667  720  845  852  974 1071 1022 1323 1546 1768 1461 1199 1554 1566 1415 1167 1255  897  593  854 1131 1611 1560 1508 1550  913 1141  980 1031 1115  764 1280 1669 1397 1208 1067 1140  924  764  764  858 1179 1158 1462 1583 1340 1280 1462 1060 1392 1325 1462 1539 1462 1132 1601 1242 1036 1035 1105 1275 1406 1108 1716 1911 1790 1767 1788 1554 1697 1650 1238 1790 1100 1035 1096 1172 1157 1218 1373 1529 1252 1218 2478 1560 1056 2484 2060 1971 2133 1975 1841 2437 2072 2173 1462 1367 1462 1627 1779 1634 1584 1584 1526 1492 1465 1465 1523 1461 1492 1513 1401 1340 1338 1322 1340 1334 1339 1337 1370 1340 1329 1279 1249 1249 1216 1187 1170 1164 1187 1192 1187 1218 1237 1248 1248 1248 1248 1256 1276 1279 1279 1279 1090 1082 1059 1035 1058 1045 1044 1070 1116 1157 1157 1141 1126 1202 1218 1218 1177 1157 1217 1279 1322 1298 1241 1210 1212 1279 1401
   509  736  681  384  512  546  599  685  791  791  993 1107  913  979  487  922 1098 1114  852  731  898 1266 1269  993 1098 1077  807  713  676  852  530  452  789  850  959 1157  976  984 1459 1127  987  863  791  719  790  580  517  597  858 1039 1340 1430 1395  974 1072  965  834  779  639  627  622  639  672  855  913 1175 1037  941  735  765  776  791  860  975  730  913  895 1389 1523 1455 1486 1666 1482 1161  667  713  639  664  688  791  844  816  959 1096 1214 1763 1650 1753 1719  984 1214 1146  993 1174  914  593  605 1009 1293 1179 1640 1628 1204 1038 1006  873 1172  732 1203 1781 1467 1421 1324  890  764  764 1019 1102  926  938 1053 1283 1318 1658 1466 1100 1350 1543 1450 1230 1199 1650 1591 1325 1035  974  975 1056 1531 1318 1096 2049 1848 1523 1584 1950 1462 1627 1482 1543 1706 1035 1096 1096 1218 1308 1346 1197 1354 1940 1508 1035 1523 1908 1950 2153 1584 1751 1602 1888 1368 1368 1367 1461 1641 1791 1771 1706 1646 1628 1559 1493 1525 1527 1493 1522 1435 1397 1366 1340 1311 1309 1315 1308 1360 1297 1310 1323 1316 1249 1242 1218 1188 1187 1187 1186 1186 1157 1179 1204 1249 1248 1248 1248 1262 1279 1249 1247 1284 1311 1097 1056 1035 1035 1079 1056 1072 1094 1114 1157 1140 1099 1096 1128 1183 1170 1151 1218 1282 1382 1523 1457 1276 1257 1251 1401 1561
   701  724  719  404  527  608  669  791  730  852 1114 1030  927  608  524  608  852  977  914  838  852  995 1050  841 1002  900  893  848  580  768  392  467  852  735  867 1073 1122 1412 1240  949  791  791  736  642  660  517  517  606  897 1068  974 1462 1265 1104  955  907  805  637  756  627  636  626  642  791 1085  961  999 1118  856  731  874  980  919  930  730  827 1333 1596 1568 1406 1788 1457 1365  926  662  682  642  640  721  780  870  791  868  927 1464 1682 1719 1402 1811 1517  914  851  775  696  633  753  605  605  605  613  613  625  625  858 1022  773  688  913 1089 1468 1270 1304 1054 1177  764  764  970 1030 1168 1219 1357 1385 1283 1679 1356 1132 1346 1645 1290 1645 1563 1706 1462 1401 1096 1001  974 1031 1104 1196 1080 1547 1839 1541 1482 1745 1155 1128 1108 1076 1021 1271 1401 1132 1157 1167 1163 1462 1283 1072  974 1828 1668 1478 1972 1856 1462 1462 1401 1683 1747 2376 1462 1618 1645 1966 1821 1707 1639 1584 1523 1584 1573 1526 1462 1483 1372 1341 1361 1337 1309 1309 1306 1279 1334 1313 1279 1309 1310 1257 1218 1194 1187 1176 1185 1178 1180 1164 1172 1187 1214 1219 1279 1249 1244 1160 1249 1172 1226 1146 1049 1039 1035 1035 1045 1059 1096 1096 1109 1131 1114 1096 1096 1096 1130 1142 1117 1166 1222 1404 1572 1341 1294 1278 1315 1401 1584
   787  791  704  437  456  729  784  842  856  866 1093  908  872  668  518  806  957  949 1012  717  843  982  730  780  831  852  669  640  517  479  392  615  694  726  731  965 1101 1627 1218 1156  865  729  663  669  833  517  518  590  730  912  853  964 1252 1053 1119  852  791  633  627  658  640  624  639  750  791  891 1168 1215  789  730  779  977  730  728  730  791 1030  977 1357 1559 1393 1341 1233  645  662  656  669  654  639  954  834  834  878 1173 1425 1931 1471 1772 1243 1281 1387 1220 1525  976  804  821  617  713 1683 1577 1339 1408  625  633  657  657 1051 1225 1095 1313 1342 1172 1154  876  764  764  827 1179 1460 1328 1652 1345 1517 1674 1490 1159 1401 1612 1687 1671 1731 1595 1545 1462 1198 1069  914  914 1075 1132 1060 1564 1949 1721 1278 1210 1399 1776 1307 1462 1021 1706 1827 1529 1157 1226 1308 1440 1035  957 1324 1844 2133 2248 2092 1656 1891 2379 2269 2498 2315 1462 1534 2315 1913 2141 1832 1645 1592 1584 1637 1600 1584 1459 1415 1366 1371 1325 1315 1309 1309 1279 1291 1282 1306 1278 1277 1309 1251 1226 1224 1204 1183 1168 1158 1187 1168 1160 1164 1181 1187 1211 1224 1248 1157 1128 1113 1096 1139 1071 1035 1035 1035 1035 1052 1065 1096 1096 1095 1096 1096 1096 1096 1089 1092 1096 1096 1157 1213 1270 1293 1362 1249 1268 1327 1431 1550
   767  730  613  486  434  547  610  732  871  974 1200  915  724  613  520  694  730  878  852  781  750  976 1028  670  874 1020  832  708  392  425  438  549  727  936  998  965 1427 1301 1134  987  883  768  654  612  517  607  598  608  673  750 1019 1279 1124 1052  959  913  889  734  663  680  759  625  702  670  750  850  952 1164  791  730  728  731  912  708  944 1275 1101 1271 1454 1215 1478 1197  797  642  666  649  669  717  639  784  960  974 1125 1493 1469 1599 1528 1693 1626 1818 1229 1653 1211 1103  812  729  617  779 1398 1978 1694 1298 1031  633  633  657  827 1154  961 1033 1117 1342 1224  764  764  982 1170  991  993 1337 1657 1597 1587 1561 1191 1375 1547 1584 1631 1491 1727 1656 1401 1279 1210 1017  914  914 1053 1069 1036 1273 1949 1763 1462 1462 1568 1996 1671 1590 1021  997 1789 1462 1261 1157 1401 1065  957  957 1320 1799 1950 2023 1828 1828 1824 2046 2340 1944 1523 1645 2072 2056 2415 1925 1710 1652 1644 1592 1649 1575 1576 1443 1374 1340 1340 1310 1309 1284 1287 1292 1249 1250 1248 1233 1254 1249 1251 1218 1219 1218 1179 1157 1157 1157 1157 1157 1161 1170 1186 1187 1218 1193 1099 1096 1085 1083 1041 1029 1032 1031 1033 1035 1037 1061 1080 1066 1065 1070 1084 1096 1096 1082 1069 1071 1092 1115 1157 1218 1222 1218 1216 1256 1283 1279 1400
   768  734  727  550  367  484  663  791  803  926 1348  905  803  617  490  525  850  969  800  914  692  670  738  823  608  838  854  839  392  486  631  609  794  868  852 1007 1348 1223  980  904 1041  955  692  649  535  543  724  678  780  790  852 1269 1126 1325 1164 1318  913  740  911  669  721  629  623  621  669  743  918 1084 1194  913  753  708  698  671  700  749  913 1149  988  921  888  923  670  639  642  648  651  668  814 1011  984 1056 1343 1477 1817 1314 1740 1731 1787 1695 1654 1513 1096  963  833  637  754 1631 2048 2008 1499 1566 1170  928  633  633  633  633  633 1167 1161 1348 1188  764  764  811 1446 1368 1394 1036 1116 1151 1207 1246 1222 1614 1828 1462 1539 1584 1505 1401 1425 1402 1068 1078  988  914 1036 1035  987 1194 1866 1678 1523 1896 1993 2071 1767 1401 1392  997 1444 1435 1279 1116  957  957  957 1330 1482 1135 1226 2346 2162 2218 2160 2440 1813 1595 2061 2033 2148 2148 2219 1836 1729 1828 1742 1706 1645 1529 1464 1425 1400 1371 1334 1313 1309 1279 1279 1255 1248 1248 1236 1218 1248 1240 1209 1218 1188 1187 1162 1157 1157 1157 1157 1150 1159 1162 1159 1187 1215 1139 1082 1065 1054 1042 1035 1011 1028 1035 1035 1038 1044 1057 1065 1065 1057 1052 1042 1073 1096 1062 1051 1050 1054 1094 1112 1134 1167 1183 1218 1218 1218 1231 1261
   755  755  642  522  513  324  610  715  913 1280 1113  800  609  784  409  582  734  977  775  731  668  608  698  615  861  608  851  534  392  546  848  769  832  869 1080 1187 1294 1035  896  791  850  797  731  635  544  604  662  666  781  849  974 1044  913 1151 1408 1150  923  791  721  703  791  768  798  794  667  624  708  828  954 1110  931  730  731  669  868  731  972  917  805  713  770  673  640  628  627  644  627  636  627 1099 1166 1198 1461 1460 1771 1096 1277 1409 1863 1436 1466  862  791  704  672  672  882 1598 1931 1781 1441 1278  964  849  733  633  633  975  633 1055 1530 1073 1032  649 1217 1073 1035 1379 1538 1655 1279 1522 1584 1463 1171 1545 1798 1462 1462 1465 1493 1210 1143 1096 1370 1140 1022  974  914 1018  914  986 1325 1770 1767 1873 1553 1950 1560 1562 1233  989 1462 1718 1218 1027  957 1245 1397 1264 1112 1439 1663 2039 1996 1860 2011 1576 2054 2242 1932 2123 1971 1825 1598 1610 1706 1706 1582 1584 1520 1493 1466 1424 1401 1374 1350 1340 1307 1290 1284 1276 1265 1250 1248 1223 1218 1202 1188 1187 1199 1188 1180 1165 1187 1166 1132 1136 1151 1157 1156 1179 1206 1137 1075 1063 1038 1035 1033 1021 1023 1029 1036 1052 1057 1065 1063 1053 1042 1040 1035 1035 1054 1048 1036 1035 1035 1058 1074 1096 1162 1230 1203 1218 1206 1204 1199
   729  730  743  669  359  462  711  669  912  972  748  638  673  539  429  550  853  844  731  940  870  664  581  663  637  547  618  424  392  510  682  684  909 1118 1183 1158  985  858  868  791  730  670  665  547  517  735  646  731  912 1150  856  970  866  832 1162 1066 1095  743  704  791  880  826  828  791  918  848  636  747  835 1039  809  670  687  791 1034  891  845  669  672  627  635  684  628  627  627  627  627  627  627  647  978 1080 1240 1733 1514 1041 1706 1416 1766 1072  922 1468 1210  893 1161  672 1096 1504 1947 1605 2086 1601 1096 1096  788  645  743 1054  999  633 1453 1098  649  924  866 1360 1511 1269 1560 1453 1192 1566 1521 1492 1472 1096 1773 1614 1499 1513 1592 1294 1503 1717 1401 1126  985  998  914  914  986  914  914 1584 1608 1889 1702 1752 1357 1114 1074  989 1159 1431 1594  957 1553 1645 1254 1084 1412 1532 1645 1647 1317 2518 2038 1721 2125 1645 1842 1862 1706 1764 1941 2064 1790 1660 1636 1593 1520 1462 1462 1414 1401 1370 1340 1324 1331 1311 1310 1289 1267 1249 1249 1248 1249 1242 1218 1204 1203 1218 1189 1192 1188 1187 1179 1157 1142 1146 1154 1164 1202 1211 1083 1066 1035 1035 1016  991 1025 1031 1052 1065 1065 1066 1055 1044 1035 1035 1035 1034 1026 1026 1035 1031 1034 1056 1073 1087 1148 1157 1162 1161 1171 1171 1160
   700  720  713  527  338  669  791  773  820  699  911  972  610  397  485  789  813  897  851 1315  922  609  543  392  392  392  440  392  481  610  616  742  951 1176  983 1108  913  791  900  919  764  728  708  547  606  701  778  761  896  789  772  791  852  730  841  793  782  812  700  817  855  784  790  757  761  745  693  636  729  807  821  690  730  891 1219  780  777  644  627  730  672  627  627  627  969  670  710  627  627  627 1454 1256 1639 1557 1603  989 1310 1652 1707 1705 1543 1336 1141 1257  839  708  981 1370 1689 2132 1806 1760 1353  913  902  794  683  888 1193  957  649  649  649 1012  989 1261 1523 1619 1594 1228 1339 1121 1414 1273 1325 1068 1300 1742 1596 1883 1780 1486 1551 1522 1251 1036 1160 1143  988  914 1055 1047  914 1072 1265 1407 1645 1383 1545 1432 1168  974 1034 1332  974  974  985 1029 1535 1060 1340 1340 1139 1163 2011 2095 1171 1246 1325 1506 2002 1980 2179 2124 2397 2076 1788 1645 1578 1531 1568 1523 1462 1430 1401 1370 1342 1334 1340 1309 1303 1309 1309 1249 1248 1248 1248 1232 1229 1218 1219 1218 1211 1196 1194 1187 1187 1135 1127 1133 1151 1165 1187 1157 1082 1042 1035 1035 1018 1022 1031 1038 1063 1096 1075 1065 1065 1065 1063 1050 1046 1035 1005 1005 1019 1022 1028 1035 1058 1082 1095 1111 1146 1146 1153 1157 1157
   486  474  487  495  502  598  392  438  392  486  593  861  548  392  669  804  812  855  975 1096  814  664  489  392  621  583  548  448  594  702  893  818  908 1304 1077  913  905  789  782  854  764  732  672  556  665  639  765  749  813  761  975  872  791  849  730  702  700  761  700  794  788  861  731  730  728  649  671  676  641  656  655  650  714 1019 1250  974  757  627  639  886 1042  739  669  664 1214  966  627  785  627  627  627 1000 1530 1620 1723 1247  913 1576 1131 1594 1644 1419 1035  900  775  708 1088 1762 2137 2098 2128 1603 1237 1096  833  742  688 1145 1294 1230 1222 1220  649  988 1157 1104 1340 1453 1476 1324 1035  988 1052 1196 1001 1284 1279 1511 1570 1681 1716 1462 1532 1404 1036 1135 1157 1279 1086  914 1073 1002  914  914 1159 1157 1249 1202 1393 1140 1036  974  974  973  973 1081 1096 1029 1029 1029 1068 1108 1441 1782 1863 1088 1687 2951 1738 1706 1750 1906 2010 2491 2259 2071 2109 1584 1564 1504 1493 1462 1462 1449 1401 1357 1340 1314 1309 1281 1279 1279 1279 1257 1279 1249 1248 1275 1249 1248 1222 1218 1218 1202 1187 1187 1177 1157 1152 1157 1174 1183 1187 1159 1066 1046 1035 1034 1009 1009 1034 1048 1071 1087 1076 1066 1065 1065 1065 1066 1060 1042 1035 1005 1005 1005 1005 1033 1042 1080 1096 1096 1096 1105 1100 1129 1128
   504  486  706  620  490  392  509  523  392  425  654  608  525  456  567  738  872  640  792 1274  898  731  684  392  697  793  664  563  547  728  789 1100 1267 1249  997  852  872  730  761  760  727  669  652  601  716  669  776  759  929  791  927 1132  841  782  608  680  740  811  837  730  730  715  729  730  676  730  730  700  727  717  702  704  645  873 1113  803  657  649  713  886  853  669  669  727  976 1033  669  674  645  627  627  627 1125 1402 1703 1370 1043  921 1447 1654 1705 1181 1049  973  740  741 1424 1950 1899 1945 1213 1271 1081  907  791  777  688 1162 1353 1358 1304 1340  649 1187 1404 1668 1157 1218 1520 1168 1096  913  914  950 1215 1559 1536 1766 1401 1382 1462 1282 1307 1100 1322 1342 1032 1339 1114  914 1005 1109 1145  914  943  998 1027 1092 1096 1059 1488 1096 1016  974 1034 1061 1379 1888 1836 1381 1035 1243 1881 1265 1064 1763 1642 1726 2352 1846 1521 1828 2133 1828 1706 1937 1706 1759 1854 1522 1517 1486 1462 1405 1391 1370 1340 1328 1309 1299 1279 1279 1279 1288 1263 1249 1248 1279 1272 1213 1194 1187 1157 1188 1174 1162 1157 1157 1096 1157 1187 1174 1187 1187 1064 1035 1035 1033 1002 1005 1035 1046 1065 1069 1052 1060 1055 1065 1065 1065 1060 1045 1035 1013 1005 1005 1005 1005 1035 1068 1096 1080 1096 1096 1094 1099 1098
   489  670  729  730  644  615  669  791  392  428  668  595  392  392  462  723  740  602  681  976 1205 1044  645  392  532  727  681  669  570  729  970 1065 1044 1152 1211  929  763  731  730  669  669  669  661  608  720  819  730  730  787  764  730  852  794  954  609  731  731  738  761  730  752  761  702  639  852  700  730  705  745 1041 1139  913  640  720  627  629  627  669  669  669  685  678  730  723  785  993  669  749  642  627  627  671  769 1031 1472 1296  829 1460 1285 1827 1342 1223 1677 1472  948  740 1490 1971 1883 1548 1707 1754 1318  980  870  790  748 1157 1057 1284 1097 1236  649  952 1375 1575 1507 1470 1399 1263 1002  914 1192 1118 1501 1706 1587 1401 1502 1584 1657 1393 1167 1187 1429 1544 1464 1032  969  914  914  974  980  931  944  947  983  987 1034 1025 1430 1330  973  980 1032 1584 1378 2156 2081 1500 1035 1067 1035 1040 1771 1802 2166 2697 1830 1950 2086 2017 1957 2290 2556 1531 1580 1486 1657 1705 1645 1571 1475 1448 1433 1410 1368 1357 1331 1312 1283 1310 1287 1309 1286 1248 1254 1218 1200 1200 1231 1218 1188 1188 1155 1127 1126 1113 1096 1163 1208 1181 1133 1188 1062 1044 1040 1034 1017  998 1035 1056 1065 1065 1048 1035 1035 1062 1063 1052 1048 1038 1035 1017 1007 1005  991 1002 1016 1048 1084 1063 1081 1096 1092 1093 1096
   549  730  725  729  791  791  791  791  595  424  392  395  403  595  392  392  392  420  511  881  936  894  696  402  670  730  791  608  547  728  977  913 1021 1011 1039  916  791  757  691  761  761  748  669  606  660  791  791  730  786  733  731  725  861  733  609  726  670  852  843 1024  764  739  639  962  789  705  705  697  784 1226 1167  945  751  669  669  663  791  851 1073  750  672  705  727  970 1004 1036  627  675  627  627  627  627  828  831  750  789 1261 1365 1826 1724 1585 1233 1554 1556  859  740 1311 1405 1530 2095 1886 1803 1236  974 1096  748  748  969 1157 1272 1115 1098  676 1194 1457 1097 1401 1467 1131 1266 1104  882 1152 1171 1266 1500 1584 1639 1538 1559 1462 1167 1318 1234 1401 1566 1535 1203 1253  914  914 1130 1019  953  944  938  937  949  944  957 1106 1645  918  979 1042 1645 1585 1523 1826 1670 1300 1032 1279 1462 1828 1401 1950 2122 1860 1462 2184 2133 1891 1697 1599 1715 2202 1731 1521 1682 1644 1584 1492 1493 1452 1431 1462 1376 1352 1357 1338 1338 1350 1348 1310 1250 1248 1218 1276 1279 1264 1259 1227 1193 1187 1172 1157 1157 1119 1096 1157 1219 1144 1096 1080 1054 1061 1067 1066 1014 1005 1040 1065 1065 1051 1035 1035 1040 1044 1035 1035 1035 1035 1020 1005  993  976  974 1015 1035 1047 1057 1083 1078 1081 1088 1089
   730  760  739  744  791  791  798  815  848  680  791  510  724  750  585  547  544  392  546  835  838  693  502  392  540  627  635  484  547  654  859  731  790  880  853  791  780  768  763  753  762  763  663  578  704  724  852  812  746  723  700  693  704  706  615  670  669  669  715  680  670  704  805  791  732  731  702  794  977 1347 1019  974  724  669  669  789  953 1039  927  695  669  838 1157 1091  768  627  627  627  627  627  627  627  627  806  699  761 1564 1932 1510 1834 1005  890  827  752  730  786 1070 1552 1578 2102 1752 1708 1214 1017  831  914  831 1131 1456 1329 1135  931  676 1304 1523 1049 1343 1158 1026  854  854  882  906  946 1025 1234 1626 1525 1464 1457 1279 1558 1551 1279 1564 1706 1463 1322 1096  974  914  914  975  957  944  926  920  924  928  913  970  913  913  922  922 1157 1462 1502 2145 2214 1376 1664 1035 1111 1187 1540 1669 1787 2458 1392 1915 2072 2414 1968 1888 2352 2137 1851 1580 1462 1523 1519 1500 1493 1492 1492 1463 1418 1404 1403 1371 1330 1340 1286 1292 1279 1203 1213 1235 1201 1211 1208 1237 1218 1218 1218 1174 1157 1096 1132 1215 1182 1143 1117 1090 1073 1079 1069 1082 1038 1005 1035 1035 1065 1042 1035 1035 1034 1023 1013 1035 1035 1009 1009 1005  998  974  974  994 1019 1033 1059 1096 1072 1073 1072 1068
   731  761  774  791  791  791  791  803  790  791  794  634  761  791  763  736  791  392  486  835 1057  838  680  392  547  392  434  608  392  666  610 1031  832  840  768  761  759  760  761  753  761  672  632  599  685  974  824  791  697  704  673  674  679  684  638  639  639  624  650  609  639  728  851  978  784  707  700  967 1182 1401 1011  858  713  669  669  896 1133  925  784  707  794 1152 1055 1151  627  627  627  627  627  627  627  738  627  649  791  837  974 1766 1568 1794 1613 1587 1644 1149  728  766  996 1482 1643 2251 2029 1418 1100  886 1462 1123  831  996 1368 1467 1348 1184  724 1245 1119  795  795  839  839  991 1003 1218 1218 1164 1279 1112 1355 1685 1613 1429 1576 1863 1592 1340 1584 1678 1471 1220 1118 1076  948  922  942  974  966  913  913  913  918  920 1130 1831  969 1080  977 1351 1283 1400 1499 1828 1828 1706 1450 1056 1295 1572 1218 1234 1270 1828 1767 1693 2027 1965 2133 1917 1726 1666 1524 1466 1492 1492 1481 1462 1492 1492 1461 1432 1410 1370 1359 1340 1218 1256 1215 1209 1188 1182 1218 1187 1165 1178 1199 1199 1218 1213 1188 1157 1097 1115 1147 1152 1139 1144 1127 1096 1090 1067 1072 1037 1005 1005 1035 1065 1056 1035 1035 1024 1008 1004 1004 1005 1000  998 1005 1005  974  974  991 1007 1029 1055 1080 1060 1037 1035 1035
   750  766  789  791  809  791  786  731  730  730  748  791  791  791  791  791  791  436  404  392  791  680  678  392  489  493  900  817  549  552  656  610  731  791  744  731  730  753  735  741  650  611  574  747  667  880  763  715  683  670  669  660  662  695  681  599  616  608  607  645  669  791 1020 1017  981  731  700  791  974 1288 1124  927  683  669  669  795 1340 1027 1075  733  793 1070 1140  627  627  627  777 1469 1060  827  837 1316  685  628  869 1231  950  934 1664 1876 1616 1605  979  728 1279 1299  953 1532 1718 1980 1404 1188  997 1096 1351 1406  913 1006 1425 1681 1502 1084  724  752  752 1279 1389 1384 1113 1211 1154 1208 1179 1137 1390 1340 1183 1553 1479 1401 1604 1800 1456 1401 1460 1607 1584 1218 1084  974  944  923  936  972  931  913  912  913  941  956 1663 2024 1687 1360  977 1080 1157 1445 1340 1279 2011 1374 1402 1557 1056 1523 1175 1744 2116 2133 2022 1462 2295 2110 1988 2291 1728 1706 1523 1467 1401 1462 1401 1454 1431 1408 1430 1401 1386 1340 1277 1218 1218 1249 1218 1191 1248 1216 1188 1157 1157 1187 1183 1157 1127 1188 1158 1152 1105 1088 1096 1115 1126 1144 1157 1137 1119 1096 1077 1035 1035 1005 1035 1064 1055 1035 1035 1025 1012  997  996  995  983  990  995  980  974  974  987 1005 1024 1035 1047 1042 1031 1031 1035
   766  788  791  801  777  731  695  679  677  701  730  727  755  791  791  770  761  776  555  465  791  791  489  410  600  745  612  783  571  417  577  579  729  791  753  672  661  720  651  614  567  563  577  608  941 1095  793  697  668  665  656  651  668  671  670  597  584  595  621  669  730  791 1095 1097 1022  852  852  713  746 1062  791  700  685  669  669  816  836  903  711  864  770  912  627  627  627  627  669 1006 1121 1351 1151 1046 1379  819  632  852  852  951 1031 1718  979 1655 1158  728 1376 1595 1170 1584 1972 1715 1863 1096 1342 1115 1035 1009 1015  938 1224 1603 1433 1099  756 1008 1234 1490 1368 1654 1438 1358 1257 1218 1097 1155 1190 1218 1377 1578 1562 1523 1604 1706 1573 1688 1574 1523 1215 1157 1035  988  951  935  913  974  915  905  911  913  969  963 1642 2032 1706 1468 1084 1080 1080 1340 1349 1570 1941 1584 1735 1767 1157 1076 1678 1740 2051 2362 1385 1845 1839 1887 1767 2000 1668 1584 1469 1582 1523 1422 1427 1401 1401 1279 1337 1295 1279 1279 1282 1279 1301 1258 1251 1254 1222 1187 1248 1187 1182 1151 1134 1127 1124 1137 1076 1126 1126 1105 1070 1069 1096 1126 1134 1159 1128 1096 1064 1050 1048 1005 1005 1044 1048 1035 1035 1026 1009  992  982  979  974  976  974  975  974  974  991 1003 1021 1035 1035 1035 1025 1031 1035
   794  791  790  731  716  686  669  669  700  700  700  706  730  753  731  751  749  732  667  610  465  478  392  410  750  788  757  852  627  395  668  669  772  911  784  675  578  606  547  519  534  547  782  734  761  778  700  669  661  646  639  649  655  660  609  608  669  645  622  669  734  791  897  835  736  723  730  701  700  700  700  723  696  688  784  791  754  790  700  723  752  985  627  627  627  831 1279 1335 1033 1116 1218 1506 1247 1400  669  706  912  746  863  798 1305 1556 1061  728 1250 1194 1266 1076 1309 1577 1753 1340 1575 1219 1035 1544 1175 1013 1213 1410 1523  803  756 1066 1324 1515 1354 1788 1464 1655 1277 1072 1155 1218 1287 1405 1396 1584 1664 1526 1539 1786 1523 1411 1584 1421 1370 1281 1252  984  952  928  913  935  918  903  912  943  962  974 1601 2132 1941 1767 1157 1080 1080 1442 1614 1332 2072 2376 1909 1218 1797 1076 1496 1820 1875 1302 1910 2072 1468 1740 2238 1927 1597 1584 1628 1498 1401 1584 1466 1375 1401 1371 1401 1401 1326 1287 1340 1340 1340 1278 1238 1218 1208 1260 1240 1217 1218 1190 1195 1187 1179 1157 1136 1096 1098 1115 1096 1096 1005 1090 1096 1065 1039 1066 1096 1085 1062 1046 1037 1015 1035 1035 1035 1016  997  984  979  974  974  974  974  974  973  974  979 1001 1019 1035 1035 1035 1021 1027 1035
   764  720  667  669  656  669  659  700  699  700  698  713  730  731  730  734  741  732  727  706  517  392  421  559  763  698  711  819  700  471  535  621  706  826  725  735  732  638  517  549  604  680  796  852  607  608  792  689  660  641  638  639  639  628  639  581  628  730  669  730  733  886 1157  868  780  838  914  787 1086  792  754  791  752  668  707  671  729  758  731  791  838 1119  627  627  670 1138 1146 1420 1088 1156 1470 1504 1394 1054  948  676  687  613  613  849  943 1676 1465 1162  704  704  835 1058 1236 1394 1804 1562 1389 1121 1247 1385 1466  989 1463 1126 1218  803  952 1379 1341 1551 1411 1338 1371 1289 1318 1072 1241 1236 1147 1194 1423 1646 1529 1626 1584 1767 1377 1388 1304 1431 1331 1192 1036  974  957  940  921  924  913  905  912  931  927  950 1546 1841 1503 1476 1361 1080 1080 1159 1401 1156 1592 2011 2104 1950 1462 1076 1421 1167 1203 2011 2133 1385 1796 2346 1876 1700 1524 1542 1523 1502 1706 1639 1616 1450 1434 1371 1371 1351 1431 1406 1398 1340 1326 1279 1270 1237 1220 1277 1278 1271 1279 1262 1184 1157 1162 1157 1134 1126 1125 1047 1095 1124 1123 1082 1018 1047 1009 1030 1060 1062 1066 1057 1040 1005 1035 1035 1032 1018  997  981  980  974  974  974  974  974  962  970  974  986 1013 1035 1035 1035 1014 1027 1032
   668  675  641  635  640  608  659  661  681  669  668  688  717  730  727  730  731  731  688  720  593  666  477  450  570  730  734  779  743  503  406  619  636  726  708  706  730  731  499  569  578  720  950  728  486  723  977  737  669  645  622  629  617  608  600  553  643  670  669  791  916 1144 1104  995 1177 1104  978 1249 1011  984  791  818  798  717  679  665  669  711  715  770  870 1125  700  627  657 1038 1273 1866 1102 1482 1341 1523 1550 1089 1261  874  778  776  730  625  625 1048 1135 1459 1615  814  672 1231 1792 1224 1969 1401 1635 1167 1375 1429 1208  954 1218 1230  835 1324  919  993 1009 1598 1265 1462 1056 1056 1056 1072 1072 1072 1072 1259 1263 1194 1353 1523 1584 1544 1235 1187 1218 1218 1360 1346 1219 1096  962  944  923  913  913  904  910  913  914  913 1423 1884 1724 1547 1706 1174 1084 1080 1080 1096 1238 1828 2024 1828 1742 1104 1104 1905 1883 1889 1828 1385 1705 1794 1637 1645 1620 1705 1717 1634 1780 1645 1584 1530 1479 1407 1401 1432 1417 1310 1310 1340 1262 1248 1321 1273 1292 1340 1339 1270 1226 1195 1166 1154 1157 1155 1138 1130 1096 1077 1096 1096 1067 1027 1005  974 1005  967  982 1035 1037 1036 1035 1012 1035 1035 1033 1022 1016 1001  994  974  974  974  974  974  964  968  971  984 1001 1025 1035 1013 1003 1008  994
   659  656  630  609  608  642  642  637  644  662  669  700  700  720  730  731  744  749  732  731  547  679  730  730  549  627  547  677  731  610  445  516  607  653  455  574  522  465  454  541  579  633  812  491  488  534  728  719  702  655  626  608  608  608  569  547  597  610  669  841 1011 1342 1464 1317 1148  993 1054 1053  823 1011  746  806  791  761  761  730  670  679  669  705  793 1085  913  627  627 1210 1361 1284 1318 1218 1291 1372 1337 1314 1029 1063 1393 1134  790  726  625  625  791 1325  661  672 1263 1256 1759 1860 2162 1597 1479 1340 1465 1269 1364  906 1156  851  835 1250 1460 1268 1411 1649 1223 1032 1215 1611 1263 1072 1072 1334 1223 1100 1100 1100 1199 1332 1340 1706 1340 1187 1336 1447 1340 1297 1199 1202  973  944  918  913  899  908  909  896  907  913  966 1422 2067 1761 1660 1767 1594 1176 1084 1084 1562 1750 2016 1462 1747 1645 1124 1155 1234 1258 1298 1954 1749 1571 1754 1664 1644 1828 2009 2194 2240 1855 1735 1609 1545 1401 1370 1370 1371 1335 1322 1279 1293 1310 1295 1286 1340 1340 1297 1240 1209 1187 1166 1156 1157 1157 1147 1093 1069 1102 1104 1126 1131 1157 1157 1041 1061  984  974  987  997  994 1035  976 1035 1035 1035 1035 1035 1016 1011  974  974  974  974  974  969  972  969  976  994 1031 1035  994  996  994  981
   634  638  612  608  614  638  606  638  639  643  674  700  722  730  730  734  814  760  731  669  669  730  730  730  624  696  730  731  742  609  560  424  481  638  692  522  504  523  510  486  497  531  486  562  587  520  685  668  774  639  638  622  611  612  547  575  624  669  668  792 1049 1268 1262 1158 1155  852  795  818  757  786  795  791  766  761  761  730  730  731  731  712  700  627  627  627  843 1506 1051 1460 1407 1489 1460 1158 1321 1471 1357 1320 1176 1147 1037  765  730  729  641  661  661 1859 1297 1272 1853 2020 1523 1979 1950 1504 1265 1191 1022  993  851 1290 1705 1523 1546 1415 1386 1226 1032 1155 1339 1540 1569 1279 1072 1215 1276 1207 1297 1183 1278 1283 1340 1665 1437 1187 1187 1333 1406 1119 1106 1001  974  961  913  909  897  903  886  893  904  912  945 1254 1728 1936 1462 1555 1890 1401 1086 1084 1157 1889 1899 1987 1738 1767 1124 1897 1807 1746 1807 1646 1400 1721 1753 2083 1746 1645 1842 1888 2072 2011 2072 1706 1530 1351 1390 1350 1313 1340 1340 1314 1302 1331 1260 1255 1304 1261 1218 1188 1202 1217 1167 1158 1155 1157 1130 1107 1126 1126 1117 1126 1114 1157 1126 1085 1065 1038 1035  974 1027  981  974  974  998 1020 1034 1035 1031 1032 1014  974  974  975  974  974  973  974  973  973  974  997 1000  977  989  983  977
   607  639  639  597  639  625  620  657  653  639  669  700  727  730  730  730  739  726  760  695  704  730  623  730  543  701  756  703  761  679  496  485  609  801  731  723  547  609  700  585  486  560  601  710  559  471  555  657  696  682  685  651  616  585  550  583  730  608  666  813 1093 1041 1118 1523 1340 1071 1116  959  866  887  791  763  761  749  754  730  733  741  749  729  912  678  627  916 1037  984 1161 1215 1294 1175 1216 1042 1302 1243 1126 1169 1098  793  794 1058 1135 1002  898  641  919 1255 1308 1134  965 1152 1509 2039 1422 1179 1103 1300 1199 1230  858 1224 1658 1288 1077 1290 1032 1032 1032 1218 1619 1708 1745 1379 1211 1100 1100 1166 1300 1284 1282 1218 1279 1523 1645 1350 1147 1393 1437 1112 1031  974  993 1013  983  908  883  883  883  883  903  909  913 1147 1487 1711 1632 1462 1538 1236 1218 1084 1169 1688 1828 1843 2126 1687 1281 1147 1728 2055 1282 1329 1673 1826 1784 1872 1932 2011 1767 1799 1828 2084 2173 1889 1507 1463 1462 1403 1401 1428 1353 1339 1384 1370 1310 1304 1220 1218 1218 1218 1187 1168 1157 1152 1143 1151 1096 1128 1131 1126 1126 1118 1096 1096 1096 1076 1065 1035 1036 1036 1035  974  974  974  974  983  974  974  982  996  982  974  974  976  974  974  974  962  946  917  942  974  974  974  981  975  974
   628  639  547  547  547  639  639  647  663  639  667  700  730  730  730  730  706  730  721  715  711  700  681  700  584  740  761  758  732  731  727  487  730  761  705  701  593  707  722  735  730  668  710  730  707  486  540  563  806  791  722  645  632  544  553  576  613  608  669  839  844  885 1257 1187 1270  852  830  737  703  729  727  798  752  732  725  727  742  748  781  906 1125 1212  976 1141 1150 1215 1251 1203 1228 1112 1220 1103 1035 1250 1128 1144 1390 1383  866 1423 1470 1320 1171 1361  641  917 1136 1150  922 1851 2076 2024 1822 1700 1029  974  910  874  858 1281 1376 1208 1133  965 1135 1135 1032 1100 1362 1767 1816 1841 1266 1221 1161 1116 1116 1157 1393 1218 1238 1318 1272 1418 1132 1289 1401 1097  973 1064 1211 1099 1096  898  883  883  883  883  883  906  913 1006 1067 1340 1852 1794 1828 1706 1481 1084 1084 1462 1846 1669 1818 1564 1889 1147 1195 1329 1726 2072 1784 1828 1678 1645 2026 2194 1967 1843 1738 1779 2228 1665 1590 1676 1592 1523 1446 1410 1363 1353 1386 1340 1371 1279 1240 1229 1218 1218 1187 1169 1157 1147 1128 1127 1126 1130 1140 1139 1128 1127 1127 1110 1125 1119 1064 1048 1053 1051 1035 1040 1035  980  974  974  974  974  927  964  974  974  974  976  974  974  974  974  974  937  913  933  974  974  974  973  971
   604  487  608  597  606  622  645  642  669  662  639  669  677  693  702  699  700  727  712  702  700  700  700  700  682  732  761  791  822  766  791  747  760  761  730  730  699  731  761  758  781  734  730  730  735  715  578  471  534  815  760  620  584  514  550  657  718  707  608  660  808  882  914  908 1315 1105 1206  946 1193  905  718  732  719  711  714  737  751  846  831  896 1239 1113 1194 1035 1098 1457 1219 1400 1036 1218 1154 1336 1273 1372 1119 1083 1216 1523 1057 1323 1590 1061 1475  823  716  657  657  835  976 1582 1852 1840 1808 1475 1124 1272 1568 1394  882  882  926  926  965 1035 1200 1195 1032 1032 1217 1211 1594 1547 1708 1297 1161 1116 1135 1354 1410 1218 1218 1218 1147 1009 1279 1315 1319 1130  956 1157 1370 1191  981  934  883  883  883  882  882  913  913  955  994 1187 1523 1836 1659 1839 1566 1282 1084 1157 1432 2133 2053 1503 1724 1167 1580 2043 1692 2112 1858 2153 1540 1771 1907 2072 2000 1998 1778 1655 1552 1584 1719 1963 1828 1625 1532 1504 1407 1375 1406 1340 1280 1315 1279 1251 1248 1197 1187 1188 1161 1157 1140 1129 1136 1145 1157 1157 1152 1133 1126 1151 1136 1175 1133 1059 1068 1083 1096 1096 1042 1011  976  974  974  974  962  913  974  974  976  977  974  974  974  974  974  974  944  913  922  921  974  963  967
   574  560  578  608  606  609  667  654  669  669  685  698  700  670  693  700  700  705  700  700  700  715  675  700  707  760  760  800  786  782  761  759  659  761  741  760  731  736  845  791  761  735  731  733  732  715  705  521  465  488  738  559  502  535  580  608  654  695  597  755  837  791  734  976  889  830  977 1258 1300  767  700  700  705  698  767  954  977 1356 1032 1216 1553 1340 1180 1470 1368 1273 1194 1124  983 1098 1039 1180 1189 1279  973  974 1073 1278 1300  913 1585 1360  866 1184 1016  783  657  790 1096 1148 1519 1828 1383 1419 1289 1260 1474  894 1071  990 1238 1294  942 1386 1157 1462 1091 1032 1032 1209 1305 1488 1470 1343 1325 1318 1195 1135 1223 1218 1218 1171 1457 1319 1009  973  973  973 1135 1096 1527 1257 1137  992  892  883  883  881  883  908  913  913  920 1062 1518 2133 2133 1413 1724 1269 1084 1239 1645 1850 1723 1388 1828 1167 1812 2023 1706 1974 1581 1937 1523 1707 1828 2217 1906 1848 2264 1767 1828 1624 1889 1868 1828 1757 1551 1484 1435 1448 1370 1405 1379 1343 1309 1258 1279 1218 1191 1188 1157 1167 1187 1168 1157 1163 1163 1163 1159 1157 1155 1150 1157 1148 1145 1085 1136 1096 1096 1091 1051 1006  974  974 1030 1035 1035  974  959  913  974  974  974  942  955  962  964  974  974  916  913  913  974  950  965
   548  529  578  585  603  616  639  637  639  639  650  676  670  673  694  700  700  700  690  691  700  701  701  700  676  730  743  753  761  761  761  761  761  761  789  791  769  758  789  767  730  731  730  694  729  657  684  669  486  606  614  481  547  584  567  551  581  562  697  748  837  682  751  869  779  804  939  975  833  692  696  696  697  711  793  882 1214 1057 1094 1382 1341 1079 1349 1397 1129 1115 1035 1255 1104  977  915 1169 1168 1131 1335 1222 1236 1419 1646 1258 1608  974  910 1546 1462 1125  672  672 1317  960 1468  977 1467 1687 1370 1025  985  954 1446 1441 1093 1422  973 1219 1221 1346 1095 1217 1155 1021 1024 1163 1178 1191 1191 1191 1442 1401 1277 1385 1191 1233 1218 1218 1334 1299 1116 1137 1174 1218 1523 1435 1279 1158  980  883  880  880  881  913  913  913  927  967 1553 1955 1858 1373 1215 1401 1084 1084 1198 1578 1990 2112 1879 1238 1238 1824 2126 1584 1776 1860 1754 1889 2133 2107 1828 1888 2255 1585 2096 1889 1930 1909 1930 1645 1523 1492 1422 1462 1384 1344 1326 1310 1290 1280 1248 1218 1218 1187 1199 1195 1189 1163 1180 1188 1163 1163 1172 1188 1187 1153 1147 1115 1096 1123 1109 1097 1096 1069 1035 1003  974 1035 1047 1056 1046 1035  979  974  913  974  916  914  913  913  913  913  954  917  913  913  957  940  972
   486  517  578  595  608  608  631  602  591  608  627  641  648  671  692  698  700  700  699  700  700  700  711  726  702  733  737  731  758  761  761  761  768  761  772  773  761  780  767  761  761  730  730  732  718  713  584  570  498  607  727  596  589  596  616  572  578  633  702  797  867  654  654  727  668  791  795  739  668  669  697  693  730  772  789  790  803 1170  948 1251 1203  926 1282 1339 1285 1219 1401 1317 1098 1166  997  913  913  852 1211 1337 1436 1329 1538 1633 1722 1708 1380 1499 1497 1130 1036  672  933 1428 1431  914 1592 1377 1076 1331 1186 1371  974  993 1351 1523 1013 1186 1435 1514 1420 1156 1303 1039 1021 1325 1472 1601 1391 1191 1191 1191 1191 1191 1191 1218 1495 1523 1889 1462 1047 1523 1175 1340 1418 1432 1523 1128  959  881  880  880  880  913  913  933  926  951 1215 1817 2047 1600 1286 1093 1275 1084 1259 1828 2047 1457 1710 1421 1666 1254 1278 1286 1667 1584 1828 1785 1965 2230 2006 1879 1706 1763 2315 2206 2149 2172 2013 1888 1571 1462 1503 1522 1371 1401 1371 1347 1336 1310 1279 1248 1243 1248 1220 1217 1187 1240 1219 1218 1188 1187 1157 1157 1126 1131 1126 1126 1096 1096 1095 1096 1091 1055 1035  976 1007 1042 1096 1095 1077 1050 1052 1045 1035 1010  974  973  960  934  921  913  918  917  913  913  913  967  974
   486  547  578  565  579  599  592  581  578  605  634  639  639  668  700  699  700  700  672  700  700  706  726  730  724  739  752  747  761  761  761  761  765  761  761  759  761  761  761  761  769  734  730  742  718  686  663  584  567  585  647  611  617  608  706  668  708  725  730  863  882  761  654  790  668  745  669  668  672  676  696  693  700  791  791  738  966 1120  939 1315  918  965 1161 1258 1248 1155 1148 1002 1090  940  974 1072 1154 1094  914 1567 1401 1035 1492 1714 1481 1313 1299  854 1446 1179 1236  672  777 1027  839 1248 1568 1722 1340 1448 1530 1774 1290 1361 1036 1365 1060 1309 1483 1401 1558 1519 1443 1265  977 1401 1695 1492 1471 1510 1331 1373 1391 1187 1390 1253 1526 1401 1493 1180 1251 1454 1299 1561 1449 1573 1481 1043  913  880  875  876  880  913  913  950  930  946 1167 1906 2141 2126 1889 1650 1203 1084 1095 1910 2025 1655 1407 1444 1771 1747 2072 1306 1337 1851 2133 2009 1584 1900 1879 2020 1919 1921 2132 2054 2346 2224 1757 1705 1584 1483 1462 1435 1431 1401 1371 1363 1336 1310 1288 1279 1264 1248 1218 1218 1236 1247 1219 1201 1187 1157 1172 1150 1147 1128 1096 1108 1103 1088 1094 1066 1053 1035 1035 1035 1035 1065 1094 1096 1096 1085 1082 1074 1049 1036 1033 1015  987  977  973  964  943  941  916  913  913  913  974
   517  547  547  552  574  581  573  571  578  605  609  631  650  669  676  699  700  700  683  700  700  723  730  730  730  730  746  761  761  761  762  791  760  761  753  779  790  761  758  761  760  731  727  681  730  632  689  657  647  547  620  622  620  612  754  710  742  742  762  900  730  756  657  675  664  667  665  670  678  684  702  691  699  732  739  730  733 1093 1317 1272  990 1061 1206 1295 1210 1312 1035 1266 1035 1030 1397 1293 1037  852 1031 1585 1392 1112 1181 1469 1217 1218 1595 1521  990  775  883  688  688  785 1196 1199 1499 1623 1472 1513 1495 1496 1216 1402 1072 1454 1124 1189 1279 1252 1257 1256 1200 1308  977 1340 1430 1420 1757 1663 1340 1257 1128 1271 1338 1304 1514 1289 1187 1217 1462 1584 1449 1553 1664 1347 1462 1115 1007  880  871  874  876  877 1086  963  932  943 1215 1950 1739 1798 1668 1779 1332 1198 1094 1279 1912 1630 1645 1706 1523 1856 1873 2002 1728 1373 1539 1656 1645 1645 1584 1767 2072 2154 2011 2301 1837 1645 1811 1696 1523 1584 1462 1431 1424 1402 1382 1357 1340 1309 1311 1279 1248 1255 1247 1239 1230 1189 1227 1188 1188 1187 1147 1193 1187 1132 1099 1070 1078 1066 1059 1050 1036 1035 1035 1035 1035 1065 1072 1076 1073 1085 1087 1083 1062 1040 1035 1035  999  984  975  974  974  940  920  913  913  913  913
   516  517  541  544  548  547  546  595  559  577  604  639  638  670  669  673  700  663  670  695  706  730  734  729  730  730  734  756  761  761  770  768  752  736  759  791  810  761  754  742  731  726  735  737  730  718  706  686  681  538  572  606  608  611  608  606  718  642  739  802  650  718  632  669  659  664  669  674  681  694  679  688  684  681  681  730  913 1337 1284 1095  913 1098 1115 1278 1406 1223 1096 1035  974 1157 1478 1259 1002  852  913 1372 1470 1037 1039 1404 1640 1457  941  851  811 1338  724  730  688  763  896 1507 1258 1202 1136 1366 1113 1772 1584 1650 1361 1553 1269 1220 1323 1167 1158 1106 1145 1157  950 1318 1277 1712 2005 1442 1645 1417 1072 1279 1306 1334 1543 1584 1596 1244 1468 1642 1706 1677 1886 1537 1114  974  915  880  868  871  872  878 1180 1029  941  960 1079 2006 1751 1945 1828 1625 1895 1523 1096 1218 1587 1939 1617 1803 1554 2006 1987 1738 1706 1871 1404 1519 1752 1736 1728 1806 1828 1727 2058 2011 2302 2114 2404 1609 1584 1828 1627 1462 1432 1401 1433 1370 1370 1340 1316 1308 1310 1282 1273 1248 1243 1203 1187 1185 1185 1206 1223 1207 1167 1143 1096 1087 1072 1068 1050 1035 1035 1040 1036 1035 1035 1044 1044 1054 1044 1042 1058 1059 1043 1035 1035 1035 1010  992  977  968  971  928  913  913  913  912  877
   492  517  487  507  518  551  578  576  547  578  630  656  639  636  639  651  653  669  679  700  700  731  728  728  730  730  730  731  761  761  761  761  730  731  761  763  778  761  739  730  725  712  744  739  732  723  711  693  706  572  561  573  578  586  594  598  618  655  645  637  621  622  666  669  659  669  669  676  699  700  676  687  720 1043  742 1085 1080 1335 1223  949  975 1033 1028 1187 1522 1100 1225 1139 1047 1164 1423 1201 1163 1097  852 1233 1738 1284  944 1385 1614 1519 1335 1104 1347 1051  869 1036  688  688  789 1506 1210 1033 1256  866  858  922 1025 1720 1162 1645 1416 1218 1556 1194 1096 1044  930  950 1229 1340 1523 1523 1788 1485 1213 1340 1021 1155 1218 1255 1218 1507 1333 1358 1514 1706 1533 1645 1523 1421 1462 1271 1063  973  878  872  861  873  948 1076  944  968 1085 1828 1888 1564 2011 1767 1950 1218 1157 1096 1339 2011 1508 2011 1889 1959 1796 1889 1592 1584 1794 1432 1599 1889 1584 1714 1797 1655 2188 1943 2343 1963 1706 1584 1950 1848 1879 1645 1469 1466 1432 1401 1462 1434 1388 1310 1297 1291 1248 1236 1218 1213 1187 1211 1218 1202 1187 1217 1186 1187 1157 1159 1079 1074 1054 1045 1046 1055 1040 1035 1035 1035 1035 1035 1035 1035 1035 1034 1035 1033 1027 1027 1005  980  974  957  938  917  913  913  913  903  879
   470  499  517  541  547  560  556  517  559  606  608  642  610  613  616  648  669  669  671  700  700  717  696  703  731  730  730  731  758  761  731  759  730  723  761  908  761  754  730  730  730  730  741  737  729  725  718  708  706  676  650  631  612  596  606  608  623  652  658  643  625  628  686  669  738  840  694  663  688  682  672  687  724  885  928  852 1086 1157 1218 1096  965  953  892  947 1156 1038 1046 1107 1093 1386 1270 1339 1154 1189  900 1001 1581 1367  913 1036 1244 1343 1442 1231 1253 1221 1168  732  818  748  708  937  731  795  827 1295 1348 1455 1366 1124 1426 1539 1346 1218 1402 1207 1462 1286  930 1248 1393 1807 1889 1736 1743 1662 1301 1097  981 1105 1075 1169 1240 1351 1362 1645 1390 1454 1208 1288 1158 1387 1279 1462 1157  937  878  872  878  875  924 1248 1195  941 1034 1467 2072 1538 1394 1349 1218 1188 1401 1240 1096 1462 1584 1568 1819 1349 1462 2116 1889 1950 1706 1982 1460 1480 1523 1523 1584 1812 2125 2100 2255 1859 2194 2066 1706 1767 2289 1741 1528 1520 1462 1462 1418 1432 1387 1348 1336 1284 1258 1249 1276 1248 1235 1252 1218 1248 1203 1205 1187 1187 1153 1115 1050 1077 1066 1068 1067 1060 1049 1036 1035 1035 1035 1035 1035 1035 1034 1030 1035 1030 1019 1004  992  977  951  936  922  913  974  974  933  973  922
   509  517  516  519  547  529  517  517  551  578  608  577  608  638  640  668  669  661  669  698  684  699  670  700  701  730  730  669  741  730  752  738  669  731  761  852  773  730  730  732  769  732  753  727  730  730  730  718  704  693  698  710  704  693  755  608  632  630  621  629  718  629  733  833  809 1019  920  738  877  760  690  683  852  789  720 1032  980  857 1092 1157 1182  981 1317 1015 1249  913 1244 1101 1040 1035  974 1312 1361 1045  913  852  974 1065 1016 1322 1525 1417 1276 1258  950 1060  827 1284  919  791  737  708  899 1604 1315 1327 1658 1888 1766 1178 1642 1743 1358 1279 1227 1235 1274 1220  914 1115 1345 1417 1614 1693 1813 1518 1372 1256  981 1084 1112 1199 1096 1218 1309 1411 1276 1207 1144 1156 1191 1096 1426 1298 1162  909  879  878  878  873  974 1581 1444 1162  965 1462 1940 1681 1848 1403 1514 1448 1720 1595 1353 1100 1475 1735 1210 2025 1827 1767 1798 2133 1950 1595 1523 1997 2159 1687 1719 1706 1966 2133 1916 2072 1989 1751 2133 2298 2041 1950 1559 1507 1527 1465 1462 1413 1431 1353 1309 1318 1309 1279 1340 1310 1303 1249 1272 1224 1187 1164 1148 1126 1108 1097 1063 1085 1086 1085 1093 1096 1096 1063 1036 1035 1035 1035 1035 1035 1030 1022 1033 1020 1007  995  982  967  947  942  943  974  974  974  974  974  958
   486  486  487  487  497  521  549  578  578  578  576  578  609  620  640  649  642  664  669  664  669  670  669  669  700  706  730  729  669  730  731  668  707  801  761  791  753  730  730  755  791  752  730  760  732  741  741  717  706  608  662  718  730  718  838  645  620  622  677  620  662  624  833  888 1117 1154 1031  734  761  667  648  669  669  672  911 1022  973  786  977 1413 1521 1336 1232 1160  950 1013 1076 1200 1027 1054 1041 1174 1544 1364 1099  969 1096  855 1246 1194 1225 1262 1527 1401 1363  878 1404 1336 1112  870  810  740  708 1115 1809 1443 1893 1714 1437 1212 1813 1594 1309 1217 1473 1400 1462 1312  914 1276 1434 1694 1441 1584 1767 1881 1341 1279 1276  965 1157 1157 1111 1103 1061 1178 1439 1272 1239 1100 1066 1101 1545 1231 1030  899  874  878  875  874  930 1549 1632 1320  965 1240 1589 1639 1818 1621 1401 1631 1756 1599 1222 1124 1486 1401 1218 1534 1890 1874 1998 2010 1722 2170 2155 1705 2096 1842 1660 1821 2116 1931 2194 2042 1870 1901 2010 1925 1808 1805 1584 1523 1540 1602 1584 1450 1401 1415 1401 1340 1299 1370 1339 1312 1309 1282 1249 1249 1187 1170 1140 1127 1110 1107 1096 1097 1101 1113 1104 1098 1096 1051 1038 1035 1035 1035 1035 1035 1028 1016 1033 1016  997  980  974  946  965  970  971  974  974  974  974  944  913
   425  464  502  548  529  547  547  549  557  517  535  608  611  638  629  631  669  644  639  665  669  669  647  669  699  692  700  700  730  669  682  729  747  741  730  754  735  730  730  746  800  730  718  742  730  791  730  708  632  706  669  704  718  817  853  695  743  754  706  669  675  886  764 1043 1264  960  916  887  813  910  648  648  664  800  852  766  733  730  791 1019 1373 1547 1221 1217 1039  966 1204  990 1340  992  791  913 1368 1600 1297 1279  843  792 1008 1085 1367 1337 1541 1500 1036 1444 1741 1621 1140 1335 1058  776  716  781 1193 1461 1539 1798 1773 1315 1962 1692 1557 1297 1356 1471 1533 1449  974 1294 1564 1828 1950 1842 1523 1781 1645 1434 1242  946 1035  974 1006 1035  975 1046 1161 1442 1220 1129  974 1119 1340 1308  966  972  874  878  875  875  913 1595 1667 1523 1244  965 1131 1252 1900 2035 1736 1523 1421 1889 1584 1124 1139 1163 1340 1645 2011 1685 1988 1756 1909 1984 2187 1605 2133 2161 1889 1868 1801 1773 2045 2440 2191 2346 2079 2149 1828 1977 1645 1584 1560 1518 1462 1419 1405 1401 1362 1400 1374 1362 1317 1309 1290 1280 1275 1247 1188 1176 1158 1130 1124 1117 1134 1157 1131 1126 1119 1096 1074 1054 1036 1035 1035 1035 1035 1035 1028 1011 1031 1012  997  979  974  962  980  974  974  974  974  974  974  961  950
   442  424  498  542  547  546  503  547  550  553  599  608  604  608  639  650  639  639  662  669  669  669  642  670  699  699  730  698  673  669  697  735  728  730  730  730  730  728  730  730  728  730  718  815  752  767  742  706  706  706  706  624  698  902  880  814  779  852  853  792 1030 1001  916 1391 1160  947  777  786  782  755  764  648  648  793  696  852  670  876  951  854 1092 1096 1027  911  731 1308 1202 1061 1084 1523  943  807 1150 1341  934 1246  951  912  910  973 1343 1437 1184 1652 1379 1565 1411 1025 1236  922  818 1047  716  754 1119 1272 1315 1810 1585 1545 1677 1401 1413 1417 1401 1236 1460 1173  989 1162 1666 1788 1566 1849 2012 1562 1386 1091 1088  946 1097  913  917  991 1318 1203 1349 1280 1338 1099  999  913 1091 1293  884  880  875  878  875  876 1035 1600 1584 1557 1071  974  978 1308 1453 1611 1543 1950 1447 1850 1553 1155 1510 1286 1279 1425 1685 2028 1908 1934 2048 2071 2024 1828 2235 2071 1646 1645 1833 1706 1809 2033 1921 2308 2332 2041 2005 2346 1889 1584 1523 1492 1439 1462 1432 1354 1313 1401 1370 1346 1310 1292 1279 1259 1249 1248 1222 1218 1188 1185 1160 1181 1158 1157 1132 1106 1097 1085 1049 1035 1035 1035 1035 1035 1035 1035 1024 1015 1030 1012  994  983  974  987  989  976  974  974  974  974  984  974  974
   516  477  424  517  510  547  532  547  578  608  608  547  614  611  611  639  639  639  646  668  656  638  648  683  674  700  730  695  668  669  693  719  716  730  731  730  730  710  714  723  709  710  729  767  754  736  669  706  707  706  710  579  669  693  788  778  777  754  828  871 1333 1207 1200 1244  913  791  733  681  648  651  648  781  767  784  648  715  906  801  863 1100 1212 1207 1110  770  769 1253 1073  887  906 1163  977  791 1128  963 1003 1185 1218  865  799 1228 1215 1169 1451 1507 1856 1296 1461 1567 1543 1347 1125 1077  716  716  782 1354 1821 1578 1844 1824 1817 1731 1625 1254 1112 1132 1211 1146  970 1119 1248 1401 1642 1851 1847 1318 1157 1133 1190  929  914  913  909  912 1357 1218 1457 1340 1296 1110 1190  905  880  880  880  880  876  878  877  877 1010 1645 1759 1711 1212  974  974 1096 1846 1828 1870 1767 1572 1971 1887 1155 1157 1167 1187 1502 1659 1950 1789 1958 2048 1645 2092 2102 2117 1706 2198 1830 1719 1889 2015 2315 2186 1957 1913 1999 2200 2081 1878 1591 1538 1464 1432 1401 1373 1326 1307 1311 1371 1355 1248 1249 1249 1249 1246 1220 1218 1210 1189 1187 1162 1172 1157 1118 1096 1096 1090 1057 1037 1035 1035 1035 1035 1035 1035 1035 1029 1030 1023 1000  984  975  984 1035 1006  977 1013 1035 1030 1035 1035  982  974
   486  503  496  465  487  473  517  532  559  542  585  578  578  633  608  639  639  639  639  639  637  642  669  669  669  679  700  706  639  656  668  669  686  703  730  731  730  700  714  708  702  715  754  742  740  706  703  718  706  718  742  646  657  754  743  756  767  908 1092  931 1220  993  870  979 1302  909  730  966 1035  648  730  843  938  963  852 1138  974  835 1051  852  935 1078 1097 1019  789  884  849  870 1198  782  730  730  919 1035  730  908 1037  791 1027 1024 1339 1253 1173 1119 1491 1766 1365 1228 1131 1183 1030 1148  791  791  716 1160 1058 1438 1660 1660 1965 1749 1866 1605 1463 1343 1093  858  858 1035 1533 1445 1599 1950 1664 1318 1502 1228  986  913  994  913  973  914  914  942  942  981  981  913  895  881  887  913  912  880  879  879  877  877 1357 1648 1756 1645 1218  974  974 1055 1156 1218 1340 2059 1637 2216 1555 1361 1162 1336 1695 1207 1234 1250 1274 1472 1779 2010 1554 2100 2194 1927 2096 2110 1911 1767 1896 2212 2267 2155 2168 1767 2278 2385 1809 1666 1507 1448 1407 1362 1359 1321 1310 1279 1274 1256 1237 1218 1215 1218 1209 1218 1218 1193 1187 1159 1157 1159 1139 1115 1097 1092 1083 1055 1041 1035 1035 1035 1035 1035 1035 1035 1034 1035 1024 1001  989  997 1008 1032  999  999 1035 1096 1035 1033  984  976  974
   502  510  514  487  456  464  456  516  516  547  602  581  608  608  619  614  637  618  633  639  639  656  669  669  669  670  674  681  639  669  683  700  731  671  696  700  694  697  700  700  714  712  731  717  706  706  707  702  715  718  730  662  728  733  754  767  779  803  852  789  867  791  791  885  897  791  829  881  769  648  722  941  937 1067  973 1007 1119  974 1012  886  814  817 1011  908  859  922 1038  792  755  730  993 1101  989 1185  982  788  913  791  970  852 1157 1756 1169 1385 1450 1483 1173  973 1125 1252  823  938  902  791  724 1015 1216 1656 1997 1955 1527 1397 1706 1663 1232 1341  827 1032 1035 1156 1585 1616 1841 2125 1740 1395 1504 1350 1218  913  913  911  913 1011 1367 1122 1071 1035 1055  912  927  880  880  880  880  879  879  879  877  923 1279 1822 1889 1553 1127  974  984 1074 1279 1328 1952 1951 2003 2072 1838 1767 1203 1203 1590 1547 1432 1926 2072 1278 1290 2017 1583 2194 2011 2191 1949 1938 2107 1905 2040 2275 2221 1879 1767 1706 2194 1932 2154 1767 1523 1458 1399 1341 1340 1327 1287 1272 1254 1224 1212 1200 1204 1187 1181 1182 1193 1185 1170 1164 1157 1151 1132 1110 1096 1094 1078 1060 1045 1037 1035 1035 1035 1035 1035 1035 1035 1035 1029 1027 1030 1027 1034 1025 1025 1027 1051 1036 1035  989  974  974  974
   517  519  519  517  517  517  496  509  486  503  517  547  584  629  609  639  609  639  639  639  639  639  663  669  669  669  668  616  660  700  669  695  700  688  684  692  688  694  693  700  718  718  718  706  706  706  706  717  718  718  729  742  734  745  670  744  754  779  779  767  803  829  790  912  867  783  815  791  731  648  708  852  853  913 1199 1037  827  918  741  891  780  731  760  739 1030 1041  731  796  746 1041 1236 1369 1004 1251  944 1158  853 1014  791  977 1040 1511 1488 1772 1606 1337 1286 1331 1158 1442 1279 1034  988  847  724  771 1116 1503 1931 1808 1388 1229 1856 1544 1222 1115  827  970 1039 1092 1384 1766 1712 1882 1462 1648 1462  974  915  913  910 1042 1094 1340 1400 1279 1545 1383 1162 1244  914  932 1147  934  971  879  880  878  879  879 1326 1757 1784 1587 1098  974  976 1085 1584 1767 1510 1829 1640 1857 2072 2122 1488 1371 1198 1898 1624 1950 2167 1793 1628 1395 2051 2019 1787 2153 2133 1888 1828 1892 1862 2095 2174 2097 2471 1861 1997 1800 2206 1808 1543 1447 1401 1358 1338 1339 1280 1274 1273 1279 1230 1200 1198 1184 1172 1157 1161 1157 1161 1140 1141 1129 1119 1107 1096 1096 1084 1069 1049 1035 1035 1035 1066 1040 1050 1044 1035 1035 1034 1034 1035 1035 1030 1024 1027 1034 1096 1085 1035 1000  974  974  976
   517  530  548  520  548  548  536  520  578  517  517  575  517  547  608  608  608  608  612  608  609  639  639  643  663  669  637  640  669  670  664  669  700  663  669  681  673  671  693  730  722  707  706  704  696  694  706  707  730  730  730  742  761  714  791  743  706  761  779  791  779  808  791  801  803  791  789  770  648  772  828  733  944  973  945 1022  731  791  843  669  645  704  669  669  853  751  952  832  791 1085 1112 1383 1221 1385 1532 1218 1026  913  852  902  857 1020 1069 1501 1382 1626 1578 1613 1598 1304 1070 1203 1066  838  724  770 1451 1480 1706 1844 1582 1051 1643 1622 1349  799 1215 1037 1035 1106 1279 1570 1520 1824 1629 1385 1505 1125  913  912  908  911  956 1084 1488 1470 1221 1035 1113 1087 1103 1240 1151 1083 1001  903  879  879  880  879 1137 1749 1710 1737 1144  974 1035 1096 1593 2079 1852 2209 1735 1808 2055 1987 1544 1717 1234 1234 1471 1523 2060 1767 1828 1543 1728 1806 1637 2181 2351 2298 1964 1860 1767 1872 2255 2105 2133 1857 1678 1706 2133 1706 1539 1465 1410 1383 1378 1281 1279 1279 1281 1279 1218 1211 1202 1194 1182 1163 1157 1157 1157 1141 1133 1121 1096 1098 1082 1085 1096 1078 1054 1048 1055 1051 1088 1060 1064 1085 1039 1035 1035 1035 1035 1040 1035 1033 1031 1071 1094 1041 1035  992  974  974 1014
   509  518  517  517  520  540  547  547  561  602  571  594  608  524  540  517  517  584  591  593  608  608  639  639  639  627  610  660  670  669  662  646  639  668  669  688  670  669  675  692  699  700  719  700  699  695  707  728  723  746  740  765  791  719  753  737  742  730  744  779  779  791  791  791  805  791  648  648  789 1033  927  836  798  730  980  875  701  678  669  669  684  669  669  669  669  787  669  669  744  791  974  966 1026 1079 1117 1223  913  856 1130 1462 1358  952 1332 1473 1705 1755 1828 1721 1753 1716 1407 1310  959  916  795  724 1050 1665 1558 1821 1182  919 1569 1385  799 1037 1147 1040 1035 1095 1343 1652 1583 1536 1284 1340 1569 1218  913  903  906  974 1144 1482 1272 1262 1177  974 1070 1133 1173 1292 1143 1247  971  913  880  883  880  880 1340 1846 1828 1452 1158  974 1034 1117 1401 1523 2011 1966 1574 1442 1829 1365 2104 1634 1584 1270 1340 1736 1838 2051 1812 1828 1786 1725 1745 1930 2258 2268 2114 1925 1706 1970 2099 2133 2066 2177 1821 1584 1872 1800 1561 1462 1436 1407 1401 1340 1290 1281 1279 1290 1260 1218 1213 1201 1186 1172 1158 1157 1157 1149 1129 1124 1096 1096 1096 1094 1090 1066 1066 1068 1068 1074 1089 1073 1076 1060 1042 1035 1026 1032 1034 1062 1060 1035 1043 1035 1026 1018  981  974  974  974 1035
   488  486  486  500  517  518  517  542  555  578  599  609  608  636  608  608  548  549  578  548  600  609  589  608  636  580  639  670  675  667  640  654  638  669  665  657  667  669  669  702  700  700  700  700  671  700  715  730  761  754  753  779  779  719  744  779  780  792  780  779  771  791  788  772  669  791  673  648  821  791  810  669  791  919 1096  852  669  669  932  763 1034  963  790  809  772  854  735  669  721  730  730  891  971  968  938 1220 1406  852 1034 1447 1677 1215 1300 1272 1335 1949 1489 1786 1501 1279 1083 1035 1158 1420 1262  724  851 1422 1875 1601 1593 1381  771  771 1087 1486 1354 1283 1096 1122 1263 1218 1218 1279 1487 1616 1523 1295  913  897  904 1035 1400 1401 1279 1035  974  958  973 1215 1257 1111 1024 1037  976  880  880  880  880  883 1218 1706 1797 1529 1209  974 1035 1090 1613 1776 2011 1917 2064 2133 2054 1713 1747 1270 1401 1270 1968 1828 1986 2173 1767 2285 2143 1645 1584 2154 2239 1988 1819 1767 1711 1795 2133 1998 2133 1990 2072 2011 1644 1604 1516 1462 1430 1407 1392 1345 1312 1313 1291 1279 1279 1277 1215 1211 1198 1179 1159 1157 1157 1142 1141 1132 1096 1096 1096 1077 1074 1048 1059 1054 1054 1063 1077 1050 1046 1035 1034 1017 1014  996 1029 1038 1039 1035 1063 1037 1008 1004 1002 1017 1025 1015 1035
   511  504  515  517  486  517  517  518  548  575  605  608  608  615  608  608  608  569  517  578  595  594  583  578  582  639  669  669  669  667  647  657  630  637  639  638  639  669  669  677  705  700  694  696  703  721  745  759  756  789  766  761  756  728  754  786  789  812  781  754  791  779  791  820  822  821  791  791  648  648  669  966  917  670  669  669  726  804  911 1055  886 1095 1269  919  985 1058  848 1023 1050 1038  877  765  731  938  914 1191 1400  979  982 1648 1619 1361 1738 1671 1493 1218 1116 1347 1726 1739 1399 1410 1097 1247 1274  724  823 1119 1136 1685 1272  732 1250 1604 1302 1585 1639 1277 1179 1169 1401 1645 1477 1387 1434 1726 1251 1055  914  892  904 1055 1235 1063 1102 1293  974  933  937 1095 1144 1029  974  916  880  880  880  880  882  986 1464 1828 1773 1347 1035  990 1035 1092 1401 1381 1711 2072 2376 2000 2188 2141 1358 2072 1451 1270 1402 1764 1710 1963 1923 2275 1805 1950 1970 1834 2321 1955 1987 1777 1744 1706 2342 2260 2135 1974 1800 2097 1863 1657 1528 1462 1453 1412 1379 1362 1325 1335 1310 1281 1279 1279 1219 1218 1203 1183 1159 1157 1157 1157 1144 1098 1096 1096 1096 1073 1058 1035 1047 1045 1041 1045 1046 1037 1035 1035 1010  990  976  974 1019 1016 1017 1021 1023 1016 1035 1071 1048 1035 1028 1033 1051
   500  517  532  547  547  535  547  539  577  551  567  578  608  608  608  607  608  581  547  548  562  608  605  593  636  640  669  644  657  567  608  610  609  618  609  617  669  669  693  671  657  693  727  659  700  730  730  764  786  783  775  745  759  761  732  791  791  822  803  799  791  791  802  822  822  840  822  848  852  648  791  792  792  707  791  669  852 1051 1122 1381  972 1196 1497 1526 1302  913  952 1006 1339 1383 1228 1092  792  853  927  902 1211 1327 1155 1285 2001 1617 1589 1834 1388 1820 1277 1044 1192 1322 1348 1094 1016  827  768  724  732  732 1007 1422  732 1112 1489 1846 1996 1820 1464 1427 1284 1401 1324 1548 1728 1676 1366 1467 1083  913  902  893  903  913  960  991 1218 1499  973  903  906  943 1054 1004 1030  882  882  880  880  880  908 1225 1564 1942 1614 1523 1096  998 1058 1122 1448 1766 1910 2201 1645 1889 1994 1850 1386 1959 1808 1254 1924 2130 2112 2051 2498 1882 1786 2271 1828 2133 2443 2252 1850 1716 1694 1701 2133 2352 2518 2101 2045 2133 1950 1765 1523 1484 1436 1401 1400 1363 1338 1340 1340 1279 1269 1272 1218 1218 1211 1185 1160 1158 1157 1157 1143 1098 1096 1096 1096 1084 1061 1035 1035 1035 1035 1035 1035 1035 1032 1035 1004  984  976  974  999  999  999 1001 1008 1000  998 1015 1009 1019 1088 1095 1074
   460  513  517  520  547  547  560  575  578  581  608  601  578  585  593  603  598  585  578  578  578  578  578  583  609  606  609  606  578  598  608  608  608  608  627  656  663  649  647  656  669  688  732  670  700  733  761  761  761  776  791  730  761  746  769  791  791  821  806  795  838  822  812  821  822  845  822  822  832  676  704  803  801  718  870  740  852  962 1523 1166  923 1624 1324 1636 1282 1081  908  791 1095 1093 1801 1287  982 1126 1209  791 1006 1382 1093 1035 1160 1489 1627 1645 1766 1842 1450 1056  976  914  914  858  858 1041 1098  998  779  732  732  732  732  732 1488 1691 1657 1755 1336 1156 1332 1218 1339 1340 1923 1941 1561 1536 1303 1096  921  889  893  883  883  974 1310 1269  968  883  883  877 1004  882  882  882  960  952  924  880 1070 1265 1645 2011 1849 1331 1065 1028 1060 1150 1523 2087 2091 2182 1645 2132 1958 1597 1828 2127 1663 1254 1479 1462 1525 2041 2235 2376 1981 2129 1878 2082 2182 2097 1767 1706 1706 1737 1824 2313 2406 2312 2014 2362 2506 1706 1544 1462 1401 1404 1462 1418 1348 1340 1338 1315 1268 1218 1218 1218 1192 1180 1162 1159 1157 1157 1121 1106 1104 1107 1096 1096 1097 1087 1063 1058 1052 1060 1035 1035 1036 1035 1026 1007  974  974  984  975  985  991  991  981  974  973  974  982  998 1010 1005
   464  486  517  484  490  519  517  548  570  578  578  595  606  598  578  578  593  605  587  578  578  581  590  583  597  580  572  579  580  588  598  609  608  608  608  609  642  669  638  669  669  669  720  709  643  724  730  761  762  749  761  730  777  791  730  791  804  866  792  799  796  809  831  852 1019  913  887  837  838  793  740  794  828  971  810  944 1157  974 1416 1037  933 1400 1827 1549 1399 1001 1215 1102  885 1206 1756 1515  959 1301 1442 1045 1064  913 1165 1614 1636 1615 1791 1692 1639 1341 1044 1445 1043 1189  984 1571 1341  951 1263 1268 1245 1204  790 1116 1208 1146  732 1105 1706 1393 1226 1279 1401 1114 1096 1157 1418 1528 1828 1401 1035  916  883  887  883  883  883 1036 1425 1317  933  855  852  839  839  966 1033  996  986  993  972  965 1058 1340 1920 1889 1774 1445 1096 1035 1096 1154 1743 1902 1807 2376 2376 2026 1736 1618 2072 2058 1658 1279 1462 1753 1957 2105 2087 1923 1995 2270 1874 2437 2270 2141 1828 1767 1640 1713 2031 2498 2011 2287 2070 2343 2139 1643 1584 1462 1401 1401 1340 1397 1351 1330 1400 1330 1279 1279 1225 1191 1181 1164 1162 1157 1156 1133 1109 1133 1133 1128 1107 1107 1114 1096 1094 1095 1095 1087 1060 1045 1051 1044 1035 1030 1035 1028  974  975  974  980  979  974  964  954  967  962  974  976  974
   456  456  425  486  517  529  548  578  575  564  578  578  578  588  604  578  599  608  594  578  578  595  606  608  589  578  576  578  572  573  578  579  608  618  640  670  690  701  669  639  657  670  682  672  656  730  742  730  731  730  729  768  779  791  791  791  791 1037  822  819  797  812  850  912  904  852  817  792  816  669  704  916  852  889  974 1194 1160 1300 1449 1466 1156 1090 1578 1315 1200  852 1325 1544 1036 1296 1648 1096 1324 1221 1643 1390  913 1150  913 1039 1416 1341 1285 1741 1528 1851 1570 1404 1256 1241 1547 1281 1164 1360 1105 1238 1191 1243  890 1152 1601 1788  859  732 1411 1603  969 1074 1218 1236 1057 1026 1514 1577 1753 1401 1193 1014  883  883  930 1015  883  933 1157 1126 1084  857  839  891  913  927  989 1016  977  994 1028 1026 1132 1462 2182 2072 1977 1340 1098 1036 1084 1157 1701 2187 1838 2102 2133 2273 1934 2026 2256 1719 1462 1270 1462 1843 1779 2104 2419 1828 2095 2208 2214 2486 2072 1757 1680 1786 1584 1640 1706 1889 2173 2194 1943 1767 1912 1584 1523 1455 1427 1393 1342 1340 1293 1282 1309 1339 1285 1219 1185 1162 1166 1158 1157 1156 1143 1125 1145 1164 1157 1151 1145 1145 1133 1148 1120 1112 1100 1096 1078 1071 1074 1056 1040 1045 1037 1035 1029 1030  975  974  978  974  953  944  946  932  922  931  947
   400  431  467  486  517  523  547  577  548  547  578  578  578  549  578  578  578  578  579  578  578  608  608  608  591  577  578  573  561  578  578  584  608  621  669  700  700  700  698  669  655  700  666  670  716  730  700  726  678  730  730  730  785  791  791  791  791  944  946  844  822  835  890 1093  852  822  791  802  793  669  655  652  661  713  859  907  988 1237  907 1524 1462 1417 1779 1428 1242 1311 1060 1296 1405 1645 1382 1273 1357 1639 1889 1464 1234 1469 1467 1162 1350 1397 1227 1154 1235 1451 1780 1612 1580 1799 1595 1424 1516 1476 1435 1415 1431 1340 1241  973 1641 1916 1621  860  732  732 1035  880 1157 1340  889  952 1096 1513 1475 1433 1239 1279 1066  908  993  972  861  898  910 1005 1355  952  839  875  910  997 1035  976  976  972  988 1002 1188 1873 2092 1990 1629 1462 1157 1065 1096 1157 1292 1805 1619 1796 2194 2133 2194 2404 2163 2280 1767 1270 1462 1889 1865 2315 2023 1793 2370 2041 2034 1878 2232 2291 1882 1646 1584 1594 1780 2376 2255 2072 2194 2197 1788 1537 1520 1468 1462 1400 1348 1331 1282 1279 1279 1280 1274 1224 1218 1157 1157 1157 1157 1155 1136 1122 1149 1197 1201 1157 1159 1171 1184 1155 1155 1141 1120 1097 1096 1096 1096 1086 1085 1065 1043 1044 1035 1037 1035  985  974  974  973  974  944  913  913  913  926
   421  447  470  486  514  542  547  521  547  578  578  577  551  578  578  578  577  578  578  578  578  577  608  584  567  563  552  547  547  577  578  590  624  670  669  665  677  672  700  675  608  635  608  700  700  706  717  669  731  698  730  752  762  790  791  791  791  791  852  914  825  819  887  897  930  888  884  917  894 1036  881  731  651  654  758  911  946  930  862  795 1374 1660 1438 1146 1283 1385 1354 1197 1258 1035 1471 1139 1207 1698 1406 1344 1584 1284 1357 1728 1599 1773 1870 1443 1499 1503 1421 1312 1454 1609 1340 1822 1679 1647 1698 1705 1373 1702 1428 1092 1692 1942 1590 1335 1141 1165  728  867 1065  939  852 1108 1217 1306 1293 1276 1129  999 1032 1064 1053 1401 1157  862 1119 1095 1401  963  807  852  989 1020 1056  962  970  952  957  989 1337 1918 2205 1816 2010 1638 1189 1096 1090 1130 1428 2254 2376 2173 2133 1584 1642 2041 2082 2080 2178 1614 1279 1602 1638 2296 1767 2068 2366 2255 2089 2107 1767 1706 1696 1714 1628 1579 1855 2255 2003 1899 1828 1856 1645 1489 1601 1514 1416 1379 1340 1329 1287 1279 1279 1279 1220 1218 1218 1170 1157 1157 1157 1154 1155 1149 1158 1217 1217 1207 1218 1204 1218 1217 1218 1167 1146 1119 1096 1135 1133 1096 1096 1096 1086 1068 1052 1042 1035 1035 1004  975  988  974  961  928  925  913  920
   395  425  452  459  487  547  502  486  486  547  553  578  578  578  578  578  577  578  578  573  565  578  574  571  547  549  547  547  553  575  601  635  639  669  608  639  646  641  669  631  535  667  650  673  700  669  669  669  735  731  780  787  749  760  777  791  791  838 1113  821  791  790  791  812  913  974  845  909  979 1032  959  731  864  776  650  665  670  669  669  805  998 1202 1037 1217  974 1211  915 1130 1456 1078 1076 1054 1243 1571 1583 1293 1351 1233 1400 1453 1406 1582 1620 1751 1453 1230 1493 1320 1625 1195 1182 1360 1628 1645 1523 1648 1628 1410 1450 1384 1596 1967 1458 1465 1664 1436  728  852  736  796  819 1122 1106 1218 1157 1228 1181  973  954  913  999 1136  942  855  910 1044  972  974  807  902  992  971  956  948  944  940  957 1017 1325 2118 1898 2165 2011 1767 1342 1096 1093 1126 1250 1936 2252 2340 1738 1908 2081 2072 1340 1340 1523 1381 1286 1502 1767 2181 1889 2001 2226 2160 2041 2130 2486 2234 1993 1710 1523 1645 1966 2244 2144 1888 2096 2376 1639 1488 1462 1462 1407 1379 1340 1301 1283 1279 1279 1272 1233 1218 1218 1211 1218 1157 1157 1157 1211 1220 1218 1216 1172 1157 1163 1158 1158 1181 1208 1174 1157 1140 1153 1157 1157 1158 1157 1137 1123 1096 1073 1059 1052 1046 1025 1001  998  983  974  950  934  928  913
   456  442  466  425  486  490  534  547  548  550  577  578  578  578  557  562  575  574  554  552  545  540  543  544  547  547  547  547  545  608  608  627  608  669  608  638  623  602  597  603  675  711  688  669  669  698  724  734  734  700  741  730  761  750  791  821  822  848  933  791  791  857  832  856  892  856  852 1154  912  852  787  950  942  852  888  665  913  889  910  864  670  723  904  914  983 1096  969 1308 1277  993 1292 1153 1102 1457 1305 1355 1519 1083 1354 1097 1234 1423 1244 1492 1614 1368 1183 1183 1080 1285 1403 1185 1158 1158 1633 1558 1563 1523 1349 1331 1704 1897 1563 1450 1407 1030  852  736  736  736  791  913 1401 1699 1552 1183 1032  929  897  902  972 1075 1179  878  913 1229  950  807  807  933  961  947  944  944  930  936  943 1035 1333 1719 1523 2010 1878 1838 1330 1110 1086 1112 1181 1706 2079 1970 1987 1885 2401 2422 2120 1950 1755 1489 1286 1600 1596 2153 1705 2168 2173 2178 1950 2331 2500 2100 1889 1683 1540 1650 1882 2329 2250 1767 2163 2133 1620 1464 1485 1415 1401 1372 1340 1339 1283 1279 1279 1273 1234 1236 1270 1340 1224 1182 1157 1157 1189 1211 1218 1218 1180 1159 1157 1157 1157 1157 1157 1157 1154 1155 1157 1157 1157 1165 1157 1157 1156 1116 1096 1093 1067 1065 1044 1005 1005 1005  983  964  953  949  915
   456  454  460  481  539  535  547  547  548  578  548  578  578  578  548  572  576  565  547  531  519  517  543  547  546  547  547  545  535  607  608  609  607  578  599  608  608  578  595  669  641  670  730  700  700  706  713  737  759  700  761  771  791  761  789  791  815  791  791  791  792  839  853  822  898 1096  959  976  851  820  881 1049 1021 1012  913  669  709  927  959  972  974  741  669  686  669  955  898 1071 1240 1086 1395 1054 1500 1462 1606 1475 1331  975 1602 1489 1491 1080 1302 1346 1418 1458 1432 1492 1594 1080 1017 1190 1035 1035 1116 1419 1530 1583 1143 1340 1589 1824 1700 1366 1283 1320  913 1159  736  764  893  913 1144 1645 1543 1268  917  852  852  896 1107 1361 1279  884  900 1272  807  877  900  916  934  945  943  944  916  932  974 1030 1272 1932 2119 2194 1772 1607 1398 1152 1096 1096 1157 1523 2161 2148 2458 2278 2133 2194 2107 1980 1325 1310 1310 1523 1829 2091 1668 2071 2498 1949 1854 2175 2211 2181 2077 2100 1660 1541 1676 2255 2031 1828 2151 2031 1540 1468 1439 1393 1371 1350 1340 1340 1316 1314 1279 1282 1281 1279 1340 1279 1218 1157 1157 1157 1160 1175 1212 1217 1216 1175 1157 1157 1147 1157 1154 1150 1152 1157 1157 1154 1162 1170 1157 1157 1157 1148 1114 1096 1097 1082 1059 1036 1007 1005  981  974  970  965  955
   432  448  482  502  547  578  549  522  553  545  563  549  578  546  547  560  565  547  534  517  520  546  545  545  541  547  547  547  517  547  547  578  574  578  578  608  563  544  633  632  639  670  712  731  701  730  700  731  731  761  738  761  791  761  761  800  791  791  791  791  791  791  797  821  888  913  949  956  861  913 1008 1227 1248  781  882  724  898  918  944  941  974  974  877  889  956  900 1041  927 1147  943 1026 1093 1446 1215 1244 1158 1055  994 1659 1762 1582 1411  974 1045 1300 1407 1583 1713 1425 1377 1342 1017  950 1034 1005 1157 1222 1358 1418 1060 1001 1651 1751 1775 1325 1578 1299 1185  870  764  779 1046 1222 1307 1340 1131  879  852  852  913 1157 1337 1001  884  895  885  807  791  791  883  931  874  913  913  925  938  958 1010 1371 1828 2147 2011 1587 1548 1280 1148 1105 1119 1158 1498 1885 2243 2022 1848 2072 1404 1401 1340 1672 1827 1310 1404 1863 2194 1534 1887 2437 1957 1858 2133 2337 2146 2010 1715 1675 1540 1706 1927 1716 1675 2164 1706 1462 1401 1369 1340 1340 1340 1346 1379 1413 1325 1333 1340 1283 1318 1359 1279 1218 1199 1157 1157 1157 1159 1173 1194 1202 1166 1157 1157 1144 1157 1148 1143 1154 1157 1155 1147 1157 1157 1157 1157 1157 1157 1136 1127 1102 1097 1077 1041 1029 1007  991  976  975  982  975
   424  457  487  521  564  548  548  502  517  546  517  562  516  578  547  547  542  564  536  491  530  560  536  534  531  517  551  510  517  529  502  548  578  557  521  547  517  608  563  611  621  663  699  700  700  726  700  761  763  829  820  792  791  780  761  791  791  821  795  766  788  816  791  809  850  975 1022  856 1003 1105  979 1015  884  859 1178 1208  913  852  913  913  983  962  895  958  796  699  809  806  901  848  951 1208 1099 1496 1270 1205 1273 1345 1467 1540 1051  913 1407 1644 1152 1104 1485 1776 1689 1264 1376 1035 1145  950  914 1222  974 1119 1299 1642 1269  965 1378 1258 1645 1415 1486 1406  984  836  779 1147 1419 1727 1566 1401  966  852  852  916 1087 1349 1310  889  855  852  837  913  791  822  878  913  944  941  943  942  944 1011 1218 1575 2063 2011 2244 1720 1279 1165 1142 1134 1160 1340 1590 2292 2072 1523 1462 1687 2103 2194 2018 1706 1462 1325 1365 1392 1462 1863 2417 2451 1844 2082 2559 2153 2125 1851 1652 1706 1462 1626 1584 1415 1545 1446 1342 1340 1340 1321 1287 1329 1339 1462 1462 1398 1385 1401 1401 1382 1302 1279 1218 1218 1157 1157 1157 1157 1165 1165 1159 1157 1157 1157 1154 1157 1123 1125 1156 1153 1142 1135 1157 1155 1150 1144 1144 1142 1155 1144 1119 1104 1087 1055 1035 1009 1000  983  976  974  974
   427  478  482  540  486  470  484  489  487  486  506  548  517  575  561  578  547  559  531  487  542  539  516  547  517  517  534  499  506  486  547  510  517  517  517  534  553  608  601  585  583  607  650  669  669  700  731  716  761  790  792  791  791  780  761  791  791  822  812  834  798  791  791  817  852 1041 1252  956  913  903  859  852  891  768  869  933  896  908  963 1073 1014 1123  913  981  913 1019  915  669  723  731  887  952 1108 1210 1004  899 1696 1430 1640 1225 1251 1279 1581 1575 1486 1218 1252 1788 1515 1576 1522 1226 1522 1156 1224  914  882 1079 1035 1334 1667 1286  882 1161 1282 1252 1746 1098 1115 1035 1209  791 1096 1310 1151 1475 1068  913  852  974 1095 1276 1401  914  861 1157 1130  852  791  970  913  913  926  932  944  941  938 1015 1340 1790 2321 2132 2077 1724 1418 1221 1170 1157 1180 1268 1552 2407 2389 1706 2078 2072 2154 2213 1696 2133 1353 1606 1729 1828 2159 1871 2255 2158 1859 1956 2117 2020 1918 1718 1634 1736 1636 1523 1467 1586 1577 1397 1397 1340 1350 1347 1279 1299 1308 1384 1391 1401 1386 1398 1401 1388 1335 1279 1233 1218 1213 1157 1156 1157 1173 1169 1172 1166 1162 1157 1157 1137 1099 1108 1131 1137 1137 1132 1155 1152 1137 1127 1126 1126 1127 1127 1127 1104 1092 1055 1035 1020 1020  987  975  960  938
   395  395  486  486  431  427  477  425  485  486  498  486  547  552  547  578  548  545  537  486  546  517  523  517  517  515  515  502  486  547  547  548  546  539  543  563  608  608  639  609  625  608  669  674  730  719  730  730  730  761  791  791  762  767  776  791  791  791  823  823  852  791  791  791  832  895 1241 1214  974  913 1027  916  883  843  791  791  883  913  979 1034 1220 1194 1090 1107  917 1123 1111 1084  948  978  974  745  855  893 1159 1003 1181 1123 1077 1509  850 1168 1463 1698 1767 1393 1297 1533 1767 1509 1616 1526 1531 1340 1733 1367  882 1413 1340 1035 1384 1592 1400  839 1103 1200 1523 1388 1218 1462 1734 1074  791 1132 1470 1672 1218 1110  940  928 1141 1228 1469 1223 1252 1116  928  791  822  933  898  902  904  914  930  940  962 1014 1270 1828 2102 1706 1523 1927 1432 1253 1212 1196 1198 1256 1493 2039 2182 1883 1828 2169 2289 1795 2292 2078 1361 1369 1584 1878 1932 1940 2472 2072 1706 1985 1584 1976 1686 1526 1889 1914 1895 1839 1645 1797 1608 1612 1495 1401 1401 1385 1356 1340 1279 1297 1340 1357 1362 1368 1373 1383 1340 1341 1255 1218 1218 1157 1139 1155 1187 1183 1190 1183 1164 1157 1157 1132 1096 1096 1116 1132 1154 1157 1153 1148 1147 1127 1126 1121 1122 1126 1110 1096 1093 1055 1040 1035 1003  977  974  947  913
   481  395  425  425  505  561  540  517  502  507  486  521  547  553  547  547  547  546  524  500  477  516  517  503  511  517  511  487  486  487  520  517  517  542  578  593  610  609  627  608  622  669  639  700  728  736  704  727  738  762  826  791  789  770  791  791  806  791  860 1092  897 1157  791  791  791  843  937 1343 1035  940  934  852  852  908 1026  928  881  913  913 1035 1138 1427 1255 1164 1218 1153  915  852  919 1459 1141 1058  792 1019  857  730  733  731 1162  884  791 1513 1637 1381 1664 1254 1055 1463 1807 1705 1702 1889 1279 1521 1514 1341 1585  862 1096 1284  969 1180 1271 1154  803  791  791 1108 1097 1588 1732 1134  791 1168 1534 1512 1488 1348 1017  852 1035 1218 1108 1279 1437  965  791  801  935  883  884  888  899  910  916  928  944 1003 1385 1889 2167 1828 2091 2109 1758 1283 1247 1242 1218 1298 1357 1994 2153 2195 1917 2437 2282 2129 1767 2072 1729 1369 1373 1757 1977 2255 2255 2292 1792 2255 1949 1860 1828 1584 1927 2055 2133 2103 1936 1843 2011 1767 1584 1464 1346 1340 1340 1340 1339 1279 1277 1324 1340 1358 1350 1340 1340 1309 1326 1275 1218 1192 1164 1188 1197 1199 1205 1196 1195 1171 1158 1157 1128 1096 1096 1121 1157 1157 1155 1145 1151 1127 1126 1127 1120 1122 1101 1096 1096 1081 1048 1035  995  974  922  913  913
   464  486  452  486  547  547  547  534  547  536  502  513  524  532  578  553  547  538  518  486  486  498  507  499  515  516  479  494  486  486  527  529  547  505  592  608  609  609  608  617  631  640  699  674  731  730  751  730  758  761  761  780  791  789  790  791  791  822  822  878  945  936  838  795  791  791  884 1090 1067  913  971  990  976 1033  955  892  858  852  913  913 1096 1228 1554 1378 1225  989 1222 1494 1364 1466 1320  884  900 1100 1071 1146  920 1035 1062  851  791 1215 1162 1340 1449 1071 1270 1494 1281 1838 1860 1894 1581 1712 1226 1076 1099  954  862  835 1370  852  852  803  959 1157 1024  852  913 1410 1401 1315  764  764  764 1123 1111 1170  771  771 1035  934 1091 1401 1271 1218  791  809  837  906  872  883  887  902  900  873  919 1039 1188 1889 2054 2387 2194 1828 1645 1354 1315 1264 1224 1340 1340 1523 2214 2133 2109 2081 2194 2106 1647 1594 1871 1622 1373 1568 2011 2309 2255 2072 2167 2260 2362 1956 1817 1648 1974 2224 2061 2030 1645 1917 1985 1842 1564 1463 1401 1340 1340 1305 1279 1279 1258 1271 1285 1297 1306 1340 1340 1332 1279 1270 1253 1240 1218 1207 1218 1218 1218 1212 1204 1190 1176 1160 1122 1101 1096 1096 1157 1157 1157 1157 1157 1128 1149 1127 1120 1120 1096 1096 1096 1091 1056 1035  974  913  919  878  927
   456  427  456  517  517  548  543  547  549  547  538  551  548  566  560  548  547  524  498  486  487  486  503  502  528  486  487  514  486  479  524  547  556  487  532  510  550  608  608  638  639  669  688  670  732  700  730  755  761  761  761  787  791  791  791  791  791  822  822  865 1087  852  972  818  814  816  822  907 1176  974  979 1025  953  913  890  877  864  852  852 1087 1058 1252 1338 1398 1185 1009 1372 1252 1418 1132  902 1179 1404 1035 1229 1426 1096 1123 1221 1421 1240  902  863  887  852 1404 1100 1265 1571 1402 1461 1678 1923 1738 1768 1560 1583 1350 1035 1040  835  815  815 1037 1030 1401 1572 1505 1110  771  771  764  764 1360 1404  768  768  768 1170 1109  771 1045 1461 1170 1462 1143  848  791  822  822  836  869  874  862  852  863  901 1064 1819 1431 1401 2232 1981 1935 1809 1414 1385 1294 1270 1278 1278 1345 2102 2137 1896 2095 2133 2018 2236 2255 2009 2076 1867 1385 1858 1705 2294 2194 2498 2376 2159 2151 2133 1718 1798 2061 2182 2323 1706 1889 1957 1899 1619 1462 1391 1340 1340 1295 1283 1279 1218 1219 1255 1279 1279 1279 1281 1285 1250 1218 1214 1198 1192 1212 1204 1202 1218 1218 1218 1208 1188 1187 1160 1107 1096 1096 1096 1157 1157 1157 1157 1157 1157 1157 1126 1121 1096 1096 1096 1068 1040 1035 1034  925  913  885  928
   441  425  455  492  487  534  486  547  565  578  547  571  547  571  557  547  523  517  486  486  486  486  547  486  486  485  548  487  496  437  489  544  547  472  509  506  486  556  522  547  597  618  669  672  670  700  730  759  761  802  800  768  761  791  791  791  821  822  974  872  944 1000 1157  924  919  796  816  848 1041 1043  933  913  914  915 1082 1103  924  877  852  906  993 1146 1544 1218 1280 1318 1157 1108  999  946 1119 1357 1706 1361 1198 1222 1306 1009 1340 1397 1369 1295 1007 1365 1280  913  914 1087 1583 1157 1475 1647 1603 1464 1823 1650 1293 1353 1474  978  913 1360  815  984 1133 1146 1533 1523 1523 1398 1157 1101 1377 1828 1462 1343 1216  961 1534 1098  974  775  775  775 1013 1157  852  857  791 1035  840  852  852  852  855  889  937 1181 1843 2410 2620 2007 1962 2087 1773 1498 1360 1304 1270 1340 1339 1401 2137 1950 2072 1613 2224 2242 2235 2252 2171 1485 1600 1385 1889 1710 1814 2376 1973 2327 2220 1837 1767 1979 1684 1819 1949 2100 2041 2072 2133 1828 1469 1462 1401 1343 1339 1340 1283 1249 1276 1218 1215 1249 1238 1227 1217 1211 1215 1207 1196 1158 1137 1157 1148 1157 1157 1162 1197 1161 1150 1166 1157 1157 1096 1096 1094 1076 1075 1065 1085 1099 1126 1157 1144 1137 1104 1096 1071 1035 1019  995  966  913  852  925  948
   381  425  413  452  517  517  517  547  550  518  535  540  547  559  550  539  519  510  479  484  459  530  547  484  484  515  527  486  486  436  500  486  487  479  547  556  577  606  608  603  547  547  651  695  704  702  742  730  730  766  761  790  780  791  791  791  791  821  852  937 1019 1097  921 1053  852  845  902  914 1097 1193  914  918  969  947 1147 1276  914  913  916  884  974 1134 1287 1268 1401 1201 1096 1100  975 1178 1356 1829 1645 1664 1461 1281 1109 1231 1466 1570 1550 1219 1232 1596 1354 1456 1339 1034 1035 1645 1426 1806 1548 1279 1706 1528 1642 1375 1123 1099 1509 1243 1194  823 1370 1151 1094 1204 1614 1584 1792 1423 1035 1637 1951 1774 1277 1035 1521 1523 1431  987 1087  779  779  783  783  791  849 1028 1154  889  852  852  872  905  982 1258 1862 2437 2437 2558 2084 1685 1578 1553 1357 1340 1295 1310 1457 1463 1753 2133 1706 1645 1972 1610 1687 1710 1523 1828 2382 1957 1420 1420 1726 2011 1846 1889 2314 2191 1828 2121 1964 1828 2407 2019 2254 1767 1813 1660 1523 1401 1401 1401 1400 1340 1308 1246 1219 1218 1215 1190 1202 1195 1184 1183 1215 1180 1187 1158 1158 1157 1140 1121 1147 1157 1131 1120 1098 1096 1089 1081 1069 1083 1052 1039 1037 1035 1037 1050 1077 1096 1157 1096 1096 1038 1035 1035  977  978  974  904  965  974  989
   395  395  425  434  486  485  487  515  517  506  517  517  543  555  548  538  517  504  485  473  425  453  484  484  485  494  487  519  464  431  477  450  474  486  486  546  547  567  608  608  639  646  651  669  703  715  730  699  730  763  761  761  792  776  791  791  822  802  838 1008 1113  944  852  912  974 1045 1004 1025  974 1152 1078 1117 1068  937 1024 1229 1008  967 1015  913  913 1033 1247 1582 1402 1318 1096 1178 1096 1160 1457 1518 1827 1810 1577 1242 1146 1451 1515 1521 1436 1147 1674 2039 1611 1205 1563 1191 1160 1340 1500 1342 1343 1564 1633 1801 1611 1518 1527 1742 1521 1688 1347  823  823 1066 1073 1218 1394 1556 1213 1645 1909 1382 1728 1923 1575 1357 1564 1746 1689 1169 1313 1035  972  840  847  783  943 1302 1309 1066  904  882  903  929  966 1230 1828 2087 2121 2427 2002 2152 1950 1699 1583 1454 1428 1310 1401 1462 1576 2538 2336 2169 2315 1962 2058 1949 2072 2053 2095 1589 1864 1601 1503 1535 1655 2015 2133 1829 1828 1943 1753 1863 1893 2086 1869 1679 1652 1474 1412 1401 1406 1396 1355 1334 1279 1241 1226 1240 1219 1270 1198 1187 1181 1157 1157 1157 1157 1155 1156 1217 1120 1096 1157 1099 1097 1096 1096 1078 1055 1038 1035 1035 1035 1035 1035 1035 1065 1035 1051 1063 1093 1096 1096 1069 1035 1035  992  988  948  908  977  981 1034
   384  405  404  425  456  464  486  486  488  486  497  517  547  547  547  536  541  518  505  486  428  450  477  484  541  492  481  517  427  459  459  470  492  531  544  551  547  548  578  547  587  639  669  548  664  722  669  691  709  731  736  689  733  791  821  819  827  828  829  915  955  852  912  973  913 1157 1154  980  913 1025  958 1093 1122 1140 1140 1157 1285 1005  913  916  913  965 1180 1453 1160 1414 1186 1350 1272 1225 1100 1552 1772 1788 1571 1535 1339 1537 1660 1583 1310 1633 1431 1568 1836 1824 1614 1147 1210 1148 1059 1339 1158 1340 1689 1798 1564 1326 1516 1874 1966 1678 1645 1259  831  831 1157 1583 1118 1096 1828 1713 1598 1401 1340 1520 1523 2107 1934 1924 1643 1157 1592 1084 1075 1368 1047 1051  811  811 1016 1149  913  938  913  961 1034 1081 1523 2153 2185 2402 1930 1905 1494 1515 1562 1706 1791 1401 1270 1401 1472 2117 2373 2181 2171 2163 2273 2039 1838 1571 1523 1610 2395 2123 1503 1581 1706 1768 2159 2183 2078 1828 1776 2336 1767 2048 1853 1874 1462 1459 1401 1357 1401 1378 1340 1340 1279 1259 1249 1256 1237 1255 1249 1204 1217 1218 1212 1218 1218 1158 1157 1096 1096 1096 1096 1096 1096 1096 1096 1054 1047 1040 1038 1035 1035 1035 1035 1035 1035 1037 1050 1065 1062 1073 1060 1036 1035 1035  917  954  913  974  913  974 1035
   395  395  418  425  449  456  460  471  460  474  485  489  522  547  517  510  488  514  547  537  427  427  477  485  486  487  461  457  455  456  486  484  514  517  546  547  547  578  576  578  608  608  669  699  672  677  730  726  730  733  669  756  778  747  809  792  803  796  821  822  817  791  880  864 1018  966  976  977 1035  913  953 1094 1343 1421 1437 1219 1180 1038  913  973 1035  913 1002 1263 1106 1162 1139 1386 1255 1638 1578 1162 1765 1703 1578 1532 1522 1767 1419 1574 1503 1583 1533 1565 1524 1305 1521 1358 1536 1752 1317 1116 1217 1506 1539 1531 1767 1581 1804 1466 1403 1220 1459 1073 1253  831  843  843 1218 1580 1368 1461 2011 1510 1339 1218 1416 1601 1767 1931 1739 1975 1677 1248 1340 1484 1454 1033 1012 1238  847  983 1131 1035  968  974 1096 1201 1558 2509 2498 2147 2089 2084 1523 1645 2011 1911 1706 1401 1270 1462 1818 1843 2240 2127 1901 1958 1782 1623 1645 1719 1949 1812 2133 1860 1634 1584 1674 1643 2011 2392 2076 1828 1895 2184 2188 1925 1693 1523 1632 1401 1517 1401 1363 1401 1342 1340 1340 1273 1273 1277 1274 1258 1227 1218 1217 1218 1218 1181 1168 1159 1156 1153 1116 1096 1172 1121 1096 1096 1100 1097 1113 1088 1088 1090 1095 1053 1035 1041 1028 1035 1035 1035 1065 1065 1065 1035  985  980 1035  974  987  979  974  974  970
   388  395  425  425  438  452  447  452  455  459  486  498  517  517  517  517  425  487  486  535  487  413  427  464  486  425  381  431  456  455  456  486  499  529  490  548  548  547  554  608  639  649  669  669  725  669  730  730  644  669  761  749  735  791  791  791  791  791  818  822  796  805  866  846  851 1068 1208  920  857  877  972 1049 1228 1086 1161 1218 1309 1439 1064  913  913  913  913 1086 1023 1136 1111 1385 1695 1755 1766 1279 1898 1722 1656 1581 1421 1318 1304 1340 1350 1767 1776 1827 1462 1528 1282 1522 1574 1305 1476 1073 1466 1399 1618 1444 1824 1776 1808 1600 1585 1462 1892 1845 1608 1220  974  986  843 1261 1218 1601 1716 1878 1858 1483 1218 1338 1468 1742 2048 2133 1645 1497 1418 1771 1576 1296 1118 1081 1090  847 1307 1336 1114 1142 1112 1269 1391 2016 2376 2488 2071 2135 1949 2007 1859 1858 1584 1407 1270 1489 1657 2011 2144 2200 2315 1946 2376 2345 1617 2437 2255 1909 2082 1772 2111 1706 1584 1761 2072 2092 2269 2030 2182 1906 2133 1964 2120 1763 1558 1574 1594 1504 1530 1401 1342 1340 1401 1351 1303 1279 1272 1233 1218 1251 1309 1217 1181 1197 1157 1157 1215 1157 1157 1197 1340 1301 1096 1096 1120 1124 1151 1096 1101 1096 1103 1096 1053 1069 1096 1056 1035 1035 1035 1035 1035 1045 1036 1033 1035 1035 1018 1030 1015  989  987
   364  375  425  425  434  427  431  454  456  486  517  517  499  486  491  478  480  425  485  486  486  364  425  484  484  415  364  425  447  484  484  486  486  491  486  486  486  547  606  594  608  634  669  700  700  609  700  608  733  724  729  758  822  823  791  791  791  791  798  802  791  803  822  805  913 1146 1071  913  852  852  914  978 1055  980 1260 1084 1096 1087 1208  975  913  913  913  974  913 1127 1101 1330 1521 1688 1484 1436 1690 1787 1685 1376 1329 1233 1294 1226 1498 1810 1649 1591 1783 1414 1777 1888 1543 1596 1436 1096 1428 1825 1590 1542 1572 1951 1991 1522 1814 1865 1847 1740 1493 1286 1201  942  851 1122 1537 1427 1439 1692 1774 1657 1312 1157 1279 1555 1767 1806 2227 2059 1706 1888 1535 1237 1035 1096  947  847  962 1279 1475 1523 1294 1249 1471 1299 1889 2072 2183 1976 1915 2037 1993 1809 1462 1415 1270 1443 1666 1782 1687 2289 1982 1824 1977 1787 1903 2078 2315 2258 2255 2069 1889 1804 1584 1716 2112 2181 2194 2133 2232 1888 1955 2275 1769 1523 1684 1621 1729 1462 1564 1401 1401 1401 1366 1340 1336 1314 1274 1263 1266 1274 1269 1211 1189 1208 1195 1179 1213 1159 1179 1153 1206 1283 1118 1122 1146 1105 1099 1096 1100 1084 1055 1038 1079 1087 1096 1096 1107 1035 1035 1035 1035 1046 1039 1038 1038 1035 1050 1045 1035 1033 1035
   363  364  425  425  425  427  435  454  435  456  486  485  464  486  487  461  417  477  465  486  409  364  425  465  442  424  452  481  486  456  486  511  517  524  538  547  534  486  545  547  608  608  669  724  669  678  608  701  730  730  726  731  809  814  791  791  791  791  791  791  791  791  792  799  815  881  913  861  852  847  913  976  963  974  974  976 1146 1037 1016  952 1053  974  951  906  959  972  978 1094 1295 1726 1765 1717 1793 1794 1767 1629 1466 1486 1479 1263 1371 1097 1369 1350 1862 1827 1342 1751 1832 1344 1440 1304 1275 1590 1829 1604 1457 1738 1807 2131 1708 1615 1219 1159 1150 1371 1157 1242 1222  851 1218 1230 1438 1189 1828 1999 1544 1096 1115 1259 1382 1584 1486 2133 1912 2024 2044 1297 1135  974  913  859  882  974 1270 1642 1495 1514 1401 1279 1503 1698 1919 1839 1828 2133 1815 1857 1713 1511 1270 1339 1645 1768 1629 2370 2231 2392 2194 1706 2124 2114 2210 2308 2416 2145 2092 1740 1584 1687 1979 2238 2594 2424 2030 2274 2022 1950 1767 1665 1889 1959 1939 1565 1464 1405 1401 1359 1391 1401 1363 1338 1340 1401 1340 1279 1258 1218 1218 1218 1161 1208 1218 1157 1138 1096 1123 1136 1095 1279 1405 1098 1096 1096 1067 1035 1034 1035 1065 1096 1096 1096 1096 1035 1035 1035 1035 1037 1062 1042 1054 1057 1066 1065 1061 1035 1096
   367  395  364  420  427  425  425  434  425  456  464  437  425  486  393  361  365  363  422  413  373  364  368  368  365  425  456  487  453  456  457  486  492  517  547  547  547  547  549  608  606  608  655  674  670  700  693  643  721  730  730  731  791  784  779  791  826  797  788  791  838  791  791  791  791  791  852  844  791  845  853 1048 1145 1014 1067 1144 1074 1101 1069 1035 1016  974  913 1034 1044 1096 1047 1279 1584 1464 1612 1630 1636 1190 1645 1570 1670 2015 1683 1411 1285  984 1623 1754 1375 1496 1273 1390 1399 1517 1297 1219 1283 1635 1786 1743 1652 1593 2025 2098 1774 1656 1400 1293 1609 1625 1818 1315 1096 1084  870 1203 1096 1310 1699 2004 1409 1269 1035 1096 1245 1340 1729 2083 1889 1884 1706 1270 1178 1049 1121  963 1035  882 1260 1603 1506 1342 1461 1197 1217 1571 1377 2127 1895 1982 1837 1770 1840 1464 1279 1270 1584 1767 1513 1740 2226 2265 2048 2071 1819 2285 1909 1828 2205 2211 1889 1723 1717 1864 1903 2315 2219 2437 2473 2159 2011 1884 1973 1927 1836 1990 1682 1658 1555 1496 1495 1459 1401 1401 1401 1400 1360 1340 1340 1340 1374 1286 1257 1279 1211 1214 1215 1218 1157 1096 1096 1096 1094 1101 1140 1096 1096 1096 1061 1035 1032 1033 1041 1057 1096 1096 1096 1083 1035 1035 1035 1035 1035 1035 1065 1065 1089 1095 1072 1065 1096
   364  364  422  425  446  425  455  425  425  425  440  427  363  307  370  381  375  303  352  363  366  425  427  427  367  425  425  425  456  486  487  499  487  516  546  522  517  548  547  570  608  608  619  696  699  700  730  729  710  730  730  830 1035  801  785  791  791  893  909  852  852  899  852  803  850  893  890  791  889 1016  984 1120 1150 1001 1383  929  952  935  973  974  972  913  917 1044 1147 1143 1289 1337 1382 1464 1510 1525 1716 1117 1294 1696 1755 1790 1554 1591 1554 1074 1297 1266 1098 1523 1520 1541 1410 1550 1435 1317 1159 1445 1641 1807 1598 1646 1709 1837 1653 1726 1533 1251 1889 1401 1491 1208 1558 1157  870 1035 1218 1424 1456 2063 1954 1419 1144 1035 1155 1246 1510 1706 2217 2029 1781 1421 1096 1218 1400 1121 1037  882  974 1301 1563 1308 1153 1416 1462 1226 1441 1310 1828 2041 1685 1710 1462 1369 1279 1270 1584 1694 1477 1462 1988 2093 2184 1982 1944 2057 1889 1857 2145 2180 1889 1987 1653 1724 1856 2242 2001 2436 2358 2376 2196 1889 1767 2006 2322 1785 1628 1584 1706 1584 1465 1462 1431 1400 1388 1352 1340 1340 1340 1312 1325 1382 1343 1279 1218 1319 1286 1157 1208 1109 1096 1096 1084 1090 1082 1095 1045 1073 1066 1035 1030 1030 1033 1035 1035 1035 1035 1096 1035 1062 1044 1038 1083 1035 1094 1096 1098 1097 1098 1096 1096
   348  347  356  400  427  402  425  364  428  414  334  321  364  425  484  385  367  364  364  386  400  420  482  490  474  487  487  486  505  489  486  486  517  544  547  524  517  547  575  579  578  609  630  673  671  730  761  730  730  692  730  734  750  790  791  791  870  851  975  970  852  900  938  852  912  974  913  852  969  981 1132 1233 1389 1229 1071  944  913  913  913 1026 1032 1054 1059 1101 1174 1116 1299 1490 1227  966 1075 1479 1071 1057 1218 1509 1778 1783 1474 1299 1407 1211  916 1416 1376 1245 1609 1490 1716 1711 1721 1222 1343 1802 1716 1402 1847 1577 1840 1736 1966 1587 1499 1564 1815 1340 1245 1832 1506 1523  870 1104 1291 1346 1569 1645 1940 1604 1462 1031 1031 1096 1170 1531 1752 2003 1871 1340 1523 1483 1260 1314 1118  974  974 1033 1223 1110 1421 1685 1889 1557 1279 1824 1412 1472 1677 1593 1617 1446 1252 1218 1339 1604 1366 1400 1997 2028 2069 2255 2255 1797 2023 1584 1999 2085 2039 1950 1831 1869 2149 1828 2255 2234 2193 1950 1950 2193 1983 1706 2133 2376 1881 1704 2011 1653 1521 1401 1420 1401 1382 1401 1351 1340 1340 1301 1340 1314 1279 1279 1279 1280 1215 1218 1183 1157 1157 1095 1081 1081 1035 1035 1035 1035 1036 1035 1034 1034 1035 1072 1096 1096 1035 1035 1035 1096 1112 1098 1096 1088 1100 1096 1102 1135 1127 1126 1096
   364  240  243  356  303  302  368  346  300  316  377  377  425  425  427  367  364  361  364  372  425  465  486  543  489  517  517  528  489  463  462  486  531  519  509  547  547  547  548  547  598  627  669  670  690  709  761  730  730  697  731  730  791  789  792  816  791  817  852  966  881 1015 1014  852  852 1035  913  913  974  926 1075 1034 1094 1211  954  913  913  906  942 1035 1095 1188 1317 1340 1450 1498 1221 1270 1269 1412 1030 1302 1159  940 1219 1174 1265 1706 1535 1512 1045  991 1258 1284 1222 1652 1869 1785 1713 1431 1289 1239 1643 1567 1775 1665 1851 1834 1523 1693 2055 1660 1750 1858 1340 1097 1736 1746 1416 1035  870 1096 1292 1279 1369 1503 1736 2018 1523 1173  974 1068 1144 1340 1542 1666 1828 1888 1660 1767 1523 1584 1133 1018  997 1027 1096 1395 2051 2192 2063 2135 1645 1621 1839 1803 1404 1401 1568 1521 1302 1218 1241 1284 1340 1388 1890 2297 2120 1924 2101 1990 1645 1779 2120 2194 2079 1850 2079 1768 1800 1828 1991 2115 2072 2057 2241 2394 2072 1911 1707 2010 2072 2088 1654 1536 1520 1412 1456 1431 1386 1362 1370 1407 1340 1340 1279 1275 1279 1279 1279 1288 1324 1279 1238 1218 1155 1108 1092 1088 1053 1065 1035 1034 1084 1033 1033 1036 1091 1035 1156 1158 1035 1035 1103 1096 1139 1117 1102 1096 1127 1122 1096 1143 1149 1157 1096
   365  395  425  384  427  456  304  360  395  420  425  425  425  378  366  396  364  302  364  370  435  487  536  515  472  487  536  517  434  425  486  486  509  506  548  525  547  548  364  534  574  618  640  638  674  730  746  731  730  730  730  766  767  791  818  821  854  921 1058 1157 1098 1078 1087  852  854  946  976 1037  876  885  915  974  914  974  938  913  913  913  972 1096 1167 1159 1179 1263 1325 1391 1276  974 1141 1041  856 1117  902 1266 1157 1108 1116 1468 1249 1468  808 1222 1454 1885 1423 1340 1569 1711 1404 1936 1577 1329 1440 1504 1350 1424 1683 1878 1684 1628 1962 1810 1923 1767 1218 1416 1767 1539 1189 1089  870  913 1018 1194 1035 1218 1828 2072 1693 1345 1107  974 1028 1105 1348 1574 1669 1645 1596 1469 1502 1537 1527 1089 1059 1122 1189 1995 1704 2114 1915 2132 1899 1675 1767 1792 1671 1361 1340 1319 1341 1265 1218 1258 1276 1387 1950 1960 1808 2072 2059 1697 2075 1523 1881 2315 1980 1889 2072 1706 1596 2044 2138 2039 2133 2155 2105 2095 1828 1767 1805 1584 1665 1660 1903 1584 1696 1606 1462 1405 1431 1382 1340 1365 1340 1335 1279 1229 1218 1340 1367 1404 1391 1401 1270 1238 1199 1187 1112 1099 1071 1060 1037 1033 1035 1033 1065 1096 1096 1035 1165 1164 1146 1173 1164 1157 1196 1146 1157 1096 1192 1157 1157 1182 1157 1158 1157
   382  395  423  425  425  428  390  486  348  365  425  364  371  364  352  364  372  336  304  425  465  486  425  447  430  342  464  413  420  486  427  537  390  411  321  243  485  365  487  547  541  608  581  650  730  731  670  761  730  732  761  761  791  791  791  850  822  836  834  942 1121 1249 1386 1191 1157 1073  926  900  880  855  873  961  913  913  913  913  913  884  975  980 1032 1053 1035 1271 1150 1096 1196 1236 1258  998  848  900 1079 1038  856 1070  909 1090 1028  865 1005 1088 1806 1917 1723 1462 1948 1661 1416 1588 1666 1750 1454 1565 1965 1688 1710 1804 1688 1600 1741 1944 1642 1368 1584 2011 1949 1891 1553 1325 1157  894  974 1462 1311 1340 1584 1450 1355 1828 1302 1019  974 1019 1035 1129 1616 1675 1774 1663 1584 1706 1299 1140 1114 1248 1889 1828 2284 2072 1950 1870 2072 1564 1706 1706 1828 1645 1325 1266 1293 1300 1218 1218 1289 1730 1787 1706 1818 1971 1612 1511 1723 1534 2057 1703 2194 1900 1874 2011 1645 1707 1802 1950 2255 2156 2376 1950 2072 2072 2124 2053 1990 1998 1860 1579 2046 1602 1462 1378 1365 1405 1371 1279 1330 1332 1280 1251 1218 1279 1462 1413 1402 1340 1305 1495 1279 1204 1254 1175 1077 1039 1034 1033 1034 1035 1096 1096 1096 1035 1157 1137 1210 1218 1256 1279 1218 1157 1157 1146 1219 1218 1211 1217 1201 1192 1157
   393  423  427  452  459  486  243  370  270  215  254  318  304  347  297  304  356  193  395  364  425  486  425  306  416  418  471  417  427  425  473  517  182  354  295  238  203  425  547  547  583  482  397  606  688  730  698  761  761  731  771  791  795  791  810  791  791  822  822  852  891  995  998 1006  950  908  937  864  852  852  852  990  956  883  906  883  913  913  913  913 1080 1035 1335 1365 1162 1389 1279 1252 1093 1073  897  800  668  690  668  791 1047 1243 1576 1274 1351 1580 1860 1408 1676 1718 1418 1467 1205 1822 1531 1458 1749 1804 2021 1896 1829 1706 1444 1444 1536 1922 1654 1513 1952 2299 1876 1663 1522 1340 1437  852  894  894  898  898 1462 1657  999 1309 1496 1382  974 1035  974 1035 1107 1416 1533 1431 1523 1703 1401 1304 1276 1800 1584 2309 2255 2112 2011 1706 1645 1645 1886 1812 1824 1514 1359 1266 1266 1266 1336 1218 1451 1668 1840 1523 1487 1828 1876 1775 1706 1479 1635 2143 2133 1862 1886 2254 1980 1801 1706 1914 2194 2113 2133 2047 1990 2129 2011 2105 1950 2132 1652 1774 1799 1707 1501 1401 1341 1340 1370 1283 1279 1279 1299 1235 1218 1222 1339 1401 1401 1569 1461 1432 1279 1157 1158 1218 1061 1035 1034 1034 1096 1094 1096 1096 1096 1035 1157 1157 1218 1267 1247 1289 1218 1218 1157 1219 1158 1258 1277 1218 1240 1218 1165
   386  399  425  425  427  425  195  139  182  360  165  202  179  232  167  302  291  181  332  365  409  395  243  425  431  486  487  489  486  486  331  306  250  470  427  545  338  254  448  281  470  217  378  366  487  731  778  765  791  778  791  778  809  813  791  791  794  794  816  822  852  913  852  852  852  852  884  913  852  852  853  883  934  884  882  892  852  913  996 1201 1163 1186 1325 1219 1090 1523 1534 1303 1213 1096 1035 1055  743  628  877  997  842 1217 1178  989 1117 1471 1141 1165 1201 1448 1749 1677 1010 1319 1530 1157 1204 1718 1730 1819 1591 1510 1506 1521 1720 1889 1686 1718 2048 2037 1862 1660 1806 1686 1319 1235  976  918 1459  898  902  902  910 1011 1611 1329  913  973  974  974  977  974 1089 1400 1706 1506 1339 1279 1432 1985 2154 2224 2189 1992 2183 1889 1803 1931 2020 1881 1701 1706 1540 1414 1373 1266 1238 1218 1214 1462 1558 1471 1401 1584 1672 1782 1345 1411 1934 2075 2194 1767 1919 2376 1584 2254 2070 1767 1767 2034 2254 1949 2236 2114 2359 2467 1950 1828 1798 1868 1767 1760 1617 1385 1341 1296 1279 1279 1279 1222 1279 1236 1218 1240 1340 1390 1416 1494 1651 1645 1393 1197 1096 1093 1039 1035 1033 1034 1075 1103 1110 1098 1157 1035 1218 1218 1225 1279 1324 1340 1218 1218 1219 1276 1229 1281 1279 1281 1307 1274 1157
   389  425  425  425  425  182  165  425  395  425  427  332  293  364  313  300  295  242  402  395  366  249  388  425  381  486  357  478  304  190  231  178  427  364  486  486  547  422  554  425  299  497  211  547  750  762  765  754  791  791  790  791  791  820  822  822  802  791  822  848  896  913  850  833  851  852  852  841  832  860  832  852  863  858  852  892  852  926  913  913 1094  975 1157 1094  947 1119 1279 1279 1584 1037  856  912  659  648  384  411  411  435  435  491  931 1280 1144 1240 1889 2095 2007 1208  895 1322 1201 1174 1488 1668 1688 1849 1700 1535 1397 1455 1703 1708 1832 2007 1940 1855 1474 1318 1510 1294 1260 1392 1406  926 1249 1736 1033  995 1327  910  913  918  918 1034 1035  974  974  955  972 1107 1617 1313 1258 1303 1778 2193 2116 2135 1706 1775 1980 1926 2004 1645 2072 1966 1739 1805 1720 1706 1475 1384 1447 1542 1214 1279 1279 1279 1280 1340 1406 1452 1309 1279 2072 1847 2194 1918 1726 1463 2254 2148 1828 2137 1985 1828 1828 1950 1970 1917 2222 2121 2248 2080 2151 2133 1831 1730 1507 1395 1340 1300 1283 1242 1218 1218 1218 1228 1218 1278 1276 1279 1433 1515 1706 1609 1592 1446 1176 1043 1035 1035 1035 1062 1074 1114 1146 1146 1155 1085 1096 1129 1163 1157 1270 1340 1279 1245 1296 1298 1218 1338 1291 1341 1314 1244 1157
   334  407  340  364  177  227  364  367  424  427  427  403  379  364  307  302  303  182  303  304  366  303  243  164  242  196  243  352  231  365  331  311  254  243  304  465  446  477  608  589  453  669  556  341  588  790  791  787  751  792  791  791  791  791  808  819  821  791  791  894  814  822  822  838  817  852  791  806  852  852  851  822  882  795  792  853  963 1218 1203 1137  913  913  944  928  935 1127 1101 1159 1088 1017  974  692  364  384  706 1093 1331 1042  834 1039  491  530  976 1339 1602 1543 2071 1109  740 1283  974 1040 1411 1576 1827 1684 1684 1357 1084 1518 1492 1419 1778 1912 1956 1889 1828 1762 1338 1596 1337 1226 1501  926 1354 1807 1463 1344 1301 1573 1207  954 1223 1401 1502 1405 1162  947  952 1122 1170 1154 1584 1462 1787 1670 1645 2254 1889 1860 1817 1778 1767 1584 1552 1765 1537 1698 1799 1873 1645 1523 1405 1417 1214 1401 1566 1462 1261 1267 1340 1279 1279 1523 1589 1889 1830 2048 1767 1541 1824 2284 2148 2384 1828 2181 2212 2139 2011 1978 2072 2179 2113 1950 2011 2120 1846 1828 1522 1472 1340 1391 1317 1279 1218 1279 1222 1183 1272 1157 1224 1278 1374 1401 1579 1331 1470 1147 1041 1035 1035 1049 1086 1096 1096 1157 1157 1157 1144 1096 1096 1157 1157 1234 1238 1279 1329 1292 1340 1340 1279 1370 1298 1338 1279 1340 1157
   364  434  411  170  327  364  425  425  427  427  486  427  427  364  303  364  316  364  165  228  225  377  364  473  425  378  318  170  353  374  304  379  395  318  484  517  364  486  528  548  660  688  504  484  306  754  761  766  791  791  822  791  791  791  791  791  883  973  876  865  881  812  791  798  821  821  783  735  741  811  853  855  883  902 1008 1032 1040  913  966  920  913  913  860  913  981 1128 1127 1133 1035  731  622  332  741  917  609  988 1326 1362 1054 1266 1213  875  530  569  569 1174 1317  625  914  740 1184 1528 1701 1635 1924 1576 1653 1734 1293 1084 1559 1532 1837 1935 1925 2121 1879 1365 1467 1215 1217  992  973 1585 1635 1614 1562 1279 1218 1705 1378  993 1473 1353 1344 1331 1111 1031  952  973 1104 1042 1202 1370 1496 1523 1950 2178 2017 1767 1584 1645 1518 1706 1359 1522 1706 1665 1706 1710 1693 1599 1414 1401 1214 1325 1441 1399 1236 1264 1279 1248 1279 1308 1392 1649 2184 1889 1763 1706 1401 2315 2228 1977 1828 2276 2685 2559 2052 1936 1804 1950 1828 2221 1767 1754 1950 1614 1633 1450 1493 1706 1343 1317 1302 1376 1234 1216 1221 1245 1156 1167 1331 1462 1521 1346 1090 1035 1065 1065 1071 1140 1132 1144 1162 1173 1157 1157 1218 1151 1096 1171 1218 1279 1279 1219 1310 1342 1343 1340 1316 1327 1353 1340 1367 1340 1226
   381  430  370  182  366  392  306  420  425  457  430  486  487  365  303  425  427  364  243  306  425  430  435  484  487  484  303  366  413  432  365  364  385  425  425  517  427  434  510  541  669  731  730  490  565  366  747  791  788  805  791  823  809  822  852  822  856  983  883  871  843  826  790  791  791  792  732  794  822  838  827  833  852  852  888  883  994 1008  928  895  913  944  852  913  938 1011 1015  992 1190  930  332  660 1026 1035 1157 1077  994 1414 1384 1249 1115  834 1207  862  609  609  611 1070 1534 1567 1475 1363 1605 1356 1909 1515 1442 1585 1598  989 1584 1827 1640 1791 2081 1749 2089 1833 1401 1266 1639 1188  974 1649 1588 1768 1787 1822 1463 1126 1036 1622 1703 1748 1375 1295 1307  993  962  974  974 1095 1208 1215 1386 1273 1792 1984 2111 1961 1662 2052 1812 1353 1340 1313 1645 1402 1577 1606 1484 1572 1462 1303 1214 1243 1279 1479 1218 1218 1264 1223 1279 1318 1367 1397 1611 1529 1727 1462 1401 1775 2391 1988 2059 2234 2461 2138 2046 1706 1846 1710 2020 1918 1902 2011 2059 1831 1753 1472 1475 1645 1340 1436 1476 1339 1279 1218 1315 1336 1267 1096 1219 1438 1482 1232 1096 1279 1096 1139 1157 1240 1192 1157 1218 1215 1201 1163 1212 1096 1096 1217 1281 1279 1340 1405 1340 1410 1340 1340 1373 1401 1400 1401 1410 1263 1393
   353  368  136  304  303  372  425  425  425  425  455  450  453  423  307  425  427  427  311  243  367  311  439  538  427  427  364  365  434  514  432  467  396  428  486  547  547  425  523  547  608  670  730  730  207  639  588  786  820  791  822  828  822  976  969  913  891  957  865  852  813  791  791  814  791  791  789  606  821  822  810  821  617  790  898  975 1056  964  913  880  800  901  881  799  905 1096 1138  870  851  867  309  769 1153 1214 1199 1356 1501 1287 1278 1229  852 1121 1601 1414 1648 1566 1452  633 1291 1080 1339 1544 1741 1893 1793 1615  866  894  894 1464 1383 1388 1641 1986 1832 2011 1884 1841 1438 1628 1675 1279 1013 1108 1559 1602 1606 1278 1116 1084 1551 2075 1694 1554 1690 1459 1068 1156  973  974  974 1035 1158 1223 1144 1401 1135 1179 1242 1282 1603 1645 1935 1767 1371 1273 1400 1476 1279 1584 1626 1644 1690 1330 1265 1214 1214 1218 1218 1218 1218 1291 1272 1270 1334 1345 1377 1323 1340 1378 1340 1677 1904 2072 2100 2332 1950 1922 2092 1892 1706 1650 1767 1710 1706 1958 2011 1660 1627 1694 1493 1401 1386 1477 1401 1425 1416 1336 1277 1436 1218 1159 1098 1364 1158 1096 1337 1279 1256 1546 1706 1325 1223 1190 1202 1218 1218 1204 1096 1157 1096 1225 1255 1348 1405 1583 1420 1502 1359 1536 1531 1463 1401 1522 1341 1410 1394
   349  368  182  325  365  420  427  364  425  396  424  449  489  504  364  425  484  427  306  364  365  243  303  302  303  413  471  486  402  514  509  442  486  402  427  425  491  547  497  486  548  613  729  761  645  296  421  781  828  791  799  822  821  847  883  883  852  883  852  852  823  730  822  743  781  791  547  733  780  669  793  641  835  912 1218 1041  989  924 1035  916  685  852  667  776  962 1133 1110  975  677  309  670  892 1035 1037 1027 1366 1320 1157 1058  993 1175 1345 1399 1528 1063 1238  633  895  857 1091 1397 1733 1525 1437 1738  866 1399 1385 1352 1560 1480 1620 1702 1818 2086 1559 1878 1346 1640 1951 1471 1527 1076 1504 1800 1750 1765 1744 1280 1116 1382 1810 1923 1709 1374 1100 1336 1184  974  974  974  973 1034 1100 1277 1060 1340 1482 1677 2020 2105 1998 1657 1523 1523 1187 1401 1401 1157 1354 1402 1454 1551 1306 1159 1230 1247 1452 1462 1224 1265 1222 1222 1271 1324 1340 1288 1301 1335 1340 1523 1792 1842 1726 2194 2399 2183 2437 2011 1760 1719 1684 1645 1665 1815 1649 1775 1879 1717 1645 1486 1706 1886 1584 1340 1279 1451 1343 1230 1160 1197 1096 1096 1096 1218 1289 1348 1291 1223 1329 1593 1781 1343 1272 1278 1279 1212 1161 1157 1215 1279 1183 1321 1497 1528 1441 1565 1398 1514 1432 1523 1510 1522 1602 1340 1499 1512
   277  131  277  342  303  365  364  425  392  392  439  486  547  547  430  438  488  515  425  304  389  303  366  390  303  413  486  546  548  550  486  547  567  565  487  547  547  486  601  670  673  608  744  775  428  484  213  542  822  798  791  791  801  821  852  852  852  879  852  852  852  774  743  737  549  751  735  436  775  487  488  796  854  948  852  925  974 1021  996 1035  995  499  309  847 1029 1005  983  975  309  791  950  747  972  971 1101 1151 1096 1223 1263 1050 1142 1279 1179  916 1066  653  879 1047 1334 1496 1814 1944 1819 1909  831 1528 1705 1350 1378 1400 1478 1462 1702 1786 1813 1596 1649 1526 1835 1605 1577 1231 1088 1473 1474 1431 1750 1877 1460 1380 1139 1765 2066 1710 1230 1580 1529 1232 1203  974  974  973  998 1025 1093 1013 1218 1221 1645 1781 1828 1828 1428 1279 1072 1072 1092 1092 1096 1096 1112 1170 1276 1159 1252 1178 1203 1462 1403 1308 1340 1310 1228 1234 1234 1234 1234 1287 1333 1400 1412 1950 1665 1817 1658 1817 1767 2082 2041 1855 1737 1667 1584 1632 1664 1706 1645 1721 1876 1665 1559 1433 1579 1390 1340 1294 1280 1340 1218 1157 1133 1096 1100 1340 1302 1498 1767 1557 1495 1560 1558 1725 1401 1486 1321 1279 1226 1157 1218 1274 1350 1269 1127 1328 1340 1401 1523 1466 1523 1413 1610 1530 1537 1392 1246 1370 1542
   156  288  275  361  395  425  384  386  393  365  425  484  547  547  486  491  548  548  498  477  486  441  364  427  384  370  486  547  548  600  549  639  639  664  666  611  669  664  603  669  744  761  669  791  775  759  667  277  660  852  854  802  791  848  813  883  880  877  852  852  852  850  730  749  546  731  662  427  571  514  688  792  846  852  852  925 1008  913  845  900  914  309  831  912  968 1005  930  962  745  309 1226 1066 1046 1036 1079 1137 1254 1096 1279 1312 1279 1226 1137  876  653 1072 1188 1501 1594 1709 1720 1580 1757 1669  831 2001 1706 1378 1340 1222 1358 1397 1700 1791 1947 1920 1993 1658 1584 1955 1765 1689 1132 1323 1343 1664 1847 1692 1555 1433 1210 1472 1888 1793 1693 1731 1785 1645 1444  974  974  974  974  977  981  981 1245 1299 1806 1157 1771 1723 1292 1064 1218 1096 1218 1318 1505 1340 1340 1112 1135 1135 1157 1217 1515 1448 1565 1563 1569 1489 1289 1305 1234 1279 1279 1299 1340 1473 1462 1432 2025 1771 1848 1521 1575 1702 1843 1750 1706 1544 1654 1618 1561 1582 1771 1656 2055 2132 1589 1456 1462 1462 1523 1340 1239 1293 1259 1215 1103 1104 1162 1240 1381 1445 1704 1665 1472 1645 1938 1615 1645 1633 1340 1279 1169 1286 1293 1384 1469 1399 1362 1158 1387 1675 1678 1547 1479 1462 1584 1779 1831 1401 1375 1419 1462
   245  364  364  395  413  363  364  393  425  413  486  486  534  546  548  549  608  634  547  547  423  547  502  514  428  496  462  425  464  574  665  584  667  624  700  696  700  677  702  666  730  782  731  791  822  822  792  459  713  860  852  855  819  791  822  850  857  852  852  851  852  883  783  730  619  403  484  730  679  759  791  833  877  845  879  916  952  963  761  688  309  309  858  886  814 1007 1005  695  309  309  913 1008 1037  974  989 1095 1278 1281 1266 1250 1160 1218 1154  676 1360 1584 1161 1710 1856 1646 1439 1154 1928  807 1481 1743 1868 1158 1158 1247 1250 1539 1593 1584 1594 1890 1908 1879 1927 2037 1795 1763 1326 1157 1370 1281 1594 1543 1688 1380 1457 1337 1707 1624 1744 1693 1467 1317 1241 1096  981  974  974  974  975 1340  981 1005 1005 1005 1032 1032 1064 1384 1100 1068 1152 1578 1430 1461 1336 1238 1152 1153 1189 1290 1668 1642 1671 1706 1834 1706 1402 1310 1309 1309 1309 1310 1462 1645 1462 1509 1563 2011 1538 1432 1462 1458 1523 1524 1584 1520 1649 1570 1522 1641 1889 2011 1731 1993 2071 1694 1502 1340 1331 1279 1349 1157 1218 1281 1096 1161 1234 1217 1316 1381 1683 1926 1858 1927 1728 1709 1462 1430 1328 1279 1218 1550 1462 1488 1382 1583 1443 1279 1461 1888 1766 1667 1549 1584 2012 1757 1939 1569 1526 1536 1523
   365  374  334  365  347  360  363  336  368  487  488  499  547  548  548  589  621  620  608  544  502  546  472  547  425  486  492  608  530  470  486  628  591  561  669  669  669  669  721  760  761  772  791  791  797  822  858  361  551  852  883  883  822  852  821  832  826  822  829  852  852  852  731  609  687  544  673  700  669  760  791  676  862  883  886  993  936  859  608  309  309  309  881  735  912  957  309  309  309  764  954  974  974  959  974 1218 1218 1157 1157 1214 1171 1232 1271  676 1468 1586 1534 1839 1781 1218 1245  799  807 1253  839 1392 1882 1551 1330 1227 1369 1286 1414 1766 1847 1607 1906 1816 1980 1546 1313 1286 1254 1698 1262 1630 1523 1517 1483 1441 1478 1238 1827 1538 1697 1524 1623 1497 1704 1414 1044  976  974  978 1019 1402 1768 1157 1005 1482 1725 1799 1767 1468 1254 1160 1092 1092 1129 1246 1466 1402 1228 1157 1204 1423 1693 1767 2023 1889 1815 1513 1379 1310 1310 1309 1307 1307 1337 1577 1401 1645 1401 1779 1576 1401 1400 1398 1432 1523 1636 1504 1497 1647 1573 1584 1585 1846 2079 1828 1848 2011 1803 1708 1294 1299 1203 1203 1101 1092 1218 1358 1244 1279 1280 1523 1487 1706 1734 1797 1635 1562 1489 1340 1326 1340 1218 1396 1568 1440 1462 1567 1347 1238 1501 1655 1786 1681 1775 1744 1975 1462 1401 1342 1395 1645 1674
   289  304  334  334  341  364  364  353  364  442  425  534  599  576  521  600  620  608  608  608  608  608  613  575  547  608  665  609  686  695  599  550  645  608  731  767  781  792  758  731  791  766  791  672  760  798  814  242  500  621  670  872  852  852  852  848  852  852  852  852  852  822  817  372  468  667  609  669  731  791  466  767  749 1035  968 1035 1035  853  616  309  869  309  309  309  309  309  309  818  504  927  724  806  948 1001  974 1038 1204 1207 1206 1157 1347 1325  966  712 1525 1417 1580 1407 1121 1093  799 1572 1619  839 1576  854  854  902  902  975 1522 1461 1286 1381 1812 1454 1523 1464 1845 1420 1701 1782 1684 1695 1571 1361 1492 1443 1214 1214 1171 1295 1710 1481 1627 1757 1619 1737 1872 1339 1161  974 1018 1042 1142 1191 1396 1462 1172 1013 1340 1706 1974 1538 1388 1278 1167 1092 1092 1112 1112 1274 1333 1333 1218 1473 1879 1889 1795 1706 1568 1474 1381 1320 1309 1309 1305 1306 1323 1671 1386 1506 1333 1333 1523 1371 1380 1397 1411 1426 1445 1596 1767 1679 1794 1843 1735 1801 1943 1892 1950 1462 1673 1671 1487 1424 1203 1127 1096 1239 1356 1561 1523 1446 1400 1361 1523 1523 1706 1694 1670 1717 1926 1591 1322 1395 1279 1504 1479 1662 1546 1436 1394 1218 1267 1355 1462 1972 1927 2024 1827 1469 1645 1645 1542 1430 1421
   303  304  327  334  365  303  306  360  364  425  427  486  570  425  486  605  599  521  607  608  548  634  625  608  609  669  669  729  731  731  628  654  781  756  670  796  846  853  853  852  791  824  795  755  559  609  754  218  674  423  631  883  883  852  821  852  852  852  852  812  822  798  743  249  566  629  390  607  687  377  791  852  822  913  913  913  931  882  794  304  707  835  774  957  974  866  855 1016  884 1096  904  937 1086  944 1035 1037 1157 1200 1166 1394 1514 1633 1030  712 1327 1339 1215 1289  783  783 1154 1608 1719 1347 1365  942 1698 1631 1239 1416 1025 1080 1132 1582 1750 1402 1464 1845 2078 1735 1774 2011 1962 1829 1645 1396 1572 1286 1343 1310 1395 1171 1124 1320 1515 1551 1761 1643 1436 1298 1162  977 1101 1331 1584 1351 1585 1553 1793 1035 1401 1157 1584 1620 1645 1397 1218 1194 1168 1228 1229 1376 1584 1535 1279 1401 1592 1800 1930 1888 1690 1478 1401 1310 1292 1297 1301 1306 1290 1290 1317 1317 1568 1647 1400 1448 1409 1400 1429 1450 1548 1738 1904 1669 2024 2132 2073 1767 1648 1880 1828 1523 1298 1340 1481 1438 1218 1344 1196 1096 1325 1658 1559 1485 1497 1561 1572 1602 1646 1587 1554 1584 1461 1461 1475 1355 1396 1669 1596 1570 1417 1350 1340 1401 1564 1588 1401 1897 1785 2041 1689 1624 1790 1523 1828 1687 1550
   303  303  303  303  303  304  363  311  306  365  364  414  368  388  547  503  530  485  559  497  603  595  608  639  639  713  739  797  852  848  803  791  762  730  794  791  925  927  914  792  881  852  791  612  427  542  791  670  227  563  667  872  883  852  800  532  724  731  784  666  670  714  245  249  253  253  257  261  273  281  428  731  888  877  913  914  954  833  305  304  600  697  889  974  974  974 1056 1005 1169 1017 1026  974 1178 1113 1041 1040 1218 1400 1281 1218 1268 1471 1490 1257  720  720  731  764 1457 1467  965 1441 1631 1519 1602  942 1479 1716 1314 1025 1332 1571 1371 1157 1158 1466 1807 1688 1884 2193 2187 1925 2117 1831 1521 1454 1286 1589 1765 1623 1642 1523 1523 1124 1084 1084 1281 1544 1428 1217  977  977 1017 1080 1128 1390 1569 2011 1767 1554 1032 1157 1645 1596 1780 1585 1381 1335 1269 1337 1279 1450 1706 1786 1645 1585 1574 1788 2011 1760 1810 1851 1584 1496 1415 1309 1299 1303 1337 1340 1638 1699 1691 1856 1462 1494 1522 1439 1645 1665 1523 1828 1972 1819 2058 1713 1915 1742 1920 1841 1828 2044 1645 1462 1303 1340 1474 1417 1337 1096 1116 1219 1570 1462 1401 1523 1650 1772 1641 1644 1522 1573 1558 1349 1496 1594 1667 1832 1512 1401 1426 1401 1218 1522 1584 1645 1645 1891 1752 1973 1771 1859 1950 1749 2022 2011 1689
   303  303  300  297  309  303  359  365  320  345  364  364  365  388  364  420  425  547  608  629  668  656  547  546  608  730  791  866  853  880  910  811  833  919  937 1031  996  927  975 1018  927  602  585  553  609  365  546  576  479  227  332  499  651  629  429  513  547  562  679  484  604  489  243  546  608  403  432  696  601  549  285  297  655  680  614  732  811  600  305  697  803  913  921  761  873  974  950  974 1031 1092 1294 1393 1070 1128 1125 1102 1339 1277 1218 1218 1157 1202 1154 1279 1131 1242  744 1189 1446 1407 1454 1096 1399 1519 1651 1828 1076 1076 1219 1181 1394 1757 1430 1597 1518 1737 2157 2164 2191 2214 1711 1707 1830 1764 1585 1357 1402 1513 1747 1818 1750 1593 1472 1151 1341 1396 1048 1048 1013 1013  974  974 1316 1415 1401 1179 1339 1839 1773 1371 1299 1032 1064 1471 1491 1808 1600 1461 1559 1340 1584 1515 1798 1902 1767 1733 1584 1820 1887 1825 1868 1746 1613 1463 1487 1340 1318 1333 1308 1387 1767 1856 1963 1719 1824 1537 1759 1523 1706 1791 1804 1858 1828 1911 1950 1787 1691 1518 1706 1705 1822 1731 1535 1283 1284 1319 1513 1340 1528 1312 1096 1171 1368 1401 1516 1790 1758 1806 1909 1614 1523 1462 1607 1422 1485 1521 1712 1805 1459 1492 1493 1341 1340 1500 1690 1878 1804 1706 2193 1960 1718 1989 1961 1821 2315 2316 1754
   303  303  243  309  364  364  364  425  395  388  365  370  409  364  373  421  462  487  606  562  606  487  538  601  730  613  700  669  814  885  910  974  810  806 1010 1085  974 1035  885  974  683  792  799  634  700  429  303  277  356  471  327  225  235  231  238  242  241  241  243  243  243  243  445  494  572  473  547  719  791  761  631  722  301  303  305  305  303  309  309  820  900  624  796  990  974  974  974 1005 1066  974 1090 1078 1069 1035 1096 1382 1364 1218 1215 1157 1073  960  924 1207 1378  976  744  916 1280 1401 1711 1579 1520 1912 1596 1205 1484 1203 1405 1445 1282 1529 1629 1856 1845 1818 2015 2135 1959 1888 1842 1712 1949 1683 1604 1357 1441 1520 1595 1948 1851 1836 1704 1222 1772 1763 1800 1581 1439 1179  989  974 1135 1239 1462 1266 1889 1859 1777 1462 1684 1462 1064 1183 1227 1523 1748 1706 1682 1698 1585 1757 1828 2041 1748 1767 1842 1872 1828 1954 1712 1643 1645 1523 1508 1385 1348 1401 1324 1321 1534 2007 2133 1955 1828 1790 1993 1951 1582 1753 1746 1705 1950 2163 1874 1916 1638 1588 1549 1706 1889 1462 1645 1462 1445 1426 1706 1759 1634 1376 1096 1157 1462 1635 1400 1533 1906 1886 1729 1670 1668 1523 1639 1612 1645 1705 1888 1691 1523 1523 1457 1417 1401 1510 1978 1537 1798 1947 1988 2045 2067 2142 1925 1776 2233 2163 1706
   274  274  256  353  365  365  381  425  395  364  365  393  456  484  364  425  425  425  520  486  486  523  669  549  720  903  879  960  914  866 1035  914  669 1035  936 1169 1057 1058 1035 1026  974  835  864  559  672  548  459  368  549  504  428  310  274  241  288  302  364  372  499  515  384  421  425  486  549  607  499  673  852  913  712  664  776  474  439  815  871  477  313  313  606  606  913  974  974  974 1005 1005  987  974  969  974 1035 1035 1080 1275 1218 1280 1218 1326 1301 1272 1417 1287 1096 1051  764 1261 1577 1593 2001 1515 1599 1951 1532 1549 1374 1218 1409 1778 1892 1656 1648 1887 2022 2057 1709 2148 1652 1854 1907 1712 1873 1949 1440 1573 1801 1645 1462 1584 1989 1878 1853 1298 2084 2173 2163 1813 1675 1466 1009  974 1092 1476 1448 1524 1341 1462 1796 1708 1401 1158 1064 1418 1516 1532 1183 1285 1421 1767 1706 1860 1550 1774 1459 1874 1940 1706 1877 1645 1750 1547 1486 1401 1400 1432 1400 1416 1401 1344 1321 1523 1706 1793 1706 1966 1950 2072 1858 1861 2133 1889 1960 2194 2059 1708 1591 1626 1576 1479 1767 1462 1359 1361 1186 1269 1414 1699 1551 1692 1096 1236 1279 1520 1828 1645 1749 2287 1978 1785 1803 1778 1620 1681 1759 1830 1771 1801 1828 1588 1401 1279 1482 1522 1514 1536 1666 1926 1828 1716 1873 2156 1965 1966 2041 1942 1823
   279  303  303  364  349  364  366  364  363  364  395  425  452  486  475  547  425  434  484  535  594  581  661  669  608  670  974 1035 1043 1090 1064 1157  684  856 1225 1265 1170 1157 1096 1050  995 1008  850  730  791  609  606  609  553  506  485  350  241  365  421  428  425  457  486  518  365  375  486  547  599  425  619  797  882  913  931  746  882  631  757  644  913  913  719  316  734  478  734  957  610  689  849  730  730  859  852  882  987 1020 1034 1092 1234 1379 1277 1179 1290 1240 1462 1370 1107  764 1073 1278 1467 1809 1816 1903 1745 1645 1703 1730 1746 1280 1298 1298 1644 2060 1729 1608 1824 1893 1870 1893 2068 1817 1492 1643 1872 1880 1539 1779 1706 1888 1955 1961 2015 1970 2073 1388 2078 2660 2305 2328 1977 1280 1002  974 1146 1655 1721 1621 1340 1614 1893 1584 1421 1638 1497 1092 1096 1096 1494 1520 1577 1706 1950 1706 1679 1401 1309 1706 1706 1856 1767 1821 1584 1521 1459 1401 1443 1672 1736 1596 1755 1706 1508 1333 1543 1600 1584 1686 1766 1989 2035 1966 2011 2107 1998 1977 1828 1724 1523 1462 1646 1503 1543 1456 1424 1236 1304 1237 1273 1338 1507 1469 1096 1271 1462 1828 1645 1749 1919 2120 2142 2169 2214 1855 1924 1812 1990 1787 1800 1912 1817 1706 1584 1462 1326 1502 1394 1401 1490 1462 1531 1658 1753 1836 2133 2193 2259 1950 1889
   243  303  364  364  303  352  334  364  306  334  396  422  379  486  448  548  510  486  547  547  608  620  736  608  728  684  913 1099 1105 1194 1344 1279  890  938 1343 1218 1218 1282 1220 1158 1099 1035  974  913  761  791  670  560  581  548  548  490  241  402  366  486  486  487  526  563  540  548  485  567  607  607  607  838  853  971  997  947  974  898  486  913  750  791  913  324  328  742  601  723  974  974 1005  966  981  980  983  979  913  987 1094 1078 1550 1400 1333 1392 1401 1580 1335 1218 1067 1374  819 1219 1287 1574 1645 1767 1587 1584 1654 1551 1340 1817 1873 1439 1365 1385 1403 1822 1583 1852 1840 1987 1833 1589 1607 1758 1826 1586 1802 1648 1798 1891 1992 1848 1847 2087 2448 1488 2202 2385 2166 2350 1820 1323  989  974 1080 1233 1462 1467 1737 1777 1772 1527 1397 1735 1614 1096 1432 1614 1116 1116 1128 1581 1566 1869 1645 1599 1218 1584 1521 1767 1777 1584 1606 1493 1462 1462 1523 1671 1767 1555 1901 1869 1662 1571 1353 1516 1492 1564 1711 1645 2027 1808 1898 2315 1706 1906 1807 1627 1523 1524 1439 1340 1584 1378 1242 1793 1646 1391 1483 1279 1266 1462 1585 1300 1567 1662 1950 1895 2011 2128 1707 1706 2065 2095 1998 2082 2034 1949 1627 1767 1584 1524 1645 1706 1340 1601 1797 1841 1594 1637 2114 1883 1811 1721 1960 2011 2193 2188 1988
   243  303  334  303  314  334  303  304  274  306  359  352  363  413  475  524  486  571  588  670  670  806  866  768  669  755  945 1174 1301 1401 1396 1213  803 1046 1461 1324 1390 1270 1340 1218 1035  913  913  750  796  639  487  547  556  490  314  475  257  241  430  486  479  547  559  579  368  506  460  500  550  583  730  877 1035 1035 1029 1005  974  913  795  913  798  883  913  614  328  486  486  840  974  979 1005  974  982 1015 1009 1035 1035 1009  975 1339 1306 1407 1527 1553 1708 1418 1203 1267 1354 1298  819 1223 1205 1532 1392 1341 1649 1746 1484 1525 1455 1763 2010 1645 1880 1926 1880 1684 1495 1917 2034 1617 1618 1584 1520 1340 1301 1527 1584 1852 1634 1643 1582 2009 1875 2136 2380 2138 2536 2154 2426 1699 1574 1094  974  975 1096 1226 1279 1401 1584 1553 2041 1838 1491 1340 1390 1096 1518 1401 1462 1269 1305 1128 1428 1442 1401 1462 1279 1183 1203 1452 1584 1938 1756 1685 1486 1618 1949 1655 1889 1828 1965 2012 1959 1658 1608 1400 1436 1517 1523 1767 1798 1825 2315 2211 1844 1584 1696 1639 1529 1492 1365 1318 1322 1401 1571 1721 1706 1619 1539 1288 1158 1183 1464 1225 1625 1645 1665 1724 1998 1767 1523 1889 2079 2135 2028 1870 1826 1962 1645 1582 1523 1523 1578 1435 1603 1523 1767 1888 1907 1774 2020 2082 1988 2037 1828 1937 2105 2255 2228
   284  272  303  274  257  313  275  297  290  303  303  364  393  425  471  537  577  554  731  668  852  913  684 1013  812 1003  933 1293 1371 1029  978  852 1382 1246 1553 1454 1377 1270 1291 1082  928  929  902  625  612  672  737  701  648  637  430  481  463  241  504  567  608  545  632  486  588  666  669  489  669  669  850 1051 1030 1048 1005  967  974  974  878  913  915  898  913  913  332  621  882  712  743  655  974  974  974  974  974 1000 1058 1071 1035 1095 1157 1411 1448 1709 1423 1523 1425 1218 1285 1182 1304  906  906 1186 1152 1487 1623 1765 1704 1522 1567 1915 1933 1824 1818 1808 1517 1315 1450 1605 1361 1560 1424 1662 1559 1195 1329 1321 1542 1553 1739 2101 1949 1901 2041 2226 1918 2423 2302 2185 1369 1262 1132 1098 1009 1017 1070 1157 1307 1401 1534 1614 1889 1584 1847 1462 1641 1108 1717 1828 1602 1462 1730 1454 1139 1139 1151 1151 1183 1260 1335 1203 1325 1527 1939 1767 1613 1815 1884 1889 1789 1860 1889 2095 2010 2027 1649 1497 1436 1495 1502 1553 1831 1950 2498 1867 1706 1587 1494 1491 1638 1603 1435 1401 1307 1283 1360 1570 1523 1537 1397 1459 1192 1098 1078 1523 1605 1523 1401 1584 1383 1621 1939 1961 1859 1888 1828 1700 1932 1767 1711 1738 1523 1465 1598 1523 1401 1462 1645 1774 1828 1844 1843 1828 1952 2014 2133 2194 2175 2241 2255
   243  274  300  274  243  245  274  267  303  302  334  348  424  486  485  608  607  608  739  730  855 1035  919 1035 1100  910  984 1137 1232 1226 1124 1509 1451 1325 1523 1523 1462 1275 1387 1107 1033  994  978  728  779  822  730  730  542  532  669  655  616  245  599  667  621  608  671  494  731  715  728  608  609 1034  671 1065 1057 1065 1044 1005 1004  974  752  895  941  933  974  881  336  781  702  913  919  945  686  914  955  971  973 1031 1039 1035 1120 1231 1348 1280 1401 1528 1508 1649 1480 1651 1546 1660 1428 1375 1463 1055 1279 1226 1366 1501 1625 1671 1568 1705 1584 1503 1809 1278 1643 1461 1391 1275 1522 1171 1517 1477 1080 1384 1734 1676 1560 1837 1788 1947 1968 2087 1980 2215 2498 2042 2152 2312 2097 1632 1202 1035 1012 1033 1093 1218 1279 1324 1584 1828 1963 2194 2051 2194 1485 1675 1108 1523 1675 1751 1747 1537 1421 1661 1314 1469 1279 1278 1401 1523 1222 1423 1387 1401 1521 1614 1932 1706 1980 1881 1828 1965 2072 1889 1671 1591 1493 1495 1552 1628 1767 2285 2072 2336 1782 1718 1524 1757 1617 1858 1725 1534 1350 1307 1333 1375 1488 1517 1347 1252 1276 1197 1091 1203 1370 1332 1340 1345 1828 2194 2011 2056 1959 1824 1758 1763 1767 1833 1614 1552 1473 1401 1515 1340 1350 1541 1401 1551 1645 1802 1765 1780 1843 2071 2180 2212 2279 2263 2168
   174  229  238  254  210  220  243  274  297  306  339  364  425  486  507  514  658  791  865  986  963  892 1094  999 1116  973  852 1332 1521 1246 1127 1145 1415 1640 1649 1645 1538 1523 1340 1365 1174  889 1077  856  865  863  765  730  788  725  647  723  657  245  607  482  761  742  588  732  608  805  664  656 1033 1065 1062  911 1096 1065  961  899  776  791  635  913  968  944  913  935  344  348  913  913  848  944  956  834  930  959  974  974 1035 1035 1096 1096 1109 1224 1300 1414 1728 1585 1869 1643 1630 1533 1150 1549 1467 1409 1308 1542 1402 1541 1764 1551 1504 1657 1096 1419 1376 1147 1576 1195 1503 1001 1013  993 1009 1036 1064 1383 1659 1917 1842 1937 1893 1707 2037 1758 2010 2371 1908 2405 2365 2290 1411 1434 1089 1035 1030 1045 1099 1162 1199 1311 1645 1793 2072 1937 2133 1963 1508 1436 1135 1675 1636 1828 1709 1706 1949 1401 1718 1645 1462 1462 1470 1395 1286 1222 1216 1436 1459 1692 1909 1660 1526 1814 1851 1998 1998 1939 2091 1826 1585 1652 1567 1632 1873 2029 2259 2221 2051 1883 1760 1595 1852 1969 1662 1562 1451 1335 1310 1397 1454 1432 1412 1389 1448 1432 1218 1124 1308 1477 1340 1496 1645 1767 2226 1915 1812 2072 1956 2022 1950 1820 1523 1598 1584 1601 1584 1511 1769 1391 1553 1462 1535 1584 1586 1647 1781 1940 1856 2077 2236 2078 2072
   152  152  182  181  197  236  243  274  296  309  346  364  395  424  486  599  608  730  913  931 1035 1061 1164 1300 1018 1278  974 1460 1514 1098 1467 1586 1151 1155 1706 1699 1462 1230 1398 1237  908 1277 1097  975  974  920  852  609  692  791  792  766  682  659  243  742  739  822  759  821  926  854  795  839 1175 1165 1098 1096 1089  933 1051  975 1040 1005  925  926  977  951  914  839  550  348  368  368  655  903  951  961  913  956  974 1035 1035 1035 1041 1096 1177 1103 1158 1524 1439 1581 1647 1669 1645 1676 1494 1421 1728 1536 1612 1660 1622 1674 1388 1687 1097  847  854  866  894 1326  950  973  981  993 1394 1456 1311 1150 1280 1084 1443 1517 1848 1845 1520 1863 1988 1649 1990 2073 1828 1858 1509 1727 1825 1200 1069 1035 1035 1095 1090 1147 1185 1364 1670 1849 2072 1777 1868 1997 1873 1143 1689 1462 1767 1950 1889 1889 1706 1486 1706 1676 1470 1424 1523 1384 1255 1219 1234 1261 1396 1452 1625 1626 1462 1806 1700 1870 2009 1828 2015 1817 1584 1584 1567 1646 1732 1889 2254 1950 2094 1962 2003 1978 2062 1992 1645 1645 1584 1382 1292 1340 1386 1252 1276 1280 1340 1344 1436 1120 1485 1393 1340 1537 1584 1874 1682 2012 2011 1767 1835 1960 1937 1853 1645 1706 1797 1757 1655 1645 1752 1742 1340 1401 1523 1584 1749 1753 1700 1760 1889 1956 1954 1837 2133
   152  152  152  182  213  213  243  267  289  315  363  367  415  473  486  610  687  791  913  970 1096 1033 1218 1535 1093 1565 1201 1348 1428 1528 1312 1647 1706 1466 1268 1578 1767 1645 1093 1148 1399 1220  980  854 1096  998  913  910  791  853  852  833  454  792  245  648  822  852  798  868 1035  853 1218  871 1218 1187 1157 1127 1119 1126 1096 1096 1077 1035 1037 1011 1005  912  969  912  852  348  916 1035  455  772  970  973  936  974  974 1096 1032  974 1035 1063 1189 1160 1362 1585 1590 1571 1406 1400 1579 1481 1857 1458 1813 1888 1558 1805 1402 1368 1265  795  823 1140 1206 1179 1284  918 1284 1038 1593 1633 1774 1637 1791 1774 1411 1460 1155 1680 1681 1480 1834 2046 2209 2194 2207 2494 2574 2101 2302 1950 1218 1096 1035 1035 1049 1095 1096 1155 1263 1372 1523 2015 2072 1645 1523 1828 1167 1470 2021 1866 2024 2140 1889 1782 1587 1856 1706 1584 1523 1401 1415 1340 1279 1235 1230 1234 1279 1396 1458 1490 1706 1653 1500 1676 1954 1873 1720 1829 1818 1645 1610 1615 1646 1780 1763 1909 1924 1978 1819 1884 1886 2156 1994 1706 1526 1462 1293 1283 1335 1211 1163 1218 1214 1218 1268 1132 1218 1286 1305 1375 1645 1889 1341 1400 1901 1916 2070 1956 2011 1888 1718 1775 1888 1927 1781 1895 1814 1683 1405 1401 1523 1529 1632 1693 1809 1696 1707 1918 1767 2276 2310
   182  152  152  182  182  209  242  261  282  313  346  407  473  486  513  669  728  904  852  974  913 1144 1411 1523 1587 1491 1526 1582 1463 1473 1542 1579 1624 1650 1607 1423 1827 1385 1648 1503 1282 1151 1221 1122 1096 1035  908  974  918  923  881  756  852  773  245  677  852  873 1005  926 1073 1252 1279 1099 1219 1200 1165 1158 1126 1157 1149 1126 1096 1076 1021 1005  978  974  974  926  502  356  852  913 1065  455  944  974  974  974  974 1106 1105  974  974 1080 1165 1285 1212 1589 1523 1463 1405 1456 1370 1438 1350 1273 1462 1741 1339 1341  716  730  748  768 1594 1513 1542 1169 1689 1858 1512 1198 1888 1853 1886 1777 1833 2026 1983 1948 1696 1238 1410 1878 1609 1797 2036 2133 1828 1625 2446 2397 2385 2155 1517 1085 1035 1036 1097 1113 1140 1171 1322 1419 1655 1848 1645 2011 1191 1167 1778 1539 1675 1821 2107 1950 2123 1977 1706 1635 1554 1523 1621 1401 1340 1340 1279 1236 1279 1278 1250 1268 1286 1438 1523 1463 1467 1636 1781 1846 1845 1956 1865 1608 1610 1584 1578 1643 1771 1816 1891 1958 1974 1797 1899 2140 1645 1808 1532 1401 1390 1279 1217 1157 1152 1151 1152 1155 1209 1202 1131 1190 1353 1401 1340 1279 1706 1974 1820 1818 1979 2007 2304 2011 1847 1685 1759 1646 1629 1710 1601 1465 1397 1422 1568 1596 1723 1689 1762 1924 1777 1767 1888 2075 2079
   174  179  182  182  197  211  238  253  284  300  334  363  475  502  608  549  614  889 1027 1196 1372 1325 1411 1464 1431 1561 1572 1689 1707 1470 1893 1268 1624 1769 1731 1719 1828 1804 1728 1649 1521 1289 1280 1098 1043  908 1018 1015  993  974  932  913  696  450  243  846  917 1069 1096 1251 1279 1340 1279 1293 1279 1203 1217 1182 1157 1157 1157 1126 1126 1080 1066 1005 1003  974  966  932  863  356  356  859  944  912  514  966  947  974  974 1096 1191  974 1034 1096 1222 1164 1425 1461 1384 1346 1425 1382 1201 1041  924 1412 1220 1134  672  696 1275 1460 1420 1500 1855 1827 1394 1563 1734 1843 1796 1340 1971 1839 2044 2064 1949 1960 1836 1829 2071 1302 1943 2009 2007 2136 2183 1916 1999 1967 1410 2061 2129 1593 1235 1056 1035 1055 1095 1157 1401 1347 1634 1725 1682 2072 1748 1191 1586 2017 2133 1539 1845 2097 2178 1995 2080 2022 1889 1767 1523 1539 1584 1401 1340 1318 1272 1280 1340 1332 1357 1250 1266 1266 1284 1537 1394 1457 1617 1926 1569 1869 1671 1556 1514 1489 1639 1585 1618 1561 1765 1822 1768 1888 1794 1760 1763 1553 1462 1441 1364 1361 1464 1169 1140 1139 1131 1111 1111 1157 1261 1193 1311 1254 1318 1696 1755 1746 1523 1792 1835 1706 1828 1987 1788 1660 1628 1652 1462 1468 1462 1418 1401 1443 1559 1584 1668 1873 1706 1731 1828 1761 1767 1828 1888
   182  179  182  211  213  225  246  261  286  316  342  372  445  486  604  791  888  925 1218 1349 1354 1470 1789 1509 1646 1518 1317 1337 1458 1106 1586 1157 1188 1691 1592 1541 1500 1827 1523 1706 1584 1405 1331 1327 1109 1151  992 1065 1050 1008  909  913  548  893  249  249 1065 1076 1271 1352 1374 1309 1340 1311 1280 1279 1224 1218 1193 1188 1157 1127 1126 1096 1082 1050 1006  974  963  944  913  858  356  502  771  974  839  514  621  974  974 1033 1065 1037 1043 1037 1157 1157 1282 1383 1352 1303 1224 1093 1096 1171 1187 1144  896  645 1101 1222 1362 1851 1646 1949 1603 1516 1570 1761 1803 1786 1767 1594 1706 1717 1768 2228 2068 1846 1828 1775 1645 1373 1657 1987 2187 1836 1916 2112 2525 2134 2203 1365 1294 1159 1108 1041 1035 1077 1157 1158 1218 1401 1685 1902 1840 1767 1242 1606 1493 1881 2376 1539 1706 1820 2030 1854 2076 2224 1950 1829 1602 1486 1462 1477 1349 1325 1347 1321 1340 1401 1340 1297 1351 1310 1266 1282 1462 1452 1523 1518 1907 1784 1810 1590 1463 1462 1584 1521 1545 1539 1610 1852 1970 1749 1722 1684 1497 1467 1401 1523 1340 1304 1291 1279 1145 1156 1135 1116 1130 1157 1161 1111 1277 1427 1380 1506 1706 1532 1595 1767 1719 1740 1828 1944 1828 1862 1765 1687 1584 1563 1431 1423 1401 1401 1543 1589 1645 1699 1826 1856 1825 1767 1766 1767 1828
   264  206  210  221  243  243  264  274  300  354  364  429  534  690  901  660 1157  997 1247 1119 1286 1326 1827 1571 1649 1706 1471 1140 1012 1407 1561 1404 1392 1399 1319 1244 1278 1630 1450 1018 1167 1414 1472 1340 1436 1190 1159 1125 1083 1005  982  792  877  913  554  249  699 1283 1399 1401 1431 1377 1370 1340 1279 1308 1272 1277 1228 1218 1177 1101 1126 1085 1065 1036 1034 1005  990  913  913  888  676  360  461  673  912  915  974  621  720  996 1034  955 1058 1098 1243 1156 1441 1450 1404 1390 1322 1228 1381 1326 1131  581  609 1343 1204 1764 1898 2002 1706 1785 1887 1767 1738 1776 2042 1910 1828 1642 2035 1856 2109 2234 2194 1829 1797 1821 1719 1749 1462 1894 1584 1854 2045 2377 2134 2334 1958 2058 1841 1279 1086 1039 1035 1107 1170 1239 1225 1279 1585 1828 1889 1828 1242 1715 2123 2315 2437 1828 1521 2162 2072 1846 1950 2292 1950 1790 1584 1550 1470 1492 1349 1401 1419 1413 1401 1474 1520 1462 1493 1354 1366 1282 1409 1404 1464 1585 1629 1589 1637 1400 1444 1444 1476 1476 1577 1541 1587 1801 2011 1890 1766 1818 1797 1502 1614 1517 1340 1231 1218 1188 1142 1156 1131 1129 1142 1157 1157 1157 1218 1279 1229 1468 1552 1761 1751 1760 1774 1523 1889 2011 1936 1706 1730 1698 1645 1466 1453 1526 1478 1424 1447 1524 1523 1592 1807 1880 1892 1792 1767 1872 1924
   377  302  238  243  261  277  281  286  303  366  425  454  607 1017 1132  668 1128 1203 1051  966 1278 1291 1647 1317 1595 1635 1585 1559  913 1517 1185 1276 1103 1081 1321 1105 1496 1308 1285 1107 1219 1029 1099 1233 1359 1218 1205 1185 1111 1018 1040  996  919  814  253  703  636  990 1152 1462 1371 1371 1401 1344 1285 1323 1309 1279 1248 1227 1096 1127 1102 1082 1066 1057 1036 1005  974  927  772  634  860  781  360  515  655  794  973  974  930  720  903 1092 1145 1098 1154 1368 1345 1411 1401 1281 1372 1467 1511 1270  550 1243 1162 1265 1181 1396 1642 1878 2048 2029 1887 1774 2045 1932 1977 2107 1859 1833 1874 1953 2071 2237 2002 1932 1929 1767 1623 1848 1751 1701 1642 2102 2459 1955 1746 2413 1950 1452 1216 1136 1073 1035 1035 1080 1156 1244 1283 1339 1365 1861 2001 1568 1270 1645 2011 1965 2376 2014 1811 2146 2012 1798 1882 2179 1889 1695 1706 1700 1526 1457 1385 1463 1432 1512 1496 1551 1807 1584 1464 1400 1355 1401 1306 1391 1401 1573 1552 1492 1545 1400 1676 1462 1528 1489 1531 1531 1584 1731 1822 1650 1814 2079 1657 1670 1539 1523 1466 1235 1193 1175 1154 1157 1146 1144 1152 1157 1157 1157 1218 1176 1157 1223 1302 1523 1628 1731 1645 1888 2011 2011 1872 1681 1657 1523 1523 1463 1458 1410 1413 1462 1611 1620 1546 1645 1826 1984 1889 1799 1706 1767 1828
   624  364  318  314  357  299  303  306  338  440  487  634  737 1089 1192  911  946  863  924 1100 1659 1726 1695 1286 1561 1253 1577 1343  914 1297 1491 1215 1036  791  852 1395 1405 1346  948  731 1069 1046  734 1013  919 1157 1098 1187 1157 1151 1035 1035  708  253  505  891 1188 1379 1436 1462 1430 1400 1401 1373 1336 1337 1311 1279 1253 1218 1187 1170 1108 1062  974  976 1035  996  986  921  700  791  584  425  360  360  852  974  974  970  974 1044 1107 1096 1183 1098 1252 1518 1326 1326 1378 1049 1284 1368 1340  530 1141 1547 1688 1495 1773 1947 1891 1841 1889 2074 1929 1955 1780 1915 1810 1583 1895 2078 1829 1765 1886 2012 1695 2032 1718 1653 2010 1982 2071 2043 1995 2276 2249 1791 1814 1675 1861 1348 1157 1096 1053 1035 1035 1092 1268 1391 1373 1620 1448 1971 1868 2194 1904 1270 1950 2300 2133 2249 2139 2452 1990 1767 1753 2084 1950 1785 1828 1889 1584 1453 1385 1493 1523 1815 1828 1738 1828 1699 1516 1444 1438 1547 1462 1306 1306 1341 1341 1357 1357 1587 1731 1599 1614 1645 1644 1579 1594 1594 1650 1686 1989 1841 1586 1421 1560 1401 1358 1230 1234 1210 1200 1181 1156 1163 1158 1185 1205 1159 1261 1302 1218 1218 1224 1249 1365 1533 1685 1886 1975 1787 1930 1645 1739 1692 1564 1492 1523 1431 1436 1461 1462 1572 1690 1715 1756 1767 1803 1822 1706 1889 1950
   644  620  488  503  356  425  364  389  425  475  645  696  757 1059 1208 1137 1221 1196 1088 1269 1705 1706 1463 1245 1473 1495 1402 1437 1220 1337 1181 1281 1303  730 1208 1244 1189 1162 1083  803 1035  605  796  769  719 1159 1234 1037  762 1085 1119  863  253  253  791 1397 1446 1584 1523 1401 1399 1340 1417 1401 1343 1336 1319 1274 1248 1210 1248 1179 1140 1075 1033  986  858  969  948  729  914  856  801  852  364  364  608  913  815  790  915 1041 1252 1279 1216 1300 1218 1462 1299 1203  979  797 1160 1223 1115  518 1199 1659 1908 1828 1784 1804 1746 2015 2002 1828 1702 2135 2122 1975 1523 1344 1868 1640 2071 2243 1904 1858 1886 1966 1950 1834 1654 1861 1936 1900 2317 1979 1889 2441 2509 2088 1354 1289 1145 1096 1055 1035 1060 1114 1279 1396 1584 1645 1462 2132 2350 2234 1889 1462 1310 1992 1828 1747 2131 2055 1910 1713 1724 2319 1908 1845 1828 2072 1625 1762 1385 1645 1731 1706 1889 2011 1978 1950 1663 1615 1584 1523 1543 1487 1334 1339 1457 1488 1502 1726 1754 1583 1667 1650 1792 1782 1676 1659 1584 1811 1879 1594 1572 1401 1329 1314 1434 1527 1451 1344 1252 1217 1212 1185 1186 1217 1194 1173 1251 1446 1165 1157 1157 1217 1247 1284 1635 1584 1594 1550 2011 2041 1771 1822 1645 1584 1523 1454 1462 1462 1462 1514 1575 1644 1767 1645 1704 1767 1888 1850 1828
   667  639  552  434  492  414  364  430  547  581  781  913  837 1065 1293 1322 1412 1462 1501 1502 1627 1489 1615 1496 1208 1094 1311 1280 1144  834  732 1095 1214  759 1157 1096 1103 1046 1037  709  430  425  664  435  377  751  679  460  502  479  785  306  253  253  665  999 1482 1584 1491 1462 1468 1344 1401 1401 1370 1340 1311 1281 1254 1218 1218 1299 1096 1053 1081 1039  979  911  649  936 1024  941  744  871  609  368  794  697  786  890  974 1035 1213 1208 1178 1276 1114 1340 1118  467  475  475  479  494  510 1372 1193 1001 1559 1823 2036 1770 1938 1767 1919 1920 1584 1934 1928 1912 1574 1219 1390 1916 1698 1871 2015 1648 2000 1770 1893 1828 1645 2147 2035 2241 2040 2345 2529 1949 2138 1523 1405 1279 1157 1096 1035 1035 1073 1157 1296 1475 1828 1671 1725 1950 1997 2272 1973 1887 1584 1310 2194 2240 2200 1950 1767 1642 1863 2133 1890 1891 1740 2011 1768 1472 1523 1813 1921 1997 2353 2290 1997 2143 1889 1742 1627 1555 1475 1401 1471 1365 1337 1442 1610 1645 1767 1649 1657 1782 1974 1926 1751 1599 1660 1706 1828 1853 1584 1776 1592 1413 1663 1523 1462 1523 1584 1342 1247 1218 1246 1236 1231 1218 1260 1429 1279 1157 1157 1189 1222 1261 1349 1616 1664 1864 1867 1718 1949 1820 1690 1645 1584 1485 1506 1464 1462 1467 1523 1574 1584 1719 1709 1698 1820 1861 1767
   638  602  511  547  517  445  486  486  609  566  547  790 1030 1045 1336 1340 1132 1339 1508 1403 1706 1219 1272 1557 1383  887  976  891  828 1299 1279  924  778  608  981 1048 1038  898  722  504  875  619  732  863  857  642  430  549  609  357  569  543  660  253  517 1164 1283 1525 1400 1432 1399 1279 1350 1080 1080 1288 1324 1310 1247 1279 1225 1278 1183 1163 1121 1039 1004  944  944  913  973  853  852  852  765  372  668  733  791  779  774  947 1453 1005 1096  936  762 1101 1024  467  766 1091  898 1006  991  795 1821 1543 1431 1414 1793 1988 1702 1620 1463 1759 1684 1338 1816 1379 1198 1862 1961 1853 1974 2022 2030 1582 1524 1736 2240 1936 1842 1828 1706 1840 2058 2314 2186 2194 2143 1988 1593 1274 1122 1090 1047 1053 1097 1181 1340 1401 1785 1706 1940 2255 1879 2286 2133 1986 1569 1341 1962 2072 1928 1832 1724 1642 1882 2168 1935 1971 1858 1610 1472 1797 1646 1584 2086 2012 2376 2326 2395 2224 2063 1844 1679 1584 1542 1462 1556 1414 1362 1401 1583 1716 1804 1766 1645 1937 1874 1910 1767 1623 1716 1950 1965 1841 1633 1878 1523 1744 1836 1635 1706 1773 1520 1393 1279 1219 1278 1308 1263 1261 1258 1378 1460 1218 1157 1160 1200 1234 1296 1570 1547 1462 1742 1984 2072 1890 1828 1710 1588 1539 1553 1515 1462 1462 1523 1567 1576 1680 1663 1822 1754 1744 1704
   581  578  502  547  535  575  486  665  716  669  740  850  707  842  789 1021 1199 1524 1507 1522 1706 1367 1397 1206 1026 1255 1402 1391 1462 1353 1281 1235 1115 1156  593  952  779  837  487  931  884  769  741 1064 1169  630  959 1184  934  468  640  570 1174  261  261  726 1220 1476 1375 1094 1317  800 1008  980  770 1302 1341 1308 1345 1586 1334 1375 1154 1080 1043 1034 1005 1014  917  913  965  883  798  883  744  380  384  395  403  415  423  766 1074  431  944 1297 1020  787  784  459 1147 1387 1361 1463 1054 1364 1494 2000 1507 1850 1645 1706 2251 1767 1790 1411 1230 1140 1148 1025 1786 1889 2048 1591 2115 1786 1887 1247 1035 1294 1374 1556 1892 1947 1980 2157 2008 2129 2054 2059 2053 1618 1644 1257 1156 1088 1050 1070 1118 1272 1395 1688 1898 2084 2041 2255 1706 2155 2028 1903 1889 1879 1341 1645 1971 1828 1727 1586 1950 1950 1804 1767 1789 1539 1820 1792 2055 1868 1767 2194 2267 2474 2458 2737 2348 1913 1797 1733 1603 1511 1490 1466 1380 1380 1503 1644 1782 1766 1782 1899 2133 1852 1677 1984 1706 1909 2010 1684 1757 2072 1949 1777 1715 1834 1697 1889 1463 1401 1279 1337 1340 1364 1399 1366 1285 1312 1504 1219 1157 1157 1157 1208 1276 1461 1401 1706 2065 1949 2528 2384 1923 1750 1610 1587 1553 1532 1511 1462 1492 1522 1683 1800 1950 1691 1650 1752 1664
   559  547  547  559  578  641  611  614  747  732  935  812 1211 1340 1341 1090 1465 1252 1291 1286 1695 1328 1584 1313 1368 1460 1540 1375 1368 1316 1137 1250 1185 1150  793  566  486  622  704 1051 1135 1108 1145 1196  902 1213 1103  597  855  654  865  934 1159  689  261  828 1229 1278 1299  859  718  664  943  381  746  831 1340 1311 1400 1623 1367 1196 1103 1065 1006 1016 1038  949  914  920  913  881  852  578  784  546  384  732  787  739  771  423  431  730  431  763  791  807  451  968 1356 1640 1452 1664 1225 1834 1709 1912 2064 1890 1993 2055 1917 1831 1963 1756 2042 1462 1225  913 1346 1792 1377 1642 1940 1846 1581 1039 1642 2058 2093 1706 1674 2080 2359 2498 1828 1991 1824 1788 2422 2432 1798 1297 1145 1076 1069 1086 1130 1205 1416 1584 2085 2376 2312 2098 1916 2292 2098 2144 2133 1746 1523 1385 1712 1857 1684 1586 1837 1864 1663 1665 1617 1539 1785 1912 1828 1950 2017 2097 2253 2255 2177 2728 2086 2076 1950 1767 1602 1579 1523 1401 1367 1418 1462 1624 1811 1846 1901 1945 2076 1975 1706 2170 1930 2072 2132 1978 1645 1828 1780 1645 1584 1607 1480 1504 1464 1352 1378 1491 1401 1519 1888 1522 1401 1340 1363 1313 1157 1157 1157 1218 1247 1333 1477 1706 2295 2401 2681 2441 2011 1767 1645 1632 1615 1539 1582 1467 1492 1511 1559 1641 1833 1706 1583 1584 1615
   515  542  578  610  621  750  888  858  924 1035  989  818  884 1184  844 1116 1222 1156 1206 1583 1689 1401 1584 1541 1591 1565 1126 1315 1166 1132 1089 1189 1016 1096 1096  978  560  857 1070 1233 1155 1279 1248 1227 1225 1037  599 1057  980  807  863  864 1268  876  269  681 1135 1145 1008  934  532  482  368  720  791  933 1249 1294 1314 1340 1275 1182 1127 1085 1019  974  952  944  915  913  883  622  785  812  435  556  427  731  791  858  944  643  909 1159  989  443  443  451  451 1344 1634 1649 1926 1799 1716 1894 2033 1576 1621 1996 2248 1835 2102 1526 1769 1593 1746 1516 1243 1138  972 1038  803  874  874 1645 1581  977 1572 1645 2129 2143 1661 1809 2286 2046 2195 2435 2154 2138 2138 1462 1494 1249 1143 1086 1094 1096 1157 1214 1279 1401 1786 1868 2376 2376 2052 2281 2148 2376 2011 1846 1715 1746 1432 1722 1503 1584 1696 1814 1754 1619 1569 1596 1931 2183 2110 2083 2165 1950 2315 2620 2480 2107 2229 2269 2076 1870 1578 1523 1524 1399 1401 1433 1489 1557 1705 1950 2061 2004 1933 1861 1903 1924 2167 2036 2030 1889 2009 2076 1950 1888 1684 1550 1573 1382 1348 1370 1510 1617 1462 1644 2032 1767 1494 1367 1297 1302 1218 1172 1157 1218 1218 1279 1444 1733 2218 2502 2387 2184 1950 1818 1707 1706 1614 1585 1528 1511 1492 1492 1528 1567 1592 1552 1581 1706 1757
   545  600  575  647  639  852  969  938  915 1058  991 1218  918  890 1100 1123 1035 1478 1394 1516 1532 1391 1504 1522 1574 1493 1343  865  609  669 1122  991  845  547  549  670  954  683  971 1222 1294 1311 1287 1299 1274  674 1009  994  812  863 1126 1218 1037  956  269  609  913 1338 1201  499  344  344  381  728  756  691 1274 1278 1333 1236 1218 1161 1076 1032 1005  985  974  940  918  934  778  891  883  794  602  608  463  616  851  852  962 1091 1063 1339 1283 1402 1171  846  451 1026 1340 1190 1572 1731 2071 1642 1279 1550 2093 2016 2078 1886 1403 1623 1307 1454 1477 1313 1412 1295  790  803 1218 1091 1166  926  926 1597 1629 2115 2120 1894 1777 2080 2174 2069 1989 2235 2418 2556 1939 1893 1440 1254 1118 1096 1110 1129 1180 1263 1458 1645 1757 2133 2265 2437 2329 2547 2133 2194 2096 1899 1813 1821 1432 1499 1574 1736 1717 1944 1918 1657 1574 1628 1860 2185 2299 2322 2407 2209 2255 2681 2377 2711 2464 2376 2088 1706 1584 1508 1445 1401 1420 1459 1486 1588 1828 1760 2132 2048 2133 1889 2145 2138 2072 2158 2219 2167 2132 2159 1924 1775 1658 1598 1516 1468 1340 1498 1534 1611 1594 1642 1928 1932 1585 1432 1329 1290 1279 1218 1157 1190 1208 1266 1401 1533 1862 1984 2133 2405 2136 2173 1843 1767 1645 1586 1562 1523 1523 1490 1507 1522 1553 1558 1585 1648 1828
   548  575  647  700  834  789  901  945 1037 1157 1218 1244 1280 1276 1462 1217 1583 1522 1493 1460 1307 1348 1399 1523 1553 1079  706  966 1223  915  608  807 1147 1103  609  980 1036  917 1154 1269 1351 1340 1340 1238  688 1008 1211 1033  883  937 1275 1462 1218 1126  867  277  816 1293  793  309  328 1160  368  372  372  376  905  384 1029  897 1215 1060  994 1016 1005  982  974  944  913  883  881  896  883  760  596  669  510  745  606  782  905 1218 1279 1197 1380 1479 1400 1021  795  463  463 1010  789 1112 1499 1251 1724 1088 1262 1758 1815 1813 1702 1346 1201 1653 1119 1107 1274 1301  732 1210 1229 1852 2006 1614 1477 1706 2165 2000 2299 2124 2028 1903 2153 2324 2546 2291 1741 1696 2008 2305 1710 1168 1105 1120 1150 1149 1217 1406 1706 1889 2041 2194 2452 2376 2084 2333 2190 2255 1980 1950 2072 1935 1875 1499 1574 1644 1706 1957 1925 1638 1574 1639 1987 2156 2376 2445 2431 2437 2540 2575 2742 2651 2643 2629 2154 1706 1580 1511 1462 1417 1451 1537 1589 1620 1792 2072 2144 2133 2011 2170 2072 2072 2194 2255 2255 2325 2267 2194 1950 1780 1618 1450 1613 1594 1371 1416 1634 1706 1654 1712 2230 2264 1920 1529 1395 1333 1279 1218 1157 1157 1193 1225 1340 1522 1462 1710 1771 1944 2255 2036 1828 1860 1679 1645 1635 1523 1523 1492 1492 1516 1553 1606 1640 1775 2010
   547  573  722  821  730  911  974 1051 1090 1137 1226 1279 1340 1400 1523 1462 1584 1387 1483 1372 1215 1280 1278 1357 1319  981 1223 1271 1104  832 1050 1080 1136 1119  792  929 1227  987 1170  945 1370 1340 1120  731 1219 1279 1387 1185 1228 1230  941 1524 1462 1066  854  277 1121 1140  635  309 1169 1138 1002 1340 1297 1088  376  829  384  903 1172 1042 1011 1005 1005  978  992  970  913  913  913  885  795  756  690  510  729  731  634  724  776  952 1161 1334 1461 1492 1298 1041  765  807  794  475  475  916  924 1015 1397 1082 1102 1853 1792 1591 1561 1448  841 1336 1128  864 1343  986  732  984 1219 1834 2002 1782 2067 2015 2133 2058 1831 2234 2270 1827 2372 2310 2150 2077 1934 1645 2077 1629 1332 1199 1119 1147 1157 1199 1296 1551 1512 1919 1995 2354 2283 1828 2121 2191 2480 2278 2279 1955 1886 1828 1994 1555 1584 1888 1883 1986 1889 1645 1625 1740 1966 2175 2254 2344 2355 2225 2255 2620 2551 2315 2518 2210 1828 1676 1577 1481 1454 1411 1461 1533 1643 1753 1767 2037 2437 2316 2199 2194 2277 2192 2170 2187 2437 2498 2194 2150 1964 1828 1754 1669 1645 1375 1506 1445 1564 1706 1819 2355 2235 2133 1663 1733 1584 1315 1262 1218 1157 1157 1179 1218 1265 1435 1643 1672 1706 1888 2498 2096 2192 1952 1856 1639 1584 1553 1544 1509 1507 1521 1553 1643 1866 1974 2093
   570  607  667  830  758  929  961 1003 1121  684  975 1217 1032 1334 1506 1396 1418 1371 1323 1157 1078 1096 1296 1271 1248  981 1162 1233 1098 1035 1176 1096 1096 1097  779  833  733 1101  974 1279 1291 1340  798 1340 1035 1401 1471 1201 1418 1503 1389 1380 1341 1024  944  285 1026 1260  629  301  755 1209 1074 1203 1397 1334 1340 1279  998  384 1218  844 1004 1008 1005 1001  983  974  944  950  941  861  851  794  632  573  722  792  813  978  958  922 1157 1372 1461 1564 1158 1636 1309  770 1058 1311  853  479  479  973  700 1063 1706 1895 1019 1190  558  605  605  619  645  680  720  733  732 1447 1773 2051 1898 1823 1787 1935 1910 1584 1919 1925 2127 2046 2491 2413 2496 2485 2488 2252 2436 1647 1498 1194 1135 1156 1156 1236 1316 1372 1643 1919 2041 2250 1963 2072 2315 2292 2218 2104 1913 1940 1776 1767 1917 1555 1751 1705 1783 1889 1797 1614 1661 1761 1950 2121 2559 2584 2497 2646 2476 1947 2404 2294 2144 2011 1694 1638 1535 1493 1449 1401 1508 1576 1706 1899 1950 2072 2248 2379 2132 2410 2133 2149 2041 2006 2271 2346 2103 2284 2157 1812 1809 1547 1409 1462 1462 1645 1695 1950 2304 2471 2372 2194 1747 1889 1827 1395 1222 1176 1157 1157 1160 1216 1279 1368 1459 1584 1708 2026 2691 2246 2255 2173 1949 1750 1584 1574 1569 1526 1517 1525 1588 1679 2004 2177 2437
   607  670  671  770  612  678  832  609  952 1065  788  791  991 1185 1176 1483 1500 1376 1139 1159 1036 1094 1230 1120 1248  758 1013 1248 1122 1144 1107 1270 1168 1109  940 1176 1277  912 1279 1338 1340 1372  806 1435 1464 1489 1404 1522 1471 1580 1598 1340 1449 1096  479  285  482 1182  854  301  916 1179 1218 1401 1401 1462 1397 1287  861  384  663  491  609 1005 1005 1005 1005  986  974  967  946  941  839  820  728  573  822  883 1181 1065 1263 1115 1223 1347 1767 1523 1371 1340 1066  975 1284 1462 1233 1482 1202  487  487 1464 1176  877  530  558  993 1183 1053 1187 1337 1597 1616 1483  748 1708 1436 1824 1695 1574 1842 1698 1841 2146 1711 2128 2215 1914 1790 1871 1818 2125 2008 2351 2530 2203 1410 1181 1150 1171 1218 1187 1450 1606 1828 1404 2148 1658 1789 2255 2133 2092 2072 1960 2067 2437 1963 1706 1645 1594 1767 2026 1913 1828 1651 1645 1729 1962 2420 2372 2379 2316 2385 2577 2341 2437 2242 2133 1852 1820 1619 1514 1499 1464 1446 1443 1546 1653 1719 1950 2315 2335 2437 2459 2498 2217 2072 2226 1944 2248 2466 2387 2041 2245 2034 1764 1645 1577 1462 1534 1658 1809 2216 2291 2351 2212 2457 2151 2255 2194 1975 1378 1263 1169 1157 1157 1157 1214 1247 1345 1505 1584 1696 2126 2772 2498 2582 2554 2346 2133 1659 1619 1583 1540 1522 1526 1639 1715 2058 2338 2411
   673  571  547  692  752  714 1035 1108 1193 1276  791  859 1115 1281 1157 1304 1584 1316 1289 1095  934  852 1219 1005 1219 1120 1218 1218 1098 1138 1218 1279 1167 1196  924 1307  971 1304 1157 1353 1400 1431  909 1021 1378 1449 1487 1509 1457 1525 1607 1460 1583  978 1125  611  293  803  301  919 1044 1022 1257 1439 1483 1462 1401 1377 1002  384  395 1096 1064  944  886  993  995 1003 1005 1005  960  913  849  745  798  605  854 1351 1299 1584 1334 1144 1455 1404 1528 1545 1691 1628 1616 1284 1326 1520 1646 1288 1117 1628  791  487  487  530 1195 1184 1766 1464 1443 1614 1449 1703 2066 1471  748 1243 1546 1544 1357 1764 1301 1277 1456 1360 1469 1445 1933 1919 2105 2298 1714 1524 1884 1890 2264 1705 1306 1157 1183 1214 1203 1415 1234 1266 1349 1706 1488 1746 1889 2275 2133 2017 2010 1975 2157 2542 2136 1880 1767 1706 1889 2133 1953 1706 1645 1707 1843 1988 2041 2130 2230 2133 2471 2421 2634 2346 2284 1974 1895 1644 1608 1526 1478 1462 1451 1454 1513 1654 1750 1888 2302 2402 2214 2258 2395 2278 2112 2162 2072 2147 2246 2074 2293 2327 2011 1690 1640 1645 1747 1689 1706 1828 2308 2188 2011 2147 2376 2358 2416 2230 1874 1440 1253 1190 1157 1157 1157 1211 1247 1338 1462 1555 1658 1928 2242 2630 2479 2012 2222 1957 1707 1731 1613 1582 1553 1557 1645 1811 2027 2324 2544
   669  679  959  654  683  696 1156 1108 1400 1094  982 1401 1319 1522 1462 1610 1584 1423 1268 1036  904  791 1019 1176 1119 1217 1307 1218 1208 1309 1248 1218 1163 1148 1158 1309 1026 1298 1312 1370 1440 1462  852 1158 1159 1339 1403 1492 1473 1463 1587 1525 1490 1211 1272  669  889  293  301  992 1189 1153 1052 1218 1366 1344 1233 1374 1039  612  763  395  978 1076 1008 1002 1016 1021 1049 1032 1025 1035  744  712  605  805 1338 1399 1441 1705 1521 1673 1732 1524 1390 1450 1586 1603 1501 1309 1528 1627 1640 1661 1558 1530 1155  510 1588 1036 1649 1863 2066 1405 1843 1620 1360 1848 1891 1189 1708  775 1400 1154 1891 1585 1147 1850 1819 1897 1902 2097 2097 2007 2048 1828 1854 2140 1901 1607 1974 1501 1227 1157 1231 1368 1383 1254 1733 1787 1851 1706 2057 1543 1757 1990 2194 2011 2194 2071 2072 2437 2011 1871 1821 1716 1681 1828 1867 1709 1746 1895 1883 1883 2034 2174 2011 2435 2132 2440 2361 2567 2393 2133 1937 1759 1586 1514 1493 1464 1450 1475 1583 1716 1920 1828 1952 2125 2309 2143 2186 2255 2131 2186 2006 1828 2098 2098 2136 1973 2031 1889 1702 1767 1830 2154 2376 2132 2177 2222 2070 1828 1974 2011 2184 2010 1891 1427 1299 1187 1157 1157 1170 1212 1243 1340 1401 1477 1620 1749 1962 2049 2159 1953 1942 1945 1889 1767 1671 1585 1579 1558 1694 1819 1950 2193 2248
   784 1028 1008  975  953  935 1062 1330  975 1218 1059 1243 1398 1541 1584 1522 1472 1464 1035  913  858  791  791  864  979 1267 1201 1218 1232 1278 1274 1248 1221 1097 1266 1180  966 1065 1379 1376 1409 1253 1047 1219 1212 1286 1419 1390 1449 1435 1401 1527 1614 1152 1304  975  658  293  541  569  964 1340 1097 1252 1218 1231 1093 1340 1201  810  889  904  411 1096 1079 1022 1034 1096 1124 1135 1065 1036  870  669 1222 1116 1204 1279 1433 1503 1849 1714 1823 1433 1401 1451 1650 1699 1999 1358 1586 1621 1762 1700 1571 1328  585 1327 2001 1646 1702 1778 1614 1897 1866 1523 1697 1954 1600 1426 1188 1061  775  779 1367  962 1822 1647 1561 1401 1814 1631 1828 2328 2375 2227 2102 2137 2086 1441 1461 1279 1231 1157 1462 1504 1629 1466 1321 1578 1911 1950 1946 1807 1919 2011 2250 2102 2290 2072 2132 2197 1899 1760 1706 1837 1767 1756 1787 1889 1827 1953 1883 1883 2072 2012 1950 2133 2072 2524 2330 2373 2217 2030 1958 1704 1638 1517 1491 1462 1455 1533 1640 1828 1828 2038 2283 2011 1955 1882 1970 2007 1830 1843 1748 2039 1828 1742 1767 1938 1813 1587 1645 1638 1883 2039 2239 2544 2499 2288 2493 2062 1756 1706 2005 1931 1959 1580 1309 1236 1168 1159 1180 1216 1279 1340 1405 1462 1564 1660 1811 1977 1898 1828 1826 2072 2011 1822 1653 1645 1584 1581 1646 1645 1767 2072 1985
   976 1116  790 1138  814 1035 1279 1401 1147 1247 1239 1401 1398 1340 1470 1340 1164 1182 1065  912  886  898  974 1027  923 1157 1164 1143 1241 1218 1330 1279 1221 1218 1284 1044 1338 1268 1401 1387 1462 1221 1218 1173 1210 1401 1365 1317 1351 1326 1279 1411 1584 1578 1532 1144 1105  293  301  301  494 1168  952 1254 1279  935 1037 1370 1231  852 1244 1294  411  766 1188 1160 1268 1232 1340 1288 1391  900  708 1335 1401 1035 1062 1273 1457 1737 1861 1706 1828 1583 1376 1341 1554 1888 1838 1608 1460 1461 1649 1774 1650 1607  708 1708 1574 2002 1925 2061 2118 2149 1884 1560 1858 1952 1839 1491 1090  795  871 1334  958 1146 1314 1430 1657 2210 1862 2041 2191 2185 1810 2470 2319 2525 2283 1979 1414 1344 1233 1214 1572 1627 1404 1833 1753 1401 2110 1889 2072 1830 1738 2041 2205 2194 2176 2072 2011 1940 1767 1827 2076 1852 1764 1828 1854 1895 1949 1883 1883 1883 1883 2255 2051 1950 2127 2102 2472 2376 2084 2043 1822 1653 1584 1510 1479 1462 1489 1620 1705 1788 1921 2137 2027 1953 2102 2071 1950 1782 1840 1856 1706 1697 1807 1590 1638 1739 1803 1546 1521 1620 1858 1971 2011 2360 2742 2579 2444 2133 1999 1745 1865 1757 1828 1462 1401 1279 1170 1168 1201 1236 1307 1351 1401 1462 1486 1643 1740 1740 1782 1645 1776 1883 1889 1763 1766 1645 1676 1627 1584 1640 1679 1868 2102
  1093  936 1071 1158  792  867 1032 1410 1302 1457 1483 1340 1218 1300 1325 1462 1047 1068 1065 1065  998 1004 1000 1035  977 1101 1127 1127 1157 1212 1170 1192 1279 1340 1311 1344 1316 1401 1302 1398 1434 1279 1410 1298 1150 1340 1221 1279 1275 1326 1346 1418 1401 1523 1584 1492 1143  732  611  728  303  739  590 1102  924 1080 1090 1332 1218 1004 1279 1340  411  768 1343 1305 1401 1623 1827 1748 1527 1226  744 1405 1430  974 1340 1409 1679 1493 1857 1622 2025 1593 1332 1353 1462 1827 1625 1514 1340 1532 1538 1645 1588 1240  740  819 1540 1561 1869 1829 1917 1982 1723 1849 2036 2181 1922 1549 1002  795 1132 1565 1819 1470 1391 1811 2010 1822 1733 2156 2386 2173 2154 1816 1462 1460 1404 1365 1310 1250 1280 1214 1530 1782 1675 1811 1972 1846 1900 2120 2225 2075 2226 2127 2407 2438 2118 1962 1894 1884 1828 2133 2072 1786 1959 1896 1896 1899 2041 2011 2209 2051 2147 1883 1816 1816 1772 1772 1804 1767 1975 1674 1706 1584 1525 1493 1468 1462 1523 1649 1766 1845 1991 2010 2054 2025 2315 2075 1875 1982 2133 1887 1947 2050 2218 1828 1715 1639 1602 1503 1521 1649 1915 1967 1943 2102 2413 2376 2119 1828 1829 1806 1583 1696 1699 1767 1447 1340 1197 1178 1213 1279 1279 1316 1347 1340 1402 1513 1630 1706 1565 1788 1900 1792 1754 1708 1735 1700 1756 1710 1676 1645 1645 1831 1767
  1119 1097 1157 1153 1096  841 1092 1247 1541 1462 1482 1400 1157 1226 1261 1317 1215  913 1033 1049  953  955  974 1035  791 1096 1096 1101 1127 1097 1096 1096 1101 1331 1340 1299 1401 1393 1340 1412 1427 1188 1462 1222 1036 1319 1099 1218 1157 1283 1340 1428 1432 1518 1584 1529  806  622  523 1194  313  324  443  566  584 1095 1330 1339 1037 1294 1389  855  411 1218 1166 1084 1462 1598 1513 1581 1456 1062  744 1316 1350 1047 1523 1422 1404 1437 1785 1515 1888 1584 1301 1338 1544 1730 1629 1404 1340 1401 1501 1817 2013 1795 1521  874 1189 1494 1470 1970 2192 2006 1899 2122 1887 1828 1871 1586 1085  819 1367 1771 1564 1669 1455 1864 2021 2034 1928 2125 1928 2255 1812 2205 2433 2213 2196 1758 1562 1392 1219 1214 1447 1754 1942 1974 1788 1950 1706 1914 2027 2041 2414 2414 2352 2187 2194 2073 2135 2166 2134 2132 1889 1815 2001 1926 2003 1891 2102 2133 2194 2193 2133 2106 2203 1985 2132 2298 1729 1729 1767 1710 1607 1559 1512 1495 1479 1464 1600 1704 1938 2144 1954 2066 2133 2127 2205 1944 1889 2261 2112 1764 2072 2245 2080 1952 1936 1706 1584 1492 1538 1635 2071 1824 1953 2315 2048 2018 2133 2044 2031 1828 1807 1584 1582 1649 1523 1516 1217 1187 1216 1259 1333 1364 1454 1485 1584 1575 1699 1584 1782 2016 2176 1862 1710 1717 1706 1696 1706 1825 1767 1721 1645 1687 1696
  1159 1110 1183 1279 1201  734 1344 1400 1496 1479 1100 1534 1056 1213 1054 1205 1174  860  887  791  882  987 1044 1090 1034  897 1096 1147 1131 1095 1040 1026 1035 1076 1315 1368 1401 1401 1403 1419 1364 1169 1159 1151 1157 1176 1096 1165 1263 1330 1370 1388 1401 1492 1561 1064  775  598  614 1158  945  791  348  368  680  719 1226 1401 1217 1432 1148  431  959  774  773  900 1260 1276 1523 1342 1539 1219 1093  768  955  999 1215 1243 1430 1384 1412 1567 1730 1658 1340 1263 1543 1733 1584 1462 1351 1340 1402 1633 1864 1792 1506  913 1558 1454 1626 1956 1903 1766 2134 2034 1888 1791 1396 1105  978  819 1220 1760 1916 1810 1916 2034 1838 2215 2316 2207 2174 2309 2002 2207 2271 2677 2421 1598 1348 1344 1260 1214 1406 1728 1917 1827 1646 1889 1889 1924 2010 2133 2245 2622 2353 2243 2211 2056 2437 2220 2164 2166 1950 1889 2183 2051 2292 1889 2349 2523 2267 2255 2194 2546 2328 2239 2248 2072 1950 1763 1662 1662 1662 1537 1522 1509 1486 1488 1649 1794 1889 2063 2079 2153 2076 2255 2236 2054 1935 2153 2005 1828 2311 2134 2072 2009 1728 1786 1528 1486 1611 1669 2011 1713 1889 1973 1769 2132 2069 2011 2139 1828 1584 1462 1454 1471 1462 1401 1265 1190 1216 1266 1279 1347 1401 1578 1611 1767 1889 1737 1767 2072 1912 1787 1706 1673 1655 1658 1706 1764 1719 1760 1645 1645 1678
  1218 1158 1218 1279 1229  818 1258 1271 1286 1210 1645 1589 1156 1116 1096 1101 1132  898  796  826  943 1017 1065 1096 1083 1048  970  852 1094  943  929  974 1066 1084 1278 1396 1341 1401 1458 1401 1279 1096 1270 1158 1149 1135 1229 1158 1218 1340 1400 1340 1401 1482 1358  790  425  719  923 1211 1054  928 1278  348  348  863 1047 1303 1401 1523  994  431  522  581  864  925 1287 1454 1523 1560 1584 1528 1306 1165  768  803  803  858 1109 1365 1458 1787 1740 1514 1327 1340 1373 1710 1501 1362 1297 1333 1465 1706 1938 1748 1586 1076 1390 1516 1792 1464 1633 2314 1893 2040 2107 2060 1811 1311 1360  843 1260 1633 1405 1832 1830 2118 2435 2359 2003 1403 1510 1575 2209 2256 1852 1731 1525 1945 1882 1355 1213 1313 1344 1662 2075 1640 1754 1863 1950 1991 2062 2118 2311 2480 2498 2539 2188 2250 2356 2072 1923 1828 1889 2104 2216 2212 2341 2036 2298 2620 2426 2593 2454 2751 2529 2579 2498 2498 2133 1855 1889 1643 1605 1569 1542 1510 1493 1592 1708 1887 2046 2005 1889 2084 1919 2059 2072 2039 2190 1931 1927 2194 2334 2255 2322 2011 1878 1693 1615 1523 1487 1587 2032 1594 1645 1706 1752 2011 2072 2011 1888 1745 1642 1462 1400 1401 1428 1334 1270 1210 1217 1262 1319 1340 1398 1523 1645 1767 1867 1906 1888 2133 1803 1798 1767 1667 1672 1709 1708 1704 1650 1827 1645 1645 1661
  1192 1157 1157 1229 1076 1197  874 1078 1103 1350 1477 1757 1331  974 1035 1072  979  880  791  944 1003 1005 1074 1101  993 1157  947 1054  927  852  883  974 1066 1036 1218 1295 1401 1401 1454 1411 1377 1195 1200 1243 1157 1209 1283 1216 1282 1344 1400 1370 1454 1526 1283  909  565  875 1163 1005 1435  936 1523 1028  348  799 1231 1389 1591 1359  790  443  673  777  973 1159  890 1297 1523 1577 1564 1567 1472 1031 1334  875 1244 1344  858 1180 1436 1707 1487 1339  942  985 1357 1377 1393 1340 1270 1279 1461 1521 1818 1706 1774 1414 1080 1098 1349 1208 1773 1830 1796 1896 1982 1607 1391 1044  843  894 1248 1493 1340 1705 1723 1921 1771 2146 1352 2196 2262 1797 2235 2137 1914 2265 2604 2264 2007 1533 1283 1218 1433 1270 1337 1402 1667 1870 1781 1828 2201 2193 2165 2253 2500 2072 2176 2247 2194 2046 2194 1996 2048 2346 2315 2376 2742 2061 2609 2315 2716 2864 2620 2548 2741 2519 2773 2684 2382 2225 2013 1869 1833 1571 1548 1517 1523 1645 1867 1931 2067 1935 1786 1977 2073 2198 2052 2030 2142 1915 2017 2309 2407 2214 2055 1902 2011 1889 1695 1772 1701 1452 1516 1495 1544 1584 1767 1823 2022 1771 1768 1725 1645 1462 1340 1324 1330 1291 1218 1215 1217 1279 1340 1401 1462 1707 1645 1827 1772 2003 1921 1828 1865 1706 1649 1645 1766 1767 1767 1694 1645 1645 1645 1645 1645
  1213 1158 1223 1183 1041 1158  948 1389 1117 1527 1246 1586 1103  959  915  916  966  839  818  904 1035 1031 1073 1293  891 1055 1105 1127 1035  880  883 1044 1044 1096 1072 1178 1279 1340 1449 1401 1396 1193 1275 1292 1282 1229 1248 1218 1306 1343 1418 1350 1370 1163  883  523  547  926  932 1359 1129 1394 1212  903  348 1033 1460 1661 1688 1227  859  443  731  791  981 1312 1378 1189 1462 1624 1462 1584 1510 1313 1376  947 1222 1403 1358  866  866  898  898  942 1384 1315  985 1350 1064 1340 1175 1281 1341 1671 1590 1734 1520 1534 1592 1496 1581 1365 2018 1940 1774 1679 1798 1617 1238 1188 1552 1678  999 1035 1461 1420 1445 2204 1565 1267 1804 2193 2071 2129 2425 2297 2463 2553 2437 2370 1649 1545 1357 1218 1218 1589 1474 1540 1549 1551 1884 1852 2009 2118 2138 2169 2468 2315 2069 2384 2222 2072 2115 2376 2116 2347 2181 2428 2681 2678 2506 2712 2592 2708 2963 2976 2723 2752 2350 2333 2244 1952 1787 1694 1678 1645 1543 1521 1523 1643 1824 1949 1828 1872 1917 1868 2128 2105 2144 2069 1938 1950 2061 2498 2313 2082 2340 2255 2194 1903 1706 2003 2033 1592 1461 1459 1489 1571 1645 1701 1845 1846 1754 1537 1546 1426 1325 1293 1274 1240 1218 1216 1217 1276 1340 1401 1476 1645 2011 2063 1769 1706 1767 1766 1824 1763 1616 1577 1695 1613 1649 1645 1648 1658 1645 1697 1672
  1280 1268 1279 1214  913  876 1078 1197 1276 1433 1569 1634 1297  905  876  908  973  996  857  868 1039 1042 1127 1318  973 1111 1218 1221 1333 1034  902  913  913 1095 1157 1157 1217 1340 1431 1401 1401 1157 1279 1309 1279 1309 1308 1317 1297 1368 1401 1412 1150  721  549 1337  613  945 1343 1645 1462 1646 1523  753  348  609 1019 1404 1585 1108  716  443  733  965 1024 1104 1462 1459 1583 1701 1645 1543 1257 1379 1343 1218 1431 1767 1498 1440 1401 1761 1450 1502 1510 1456 1464 1064 1454 1175 1268 1279 1401 1462 1555 1695 1827 1732 1494 1723 1975 1462 2008 1920 2069 1536 1490 1373 1492 1337 1924 1549 1235 1519 1025 1200 1241 1242 1203 1785 1639 2348 2225 2131 2543 2507 2194 2416 2145 1823 1940 1531 1460 1218 1218 1481 1749 1745 1640 1645 1828 1767 2077 2200 1986 1889 1956 1973 1958 2448 2133 2048 2341 2194 2071 2447 2620 2315 2753 2857 2864 3047 2803 2255 2825 2513 2538 2437 2376 2333 2151 1986 1838 1966 1653 1720 1589 1540 1537 1584 1755 2010 1950 1767 1764 1966 2023 2126 2209 2011 1931 1949 2159 2383 2315 2253 2315 1970 1801 1742 1644 2010 2134 1569 1462 1430 1444 1489 1559 1646 1711 1790 1746 1560 1448 1401 1324 1279 1265 1218 1208 1215 1218 1312 1338 1419 1462 1523 1807 2056 1938 1809 1826 1706 1828 1867 1572 1524 1578 1660 1660 1706 1651 1703 1689 1706 1698
  1353 1282 1310 1245 1279 1203  973 1175 1462 1510 1517 1707 1154  882  854  824  822  822  949  891 1094 1047 1185 1163 1147 1098 1279 1338 1403 1271 1145  926  913  974 1100 1216 1218 1301 1401 1401 1399 1338 1361 1309 1290 1340 1349 1340 1308 1340 1172  996 1042  690 1258 1361  682 1039 1255 1614 1371 1592 1528  844  348  356  913 1327 1229  998  969  451  711  835 1157 1325 1540 1655 1647 1828 1645 1552 1489 1560 1526 1268 1551 1946 1706 1507 1466 1796 1490 1339 1509 1584 1404 1510 1340 1424 1408 1388 1353 1405 1468 1642 1661 1586 1767 1940 1906 1572 1826 1941 1861 1864 1361 1334 1546 1722 1784 1650 1600 1114 1225 1940 1876 1828 1672 1685 1466 1404 2017 1608 2068 2283 2364 2582 2642 2158 1867 1246 1226 1226 1218 1512 1623 1759 1468 1518 1523 1921 1944 1985 2011 1950 1828 1872 1929 2464 2214 2072 2452 2072 2183 2620 2560 2705 2280 2594 2762 2590 2477 2559 2169 2369 2255 2194 2244 2162 2297 1987 2133 2072 1919 1985 1746 1571 1584 1689 1787 1848 1791 1778 1828 1931 2047 2065 1996 1949 1934 2207 2255 2255 2240 2252 2120 1994 1706 1603 1584 2356 2438 1896 1495 1431 1401 1460 1521 1575 1644 1647 1731 1554 1523 1378 1314 1279 1241 1217 1212 1218 1218 1331 1462 1413 1482 1665 1767 2176 1950 1831 1894 1804 1870 1697 1820 1603 1790 1798 1767 1706 1706 1752 1706 1706 1706
  1272 1300 1290 1274 1242 1218 1113 1292 1278 1422 1485 1632 1206  874  838  822  822  822 1087 1094 1072 1103 1234 1338 1402  979 1394 1401 1524 1389 1340  966  935  985 1035 1096 1218 1273 1340 1393 1340 1461 1394 1331 1223 1369 1396 1402 1351 1340 1375 1008 1348  652 1357 1166 1047 1246 1096 1557 1504 1787 1706 1101  813  356  810  857 1301 1194  915  451  459  931 1308 1340 1706 1710 1888 1586 1705 1460 1657 1807 1709 1308 1700 2008 1824 1727 1635 1795 1687 1584 1644 1803 1701 1414 1401 1559 1640 1364 1428 1523 1627 1704 1576 1527 1582 1670 1706 1995 1693 2020 1805 1688 1467 1774 1852 2022 1913 1675 1411 1104 1810 1877 1949 2096 2130 1959 2036 2101 1946 2496 2468 2071 2140 2547 2513 2230 1780 1246 1643 1634 1406 1238 1708 1993 1521 1412 1584 1705 1948 1767 1656 1767 1837 1645 1888 2342 2346 2321 2559 2315 2547 2559 2374 2484 2670 2525 2315 2623 2327 2315 2255 2194 2083 2072 1955 2133 2058 2011 2223 2315 1888 1950 1760 1706 1654 1689 1767 1709 1706 1706 1845 1887 1949 1831 2234 1937 2133 2498 2455 2255 2228 2209 2402 1950 1879 1770 1614 1991 2337 1797 1788 1457 1401 1417 1462 1541 1593 1584 1584 1523 1400 1347 1294 1279 1240 1218 1218 1234 1218 1218 1526 1464 1401 1401 1828 1939 1812 1879 1888 1783 1564 1645 1829 1818 1706 1840 1962 1828 1717 1828 1767 1662 1687
  1401 1358 1279 1218 1175 1216 1218 1265 1181 1286 1524 1769 1154  852  837  822  822  848 1269 1035 1220 1133 1400 1523 1635  914 1473 1523 1583 1073 1465 1152  974 1027 1077 1157 1203 1277 1329 1274 1218 1232 1340 1401 1316 1413 1431 1433 1364 1385 1340 1238 1366  797 1151 1051  852 1375 1286 1238 1566 1794 1767 1697 1062  356  572 1245 1580 1571 1120  754  459 1155 1365 1706 1478 1510 1302 1646 1444 1526 1806 1916 1751 1564 1706 1706 1913 2096 1807 1858 1462 1723 2014 1769 1587 1434 1523 1800 1526 1340 1592 1646 1465 1579 1470 1486 1623 1796 1706 2069 1940 2010 1765 1734 1919 2198 1841 2294 2010 1663 1134 1497 1720 1921 1932 1867 2314 2446 2375 2154 2362 2558 2659 2482 2385 2066 2042 1946 1254 1254 1650 1869 1588 1266 1684 1686 1559 1411 1596 1767 1776 1744 1574 1574 1586 1751 2060 1888 2269 2305 2315 2503 2463 2498 2612 2641 2803 2592 2407 2470 2080 2197 2118 2061 1988 1906 1888 1949 1937 2015 2177 2194 2144 2026 1867 1645 1618 1689 1689 1632 1680 1704 1753 1828 1919 1742 2025 2011 2303 2559 2415 2376 2255 2216 2062 1969 1815 1657 1508 1950 2376 2155 1694 1491 1408 1401 1440 1518 1523 1566 1521 1457 1393 1340 1304 1279 1242 1235 1244 1276 1218 1220 1401 1281 1337 1279 1523 1852 1721 1616 1535 1540 1401 1668 1900 1888 1935 1969 1895 1932 1788 1812 1786 1645 1692
  1436 1354 1276 1218 1157 1157 1218 1097 1132 1318 1392 1645  917  853  836  822  822  995 1526 1234 1235 1279 1477 1641 1140 1052 1314 1519 1643 1197 1293 1361 1094 1020 1122 1157 1248 1279 1223 1282 1279 1279 1400 1431 1279 1428 1461 1461 1511 1390 1290  852  920  639 1179 1279  916 1646 1433 1523 1637 1832 1500 1248  894  356  935 1495 1432 1311 1071  479  782  651  878  930  972  981 1483 1682 1553 1700 2043 1866 1587 1594 1614 1840 2130 2104 2173 1671 2138 1853 2099 1645 1491 1624 1883 1879 1519 1400 1521 1401 1402 1705 1685 1703 1931 1838 1706 1827 1918 1775 1584 1818 2014 2199 2147 2105 2045 1373 1123 1643 1743 1695 1666 1976 2099 2170 2422 2001 2617 2005 1960 2495 2284 2380 1993 1551 1286 1411 1582 1958 1696 1433 1290 1715 1491 1373 1525 1828 1485 1551 1927 1746 1820 1828 1853 1706 1925 2231 2133 2540 2366 2529 2315 2102 2468 2284 2137 2136 2072 1992 2001 1945 1889 1853 1879 1888 1967 2071 2437 2255 2194 1974 1825 1770 1767 1706 1651 1638 1647 1676 1696 1693 1682 1702 1889 2419 2337 2371 2111 2246 2556 2262 1843 2011 1676 1497 1520 1697 2422 2153 1950 1525 1429 1401 1465 1561 1584 1523 1495 1401 1375 1340 1293 1279 1265 1265 1287 1340 1262 1218 1340 1329 1449 1817 1521 1523 1584 1439 1458 1401 1523 1682 1797 1828 2030 1822 1871 1975 1896 1889 1716 1645 1692
  1401 1325 1338 1158 1041 1036 1157 1119 1244 1266 1501 1025  872  836  840  822  822  882 1283 1218 1218 1383 1460 1650 1347 1259 1415 1612 1710 1386 1525 1634 1389 1035 1067 1096 1231 1279 1218 1282 1289 1218 1401 1401 1340 1418 1427 1462 1462 1362 1425 1523  720  664 1028 1623 1340 1597 1551 1662 1801 1814 1153  980  862  356 1097 1275 1400 1271 1112  479  769 1142 1130 1323 1325 1234 1035 1270 1645 1770 2074 2178 2067 1767 1839 1832 1848 2007 2015 2190 2333 2249 1821 1618 1553 1834 1967 1810 1583 1523 1358 1385 1667 1827 1901 1949 1930 1890 1987 2070 1672 1559 1697 1998 2370 2124 1888 2015 1931 1250 1707 1659 1341 1703 1523 2031 1892 2395 2223 2209 1991 2160 1901 2124 2160 1660 1581 1286 1755 1402 1893 2381 1837 1787 1537 1329 1349 1373 1428 1488 1714 2019 1870 1954 2133 2072 2051 2115 2335 2305 2437 2327 2450 2384 2479 2255 2011 2072 2008 1950 2011 1947 1949 1888 1888 1828 1870 1964 2072 2315 2335 2331 2250 2194 2193 1871 1915 1833 1716 1654 1698 1721 1779 1696 1671 1696 1828 2302 2107 1888 1950 2133 2376 1863 1735 2031 1706 1462 1502 1809 2315 1973 1703 1553 1445 1401 1436 1651 1569 1522 1490 1401 1340 1340 1301 1279 1293 1314 1352 1401 1318 1236 1279 1363 1401 1694 1799 1706 1340 1462 1503 1501 1477 1520 1602 1828 1888 1705 1838 2020 1949 1853 1706 1637 1699
  1326 1340 1221 1066 1035 1096  974 1052 1238 1266 1219  998  834  828  840  822  822  822  969 1176 1397 1488 1717 1708 1510 1513 1631 1888 1647 1320 1584 1523 1522 1096 1098 1145 1218 1279 1212 1300 1340 1336 1349 1400 1355 1457 1403 1449 1462 1335 1310 1052  738 1210 1251 1628 1537 1586 1847 1888 1657 1145  886  858  858  380 1299 1411 1618 1521 1008  487  787 1103 1656 1792 1989 1657 1218 1614 2011 2016 2184 2265 2057 2080 2129 1880 2047 2231 1853 2365 2358 2196 1826 1962 1752 2072 1917 1908 1629 1529 1578 1703 1745 1896 1950 1906 2060 2134 1889 1756 1646 1612 2004 2306 1907 1842 1529 1714 1341 1431 1278 2013 1893 1770 1874 2160 2143 1956 1894 1903 1720 1802 1761 1551 1439 1341 1317 1589 1798 1792 1862 2275 1965 1772 2071 1915 1349 1538 1523 1902 2090 1889 2133 2266 2212 2472 2108 2184 2424 2498 2471 2498 2559 2133 2262 2079 2091 1995 1920 1877 1962 1889 1950 1877 2000 2072 2117 2123 2305 2451 2491 2498 2396 2373 2434 2068 2071 1897 1706 1680 1717 1828 1828 1790 1692 1682 2011 2304 2194 2029 1828 1838 2144 1908 1862 1744 1736 1458 1481 1948 2345 2006 1768 1541 1463 1401 1485 1634 1645 1513 1460 1401 1382 1353 1325 1334 1359 1389 1517 1472 1218 1329 1323 1401 1462 1797 1766 1770 1510 1549 1522 1595 1584 1740 2034 2133 1740 1727 1918 2087 1930 1767 1688 1623 1645
  1279 1279 1198 1085 1035 1035  974 1134  995  890  995  852  838  828  828  822  822  822  822  897 1496 1404 1643 1749 1489 1427 1725 1722 1934 1341 1880 1778 1490 1157 1296 1173 1173 1218 1228 1279 1252 1354 1427 1431 1401 1434 1302 1189 1290 1234  917 1433  899 1158  940 1738 1280 1827 1726 1949 1245  919  908  572  380 1141 1278 1639 1345 1217  863  487 1150 1166 1456 2033 1881 1859 1470 1678 1949 2204 2049 2271 2098 2132 2139 2213 2289 2153 2120 2255 2022 2209 2200 2072 2066 2074 2032 1772 1647 1645 1583 1550 1767 1838 1893 2063 2119 2011 1956 1706 1692 1926 2374 2031 1882 1693 1487 1586 1891 1403 1278 1590 1998 1799 1809 1717 1859 2019 1707 1788 1829 1794 1672 1753 1469 1594 1341 1784 2059 1883 2065 2352 1950 1826 2129 1950 1408 1646 1823 1828 1947 2133 2146 2445 2551 2288 2427 2437 2461 2376 2498 2072 2376 1998 2193 2009 1963 1945 1889 1835 1828 1796 1823 1770 1767 2011 2009 2188 2374 2620 2471 2483 2315 2254 2255 2071 2112 1852 1713 1712 1826 2011 1827 1780 1703 1682 2110 2075 2132 2011 1838 1706 1798 1755 2072 1589 1574 1437 1533 1768 2254 1870 1656 1528 1397 1372 1496 1759 1660 1523 1462 1428 1401 1394 1343 1400 1433 1523 1571 1401 1218 1268 1340 1447 1584 1879 1888 1758 1523 1589 1705 1816 1706 1584 1739 2079 1768 1949 2121 2003 1889 1767 1674 1635 1614
  1218 1245 1200 1025  974  991 1077 1079 1216 1175  858  844  829  827  828  822  822  822  822  822 1281 1628 1523 1866 1527 1146 1735 1957 2049 1472 1800 2315 1557 1183 1712 1262 1190 1157 1172 1287 1218 1295 1351 1431 1462 1462 1218 1196 1118 1030 1033 1262  999 1206  957 1827 1633 1889 1942 1983 1348 1168  399  399 1627 1827 1525 1417 1339  828  502 1194 1659 1340 1784 2072 1776 1706 1577 1775 1931 2132 2351 2011 2211 2154 2208 2167 1906 2209 2329 2314 2323 1885 2241 2194 2070 2119 2071 1899 1769 1886 1704 1769 1668 1863 2011 2126 1827 1920 1703 1485 1948 2072 2398 1988 2021 1869 1666 1913 1792 1509 2049 1283 1529 1652 1585 1833 1887 2104 1983 1748 1694 1974 1554 1698 1807 1341 1612 1918 2189 1897 2311 2131 1708 2040 2338 1950 1436 1728 2126 2207 1838 2361 2309 2453 2529 2407 2335 2353 2256 2388 2255 2183 2072 1970 2010 1906 1950 1950 1888 1824 1804 2022 2146 2194 1952 1872 2129 2204 2348 2520 2385 2437 2223 2326 2160 2011 2071 1889 1737 1753 1888 1976 1770 1731 1706 1703 1808 1988 1960 1889 1828 1592 1673 1739 1685 1584 1462 1402 1497 1740 2072 1877 1550 1420 1387 1396 1583 1644 1632 1580 1499 1416 1400 1365 1377 1415 1520 1714 1462 1280 1218 1257 1400 1610 1794 2051 1828 1645 1584 1584 1742 2028 1897 1746 1812 1906 1948 2027 2011 1870 1939 1760 1628 1591 1614
  1143 1157 1035 1208 1024 1047 1044 1070 1169 1279  879  839  828  827  828  822  822  822  822  822  933 1698 1707 1854 1563 1442 1502 1976 2233 1560 2260 2168 1931 1643 1982 1508 1246 1176 1165 1206 1218 1246 1276 1419 1431 1453 1225 1273 1477 1473 1208 1603 1269 1301  962 1697 1575 1919 1880 1520 1090  709  399 1633 1823 2047 1844 1788 1445 1073  502 1523 1898 1949 2255 1961 1861 1638 1645 1858 1897 2254 2154 2205 1890 2193 2148 2007 1792 1804 2066 2489 2164 1767 2174 2188 2086 2115 2055 1949 1888 1889 1706 1763 1760 2010 2059 2214 1954 1449 1225 1823 2299 2435 2129 2144 2168 1830 1950 2071 2010 1833 1741 1410 1730 1491 1701 1645 1934 1942 2118 2163 2124 2170 1910 1663 1769 1404 2044 2202 2417 2414 2125 1984 2078 1820 2115 2086 1464 1949 2255 2193 1978 2282 2309 2377 2468 2383 2415 2011 2126 2160 1974 1949 1908 1895 1897 1866 1888 1828 1865 1797 1900 2254 2315 2017 2143 1986 1945 2229 2136 2665 2612 2302 2255 2310 2239 2010 1925 1806 1767 1795 1889 2062 1847 1767 1793 1733 1812 1992 1888 1828 1730 1594 1521 1475 1562 1523 1446 1389 1464 1648 1950 1782 1475 1400 1339 1400 1491 1581 1594 1526 1522 1413 1353 1327 1358 1400 1478 1521 1278 1231 1210 1279 1450 1696 1926 1900 1655 1579 1515 1556 1696 2193 2194 1950 1788 1800 2004 2071 1845 1767 1726 1705 1614 1585 1557
  1071 1092 1201 1299 1094 1097 1156 1084 1132 1303 1266  839  828  827  828  822  822  822  822  829  946 1534 1973 1944 1644 1218 1177 1333 1837 1976 2255 2365 1841 2158 2099 1701 1404 1207 1197 1188 1232 1279 1267 1352 1411 1409 1280 1520 1578 1583 1520 1468 1133 1408  883 1660 1523 1983 1689 1099  712  427  794  923 1276 1977 1677 1567 1401  534  502 1400 1455 2271 1976 1692 1787 1602 1767 1827 1861 2061 2134 1990 2016 2343 1771 1776 1955 2330 2415 2285 1911 1832 2077 1949 1977 2009 1818 1949 1928 1829 1809 1649 1916 1988 2141 2053 1658 1229 1588 2244 2437 2305 1933 1928 2256 2013 2029 2291 2163 1767 1709 1956 1707 1826 1906 1894 1860 2007 2021 1990 1837 1699 1647 1527 1708 1404 1820 2016 2673 2103 2269 2244 2130 1932 2030 2112 1515 2062 2237 2193 2252 2283 2383 2133 2096 2179 2099 2151 2010 2017 2044 1888 1888 1875 1856 1828 1804 1823 1863 1911 1926 2198 2263 2252 2322 1972 1774 1784 2119 2116 2071 2132 2074 2320 2376 2043 1915 1814 1756 1816 2132 2072 1828 1820 1950 1882 1992 2041 2006 1925 1819 1645 1413 1403 1421 1477 1429 1393 1462 1685 1767 1568 1462 1342 1583 1581 1522 1525 1491 1461 1406 1380 1339 1339 1311 1390 1461 1380 1279 1341 1340 1400 1522 1781 1827 1644 1580 1532 1467 1522 1644 1757 2208 2097 1850 1904 2002 1831 1763 1728 1694 1643 1619 1581 1552
  1096 1126 1339 1370 1292 1256 1218 1181 1172 1449 1366 1238  828  828  828  822  822  822  847  848  971 1281 2066 2071 1981 1399 1390 1271 1770 1994 2132 2467 2029 1750 2302 2365 1575 1271 1222 1242 1256 1279 1349 1340 1437 1461 1216 1546 1415 1520 1605  975 1511 1352 1043 1738 1837 1903 1777 1162  427  931  808 1260 1972 2003 1386 1389  914  534  831 1410 1961 1855 1423 1641 1622 1762 1818 1830 1823 1827 1993 2152 2048 2207 1406 1417 1881 2341 2379 2132 2089 1696 1950 2046 1925 1772 1781 1923 1879 1889 1706 1622 1954 1529 1359 1226 1040 1433 2194 2215 2141 2124 1608 2092 1953 2256 2302 2588 2281 2152 1769 1633 1942 2096 2316 2192 2018 2014 2011 1832 2135 2111 1878 1756 1444 1846 1786 1782 2075 2075 1951 2175 2163 2136 2314 2394 2071 2051 2132 2213 2223 2310 2163 2315 2143 1974 1952 2013 1932 1888 1876 1862 1842 1847 1828 1828 1889 1927 1955 2007 2071 2194 2296 2333 2133 2245 1921 1809 1870 2162 1949 1828 2112 2437 2645 2253 1899 1745 1760 1887 2010 2121 1863 1888 2010 1889 1959 2011 2010 1825 1767 1720 1523 1386 1382 1393 1396 1364 1434 1523 1566 1472 1400 1346 1705 1773 1610 1521 1461 1461 1459 1401 1341 1326 1278 1328 1302 1278 1253 1400 1459 1522 1644 1581 1601 1583 1529 1491 1461 1521 1575 1705 2070 2023 1900 1889 1851 1827 1708 1676 1643 1643 1614 1576 1553
  1243 1282 1383 1202 1399 1393 1283 1279 1266 1449 1620 1074  829  828  822  822  822  822 1029  891 1057 1172 1466 2061 1955 1493 1730 1700 1611 2124 2094 2498 2145 1938 2357 2463 1706 1344 1278 1320 1284 1289 1350 1406 1393 1396 1368 1545 1555 1576 1197 1582 1736  852 1216 1950 1609 1337 1327 1225  439 1532 1033 1660 2189 1480 1220  955  727  550 1088 1693 1773 1267 1187 1600 1646 1842 1930 1870 1852 1721 1332 1466 1704 1619 1061 1864 2302 2408 1990 2100 2219 1827 1889 1806 1677 1763 1823 1789 1940 1683 1706 1489 1584 1158  760  760 1512 1959 2549 2437 2237 2100 1375 2031 2165 1833 2503 2368 2116 1823 1614 1828 2075 2190 2436 2227 2159 2254 1889 2375 2432 2372 2040 1596 1444 1680 2009 2140 1957 1992 1978 1897 1983 2137 2315 2383 2010 2193 2037 2111 2194 2315 2255 2011 2116 1977 1950 1949 1891 1869 1855 1828 1828 1829 1828 1806 1877 1986 1988 2094 2323 2460 2454 2266 2389 2210 1950 1784 1767 1727 1800 1871 2188 2337 2343 2119 1889 1734 1881 2124 2133 2176 2078 1889 2010 2074 1950 1996 1828 1767 1645 1510 1457 1392 1390 1374 1340 1337 1342 1378 1339 1340 1355 1361 1614 1610 1525 1468 1461 1461 1399 1462 1370 1289 1275 1252 1226 1223 1264 1366 1362 1401 1522 1522 1522 1623 1586 1466 1461 1516 1617 1705 2007 2537 1996 1869 1803 1767 1706 1659 1643 1613 1586 1580 1585
  1281 1530 1639 1346 1557 1368 1367 1596 1460 1395 1596 1271  947  951 1064  822  822  822 1035 1177 1253 1346 1685 1763 1636 2008 1918 1984 1552 2131 2297 2559 2331 1597 2298 2095 1524 1842 1356 1331 1332 1318 1355 1445 1279 1527 1462 1491 1320 1233 1224 1511 1348  898 1122 1661 1166  735  948  439  937 1760 1277 1888 2127 1442 1096 1033 1372  550 1329 1162 1366 1464 1028 1275 1440 1766 1767 1815 1662 1163 1248 1474 1550 1372 1114 1253 1927 1357 1790 1717 1508 1888 1554 1627 1655 1813 1728 1825 1904 1760 1165  740  748  748 1414  768  768 1497 2239 2389 2339 2005 1223 1781 1752 1931 2227 2257 1832 1885 1819 1546 1879 2328 2170 2131 2255 1980 2192 2513 2191 2362 2010 1769 1472 2057 1981 1589 1824 1804 2035 2029 2375 2352 2279 2376 2156 2072 2052 2001 2045 2225 2246 2221 2004 2163 1950 1884 1871 1858 1837 1828 1825 1820 1819 1881 2011 2214 2048 2188 2327 2671 2594 2408 2607 2498 2133 1871 1763 1933 1740 1706 1706 2010 1939 1869 1765 1758 1887 2146 2301 2133 2257 2093 2281 2215 2234 2011 1773 1712 1632 1509 1471 1401 1401 1401 1336 1328 1326 1319 1316 1321 1321 1555 1602 1749 1705 1583 1541 1543 1455 1404 1407 1289 1231 1236 1230 1229 1235 1296 1401 1458 1462 1461 1481 1583 1507 1428 1445 1510 1628 1779 2053 2478 2182 2032 1830 1767 1706 1700 1724 1678 1637 1694 1560
  1537 1793 1512 1643 1674 1506 1642 1622 1474 1401 1549 1158 1160 1320 1340  829  822  854  875 1109 1088 1285 1560 1887 1723 1954 2255 1966 1279 1746 1784 2310 2194 1900 2322 2486 1950 2332 1791 1331 1375 1382 1374 1401 1462 1583 1398 1457 1556 1596 1567 1645 1147 1307 1414 1720 1994 1888  459 1143 2049 2255 1829 2264 2044 1529 1278 1336  581  550  554  554 1645  562  569  569 1338 1393 1254 1369  597  597  605  991  625  625  625  633 1654 1120 1316 1126 1462 1219 1938 1814 1837 1949 1670 1706 1884 1466  740 1292 1186 1501 1949 1482  779 1283 1507 2149 1815 1247 1668 1807 2166 2250 2261 2209 2213 1760 1585 2003 1761 1886 1880 2300 2322 2266 2437 2134 2216 2179 1887 1853 1472 2211 2202 2030 1970 2254 2084 1956 2196 2441 2000 1911 1950 2133 2139 2010 1959 2194 2319 2164 2057 1950 1884 1869 1854 1843 1837 1828 1820 1825 1888 1934 1990 2175 2456 2468 2575 2437 2715 2494 2663 2455 2072 1792 1892 2133 2063 2133 1954 1909 1810 1737 1706 1766 2011 2240 2324 2191 2181 2315 2254 2133 2122 1961 1896 1752 1759 1565 1462 1407 1374 1339 1328 1334 1349 1364 1381 1350 1334 1328 1583 1719 1807 1766 1718 1644 1460 1334 1461 1253 1246 1260 1250 1243 1263 1279 1263 1279 1319 1288 1340 1401 1410 1399 1417 1509 1583 1770 2254 2355 2437 2052 1880 1765 1750 1758 1937 1952 1706 1584 1548
  1227 1482 1828 1942 1749 1524 1766 1787 1564 1503 1462 1202 1125 1198 1400  939  845  873  983  979 1041 1199 1494 1950 1786 2041 2123 1937 1340 2059 2105 2376 2559 1743 2666 2063 1913 2728 2089 1332 1600 1468 1484 1516 1554 1524 1243 1625 1614 1550 1585 1645  971 1514 1803 2049 1487  459  459 1351 2231 2125 1941 2336 1670 1275 1058  609  581 1373 1170 1197  562  902 1202  785  577  577  585  585 1158 1350 1941  605 1232 1820 1397  633  665  665 1186 1028 1255 1706 1844 1718 1888 1598 1821 1527 1297  732 1183 1521 1659 2054 2032 1934 1149  779  799 1344  972 1608 2106 2287 2436 2384 2324 2320 2092 2381 1661 1891 1925 2036 2246 2306 2257 2252 2169 2031 2307 2130 1980 1527 1527 1527 1706 1648 1818 1804 1977 2426 2220 1995 1817 1642 1904 2293 2194 2055 2056 1949 1950 1888 2072 2133 1885 1888 1869 1861 1852 1828 1828 1832 1875 2009 2133 2224 2531 2431 2499 2338 2483 2620 2681 2230 1888 2040 2148 2482 2213 2166 2164 2255 1880 1657 1764 1898 1829 2011 2071 2134 2158 2339 2605 2212 2380 2201 1872 1769 1682 1550 1478 1421 1356 1334 1336 1396 1442 1501 1524 1451 1400 1300 1306 1412 1415 1523 1417 1397 1332 1259 1255 1264 1270 1337 1275 1260 1340 1312 1289 1288 1284 1278 1283 1288 1358 1351 1400 1461 1523 1567 1949 2500 2691 2194 1957 1828 1884 2023 2010 1844 1706 1591 1531
  1279 1498 1705 1889 1764 1570 1795 1757 1730 1645 1413 1280 1277 1157 1347 1379  979 1004 1008 1035 1035 1233 1517 1797 1956 1737 2133 2117 1401 2297 2348 2175 2439 1742 2493 1827 2390 2607 1793 2116 2317 1887 1583 1599 1584 1645 1327 1610 1635 1380 1277 1457 1271 1410 1831 1965 1014  459 1118 2080 2342 2372 2312 1964 1402 1386  906  609 1412 1756 1844 1026 1203 1556  884 1499  888 1433  948 1227 1309 1944 1969 2167 1853 1473 1366 1506 1278  672  672 1294 1351 1254 1772 1686 1859 1706  728  728  732 1069 1427 2070 2116 2111 2069 2046 2193 1760 1265  799  815 1515 1825 1870 2312 2474 2467 2064 2630 2063 1788 2010 2089 2180 2299 2491 2144 2241 2315 2433 2152 1938 1996 1543 2006 1863 1778 2049 1827 2312 2310 2632 2354 2353 1480 1757 2151 2347 2238 2190 2071 2278 2223 2017 1919 1905 1894 1888 1883 1877 1853 1831 1828 1846 1888 1985 2251 2254 2666 2453 2437 2365 2315 2478 2379 2360 1937 2397 2120 2578 2376 2132 2559 2526 2050 1645 1763 1897 1941 2070 2238 2315 2133 2340 2934 2498 2577 2288 1899 1795 1667 1523 1460 1399 1338 1336 1513 1534 1583 1655 1694 1625 1400 1605 1827 1471 1307 1337 1339 1316 1262 1257 1280 1302 1281 1324 1284 1263 1400 1340 1338 1320 1295 1292 1293 1293 1298 1319 1366 1385 1400 1476 1827 2178 2681 2185 2010 1969 2219 1950 1889 1766 1655 1581 1523
  1493 1421 1585 1676 1792 1772 1664 1767 1706 1523 1586 1511 1184 1154 1241 1280 1065 1095 1209 1127 1218 1342 1581 1579 2014 1648 2182 1945 1838 1655 2013 2504 2645 2004 2469 2028 2742 2233 2021 1942 2438 2016 1666 1735 1645 1671 1526 1705 1505 1640 1464 1706 1130 1480 1899 1306  467  467 1530 1970 2376 2703 2031 2018 1889  921 1278  653 1295 1833 2025 1551 1285 1694 1174 1758 1017 1761 1691 1805 1870 1968 2167 2380 2291 2157 1822 1753 1788 1301 1220  684 1360 1407 1915 1610 1424  720 1593 1473 1674 1772 2195 2113 2071 1950 2132 2140 2072 1950 1920 2099 1266  815 1310 1233 1672 2223 2407 2560 2492 2089 1769 1950 2171 2497 2319 2351 2010 2135 2226 2080 1988 1811 2004 1698 1950 2233 2194 2000 2124 2482 2157 2499 2363 2472 1416 1877 2014 2133 1864 2315 2327 2254 2072 2133 2012 1937 1900 1888 1888 1879 1854 1842 1841 1866 2027 2072 2336 2620 2514 2234 2499 2092 2133 1949 1950 2026 2184 2650 2462 2450 2437 2483 2303 2072 2042 1645 1689 1844 2149 2263 2137 2096 2080 2290 2636 2873 2397 2011 1888 1722 1528 1469 1425 1372 1340 1377 1889 1613 1740 2074 1751 1559 1583 1506 1786 1523 1363 1278 1277 1277 1269 1284 1322 1348 1339 1352 1280 1266 1419 1459 1375 1339 1307 1304 1313 1314 1309 1303 1336 1354 1398 1439 1557 2107 2280 2040 1828 1990 1828 2071 1645 1606 1584 1584 1584
  1344 1462 1584 1768 1843 1895 1798 1767 1462 1538 1405 1469 1222 1035 1162 1158 1027 1065 1259 1019 1035 1153 1292 1554 1767 1463 2008 2241 1860 1726 2153 2215 2483 2261 2193 2193 2515 1926 2444 2305 2378 2320 1733 1706 1766 1428 1628 1610 1399 1645 1640 1566 1321 1585 1479 1306  491 1574 1867 1984 2493 2194 1712 1164 1035 1173 1113  653 1597 1924 2273 1694 1822 1991 1641 1939 1593 1725 1805 2048 1889 2072 2133 2283 2498 2376 1667 2029 2149 1816 1581  684  684  700 1424 1444  877  720 1638 2059 1894 2337 2166 2286 2149 1889 2023 2073 2123 2190 2189 2047 1333  823 1218 1622 2263 2131 2044 2427 2416 2034 2136 2258 2357 2132 1937 1912 2035 2071 2027 2193 2163 2174 2101 1762 2084 2462 2300 2310 2405 2453 2040 2192 2299 1353 1735 1645 1554 1882 1779 1851 2263 2194 2132 2186 1950 1950 1898 1888 1889 1870 1856 1845 1853 1885 2011 2255 2418 2629 2280 2376 2601 2376 2350 2561 2106 2252 2446 2444 2605 2376 2106 2312 2269 1958 1889 1645 1932 1749 2038 2133 2092 2222 1982 2382 2435 2182 2152 2204 1734 1653 1511 1412 1354 1357 1364 1454 1996 1923 2072 1941 1725 1644 1572 1501 1462 1459 1523 1510 1425 1433 1400 1340 1339 1385 1380 1354 1274 1309 1522 1462 1433 1359 1317 1322 1326 1322 1325 1321 1334 1373 1395 1443 1512 1586 2077 2108 1889 2087 1767 1778 1706 1666 1613 1608 1524
  1445 1410 1572 1844 1929 1919 1827 1645 1402 1340 1309 1266 1112 1035 1051 1096 1187 1035 1155 1597 1308 1035 1318 1523 1526 1516 1634 2130 2198 1845 1714 1530 2135 2483 2250 2366 2202 1828 2562 2816 2592 2294 2120 1835 1645 1442 1712 1658 1614 1675 1300 1114 1589 1655 1421  683  491 1701 2056 2330 2025 1861 1836 2125 1543 1273 1047  708 1666 2018 2323 2074 2357 1635 1965 1973 1953 1340 2019 2262 2028 2127 2104 2315 2435 2134 1831 2254 2014 1933 1405 1105 1380  700  712  712  712 1330 2259 2097 2278 2435 2267 2095 1925 1880 1949 1976 2012 2098 2133 1829 1623  997  823  827 1471 2134 2154 2498 2120 2013 2360 2483 2393 2143 1771 1767 2009 1830 2050 2231 2247 2437 2001 1858 2180 2458 1768 1959 1906 2437 2376 1588 1734 1282 1645 1457 1290 1543 1550 2058 2156 2133 2255 2010 1955 1950 1908 1888 1888 1868 1858 1852 1870 1884 1949 2071 2341 2681 2610 2579 2498 2293 2416 2328 2011 2345 2519 2850 2604 2432 2498 2032 2268 1939 2011 1919 1645 1644 1817 2041 1889 1897 2072 2266 2411 2133 2073 2069 1798 1589 1454 1369 1364 1379 1389 1726 2099 2255 2164 1974 1705 1760 1766 1691 1461 1408 1461 1466 1477 1510 1462 1397 1396 1452 1436 1347 1288 1306 1461 1426 1400 1343 1331 1332 1331 1334 1334 1336 1334 1370 1395 1401 1575 1744 1950 2269 1889 2242 1984 1839 1831 1736 1675 1653 1579
  1709 1564 1509 1728 1948 1870 1711 1463 1517 1291 1265 1212 1131 1039 1035 1035 1090 1037 1163 1524 1427 1187 1096 1380 1233 1663 1758 1932 2139 2160 2207 1824 1897 2334 2401 2555 2618 2190 2355 2505 2511 2152 2255 1767 1523 1618 1708 1706 1706 1405 1346 1420 1642 1845 1215  717  787 1432 2134 2060 1955 2444 2421 1896 1171 1405 1264  740 1341 2015 2136 2315 1973 1683 2335 2017 1987 1667 2071 2334 2023 2001 2315 2238 2237 2025 2283 2178 1893 1655 1784 1750 1370 1518 1069  712 1696 1473 2065 2376 2410 2193 2256 2072 1867 1771 1831 1888 1831 2007 1803 1478 1439 1068 1797  827 1462 1832 2054 2277 2098 2243 1980 2242 2368 2073 1896 1967 1979 2378 2421 2258 2384 2478 2086 2237 2405 2271 2055 2058 1601 2115 2202 1730 1402 1246 1601 1270 1519 1887 1828 2133 2074 2194 2027 2014 2004 1951 1916 1906 1889 1869 1864 1868 1875 1890 1949 2053 2253 2720 2559 2264 2304 2194 2194 2021 2275 2712 2986 2580 2280 2630 2256 2392 2011 1828 1706 1706 1622 1645 1718 1767 1955 2156 1949 1995 2429 1968 1856 1949 1831 1584 1369 1377 1407 1403 1454 1523 1734 2033 2390 1950 1880 1825 1801 1628 1543 1470 1462 1466 1504 1583 1494 1383 1451 1515 1450 1339 1297 1328 1461 1445 1416 1384 1346 1339 1345 1348 1351 1357 1346 1364 1392 1430 1821 2041 2376 2204 1773 1978 2237 2139 2078 1916 1874 1746 1584
  1829 1766 1593 2089 1910 1849 1484 1350 1323 1228 1187 1153 1079 1035 1043 1031 1011 1030 1157 1298 1476 1401 1260 1340 1296 1632 1561 1939 2087 2559 2452 2124 2312 2339 2181 2374 2559 2546 2208 2064 2326 2299 1828 1774 1769 1767 1735 1689 1464 1165 1705 1720 1755 1400 1080 1114 1222 2180 2436 2066 2354 2286 2269 1455 1586 1924 1265  740 1383 1785 2144 2419 2177 2109 2401 2062 1941 1591 2123 2394 2133 2056 2193 2292 2071 2310 2256 1958 1788 1878 1987 2142 2026 1748  712 1475 2179 1637 2052 2281 2428 2009 2075 1981 1822 1724 1706 1838 1709 1811 1521 1705 1101 1803 1545 1026  835 1384 2063 1788 1568 1820 1278 1333 1428 1495 1862 2245 2313 2195 2210 2398 2194 2456 2363 2584 2206 1887 2406 1902 1529 2193 2143 1957 1829 1222 1246 1504 1706 1618 2162 2246 2315 2177 2074 2081 2031 1979 1955 1904 1889 1876 1871 1876 1884 1908 2129 2313 2355 2555 2620 2492 2451 2381 2150 2253 2304 2376 2657 2437 2884 2579 2266 2535 2415 1971 1797 1653 1578 1617 1699 2011 2001 1894 1907 1889 2225 2194 1891 1759 1734 1388 1376 1463 1480 1538 1737 1856 2204 2470 2255 2111 2497 1973 1766 1639 1582 1522 1496 1473 1459 1454 1529 1464 1524 1522 1408 1340 1323 1366 1509 1475 1462 1400 1400 1364 1363 1364 1373 1367 1366 1371 1399 1461 1612 2109 2267 1937 1753 1952 2021 2298 2161 1938 1889 1672 1641
  1976 1867 1842 1990 1874 1672 1523 1532 1242 1178 1218 1078 1046 1018 1005 1035 1044 1119 1102 1339 1359 1564 1415 1361 1523 1613 1693 1772 2002 1952 2299 2177 2497 2072 2447 2356 2587 2400 2058 1973 2358 2232 2106 1762 1767 1679 1695 1646 1327 1218 1705 1462 1827 1402  632 1572 1806 2067 2495 2150 2191 2078 1803 1366 2037 2013 1605  918 1346 1689 2177 2385 2008 2178 2437 2025 2011 1694 2046 2295 2028 1888 2072 1949 1916 2106 2041 2057 1769 1941 2276 2140 2314 1857 1177  720 1774 2317 2037 2154 2360 1888 2052 1836 1947 1824 1889 1706 1645 1894 1646 1575 1175 1755 1342 1417 1696  835  851 1425  862 1191 1697 2107 1937 2138 1917 1924 2550 2326 2170 2127 2194 2376 2195 2075 1890 1837 2028 1766 1491 1932 1950 1745 1568 1218 1442 1523 1767 1815 2194 1859 2194 2397 2255 2162 2135 2011 1949 1914 1889 1878 1881 1886 1912 1983 2286 2502 2315 2437 2497 2513 2500 2248 2150 2212 2511 2559 2803 2533 2710 2693 2622 2184 2114 1954 1845 1706 1645 1591 1672 1824 2011 1924 1769 1871 2072 1956 1943 1710 1573 1390 1462 1523 1592 1701 2133 2384 2671 2704 2133 2268 2559 2055 1831 1644 1584 1578 1522 1522 1522 1447 1461 1517 1529 1525 1411 1322 1364 1523 1537 1496 1439 1400 1414 1400 1394 1381 1386 1384 1380 1386 1401 1494 1576 2234 2376 1948 1688 1778 1875 2156 2271 1903 1857 1685 1584
  2101 2024 2025 2192 2115 2030 1626 1628 1224 1091 1110 1081 1034 1007 1020 1035 1157 1070 1125 1154 1223 1363 1203 1323 1589 1720 1693 1886 1800 2010 2115 2355 1865 2305 2066 2424 2393 2030 2398 2194 1702 1828 1993 1846 1820 1783 1696 1676 1535 1557 1564 1563 1766 1178 1080 1825 1888 1699 2190 2206 2066 1962 1727 1523 2122 1829 1662 1302 1222 1740 2122 2146 1687 2062 2275 1898 1923 1786 2301 2350 2039 1888 1848 1891 1826 1948 2048 1994 1813 1942 2147 2386 2110 1617 1702  720 1548 2002 2185 2224 2195 2278 1972 2033 1982 2053 1889 2013 1767 1888 1781 1415 1761 1766 1535 1657 2132 1937 1379  851 1307  862 1579 1814 2496 2366 2074 2389 2192 2337 1903 2306 2302 2196 1728 1487 1651 1827 1665 1540 1855 1951 2125 1914 1598 1210 1781 1828 2265 1877 2072 2163 2620 2691 2415 2224 2143 2016 1950 1897 1896 1889 1898 1921 1969 2071 2233 2435 2315 2362 2437 2503 2255 2370 2559 2194 2376 2518 2559 2773 2986 2721 2377 2641 2303 2041 1888 1646 1570 1584 1655 1767 2001 1825 1832 1767 1799 1761 1728 1584 1389 1427 1523 1596 1714 2155 2568 2620 2553 2348 2011 2418 2130 2193 1705 1713 1583 1591 1534 1518 1467 1486 1496 1507 1581 1542 1417 1335 1393 1489 1564 1499 1401 1458 1460 1461 1400 1396 1403 1397 1401 1409 1407 1464 1638 1920 1876 1758 1706 2133 2315 2220 2146 2012 1889 1773 1649
  2005 2132 2264 2172 2196 2022 1765 1338 1363 1138 1054 1035 1018 1008 1020 1039 1096 1055  968 1155 1096 1159 1157 1165 1356 1415 1578 1758 1829 1769 1614 1758 2412 2304 1991 2554 1979 2386 1888 2059 1988 1596 1669 1502 1401 1640 1487 1660 1348 1516 1535 1403 1407  807  757 1557 1896 2123 1981 2238 2084 2086 1763 2184 1899 1607 1223  992 1346 1279 1587 2006 1820 2125 2249 2194 2130 1784 2109 2166 2155 1943 1948 2062 1767 2070 2010 1858 1934 1866 2086 2273 1835 1805 1747  724 1207 2025 2509 2395 2109 2340 2223 2370 2009 2132 1927 1888 1995 1906 1867 1863 1890 1797 1953 2314 2160 1622 1914 2112 2162  870 1336 1710 1960 2197 2297 2187 1832 1707 2186 2032 2371 2156 1906 1632 1475 1307 1411 1278 1867 2156 1858 1784 1518 1203 1736 1888 1889 2498 2302 2170 2620 2495 2681 2371 2223 2072 1960 1935 1934 1905 1911 1948 2007 2205 2515 2498 2360 2356 2376 2254 2353 2681 2391 2171 2193 2251 2925 2803 2559 2315 2525 2559 2263 1934 1765 1645 1570 1756 1717 1766 1886 1797 1739 1697 1725 1621 1545 1462 1395 1460 1548 1645 1789 2224 2543 2884 2636 2681 2622 2690 2461 2213 2081 1761 1700 1664 1540 1522 1572 1535 1523 1581 1604 1623 1365 1401 1461 1482 1523 1461 1460 1482 1461 1462 1461 1409 1418 1429 1435 1430 1430 1446 1512 1671 1639 1583 1706 1815 2081 2007 2038 1955 1941 1767 1664
  1977 1990 2249 2437 2391 2187 1712 1340 1278 1171 1065 1035 1096 1025 1004 1062 1107 1111 1031 1255 1103 1049 1009 1036 1379 1279 1375 1628 1645 1617 1758 1989 2011 1396 2281 2193 2689 2315 2167 2260 2262 2128 1867 1880 1642 1767 1480 1431 1524 1523 1043  967  917  816 1235 1853 2055 1801 2212 2406 2344 1820 2229 1838 1599 1401 1502 1315 1364 1569 2173 2429 2193 2193 2072 2378 1828 1767 2142 2135 2127 2157 1924 2159 1773 2059 2049 2126 2134 1888 2013 2293 1687 1144  736  724 1584 2126 2442 2499 2342 2318 2315 2315 2254 2037 2083 1893 2010 2132 1727 1914 2146 2021 2254 2070 2013 2160 2146 2419 1957 1821  870 1767 1805 2355 1795 1988 1735 1901 1648 2197 1939 1944 1409 1052 1068 1092 1092 1120 1120 1474 1864 1760 1167 1167 1521 1488 1947 1934 2078 2529 2700 2503 2437 2390 2241 2072 2005 1956 1949 1923 1931 1963 2069 2194 2582 2362 2330 2376 2450 2434 2447 2379 2376 2436 2254 2578 2496 2755 2498 2488 2397 2422 2047 1856 1705 1583 1706 2076 2250 1955 1843 1765 1706 1698 1644 1523 1464 1435 1412 1483 1572 1685 2255 2398 2629 3047 2559 2711 2803 2647 2579 2372 2035 1888 1766 1650 1594 1540 1566 1647 1644 1585 1583 1488 1444 1400 1400 1461 1461 1461 1461 1526 1522 1512 1475 1429 1446 1449 1457 1464 1454 1449 1583 1577 1616 1682 1950 1767 1950 1948 2187 1950 1700 1749 1828
  1710 1824 2182 2260 2261 2353 1967 1492 1246 1157 1064 1033 1065 1005 1005 1048 1111 1157 1023 1218 1112 1078  976 1040 1171 1355 1457 1638 1614 1596 1513 1927 1797 1342 1778 2376 2224 1952 1973 1955 2159 2122 2011 1783 1762 1560 1621 1411 1530 1644 1209  578 1161 1214 1448 1833 1682 1949 1904 1785 2238 2019 2013 1671 1533 1524 1364 1412 1523 1552 2134 2404 2127 2384 2062 2427 2251 1828 1948 2111 2347 2255 1888 1947 1859 2130 2458 2208 2200 2250 1972 2066 1426  736 1284 1349 1223 1711 2454 2104 2282 2492 2315 2431 2159 2240 2011 2140 2101 1881 1823 1882 2219 2181 2139 2000 2376 2114 2674 2460 2336 1832  878 1372 1796 2213 1678 1527 1589 1289 1984 2009 1827 1021 1037 1550 1768 2043 1563 1574 1139 1139 1175 1175 1665 1167 1278 1511 1665 1706 2506 2444 2665 2331 2565 2346 2194 2117 2020 1986 1961 1935 1930 2011 2119 2398 2264 2326 2194 2376 2315 2431 2498 2316 2363 2437 2327 2876 2693 2737 2437 2351 2541 2559 2321 1950 1642 1564 1620 2041 2500 2123 1896 1730 1671 1641 1573 1496 1456 1422 1412 1502 1623 1767 2087 2590 2622 2762 3046 2742 2864 2535 2681 2084 1888 2154 1768 1704 1656 1557 1533 1629 1645 1522 1447 1400 1415 1522 1465 1461 1461 1499 1471 1576 1640 1591 1583 1458 1459 1487 1495 1491 1494 1522 1487 1507 1614 1699 1867 1696 1766 1950 2016 1699 1706 1645 1631
  1803 2071 2175 2070 2407 1767 1814 1535 1411 1096 1068 1033 1005 1009 1029 1035 1194 1172 1036 1157 1035  974  974 1082 1275 1408 1558 1516 1587 1527 1330 1503 1447 1651 2224 2294 2379 1700 1949 1868 2080 2149 1826 1725 1546 1648 1522 1157 1521 1367  964  547 1030 1293 1330 1642 1712 1579 1622 1989 2185 2077 1931 1645 1717 1405 1218 1336 1353 1513 1959 1912 2199 2317 2440 2294 2238 1849 1960 2071 2415 2377 1950 1889 1941 2132 2411 2085 2178 1955 1583 1757 1300  760 1912 2010 1790 2119 2442 2002 2047 1889 2372 2334 2072 2126 2249 2193 2255 1996 2060 2085 2209 2191 2019 2071 2455 2422 2598 2194 2368 2045 2039  878 1650 1525  926 1279 1310  950  977 1616 1021 1378 1722 1288 1838 2434 2259 2072 2089 1287 1742 1594 1828 1167 1523 1279 1425 1779 2051 2623 2437 2444 2341 2194 2299 2129 2052 2011 1980 1951 1925 2014 2133 2472 2195 2349 2343 2459 2338 2462 2439 2222 2315 2579 2743 2925 2693 2792 2498 2133 2308 2342 2013 1803 1644 1518 1590 1818 2170 2049 1922 1767 1660 1584 1508 1460 1438 1415 1440 1507 1568 1797 2234 2251 2147 2671 2803 2721 2939 2649 2071 2151 2332 2325 1881 1768 1690 1579 1522 1511 1461 1571 1579 1572 1400 1427 1544 1660 1523 1705 1602 1534 1705 1583 1523 1466 1524 1515 1526 1534 1530 1554 1568 1544 1721 1734 1706 1664 1828 1714 1586 1630 1535 1584 1520
  2311 2121 2168 2165 2205 2304 2032 1595 1401 1112 1073 1029 1009 1071 1082 1035 1184 1224 1096 1100  913  971  979 1096 1263 1438 1523 1401 1449 1467 1495 1222 1707 1779 1886 2099 1991 1417 1759 1748 1698 1824 1742 1689 1536 1584 1523 1235 1168  727  561 1006 1315 1494 1581 1645 1461 1827 1923 1706 2049 1828 1728 1555 1462 1396 1276 1157 1698 1743 1793 2070 2158 2072 2267 2274 1816 1810 2170 2498 2261 2308 1936 1888 1767 2110 2449 2209 2356 2257 1709 1328  760 1932 1893 2105 2015 2204 2490 2402 2286 2005 2468 2153 1825 2236 2222 2088 2172 2226 2234 2148 2267 2242 2192 2361 2548 2527 2604 2542 2384 2392 2059 1692  886  886 1332  926  950 1529 1275  993 1577 1762 1995 1831 1529 2131 2206 2155 2183 1782 2028 1809 1915 1386 1179 1340 1677 1774 2255 2387 2437 2566 2803 2411 2255 2145 2058 2027 1998 1966 1943 2001 2156 2398 2426 2328 2456 2393 2437 2509 2358 2077 2147 2559 2860 2970 2813 2780 2315 2095 2083 2072 2194 1791 1595 1520 1530 1630 1997 1828 1767 1719 1597 1462 1462 1445 1429 1426 1438 1477 1565 1706 1949 1951 2198 2769 2368 2620 2682 2681 2537 2291 2350 2085 1899 1644 1614 1522 1523 1577 1520 1710 1408 1574 1555 1506 1518 1705 1627 1625 1705 1635 1673 1627 1507 1495 1545 1568 1573 1568 1557 1596 1623 1601 1767 1950 1705 1855 1910 1769 1731 1665 1551 1462 1457
  2340 1990 2315 2212 2427 2283 1659 2137 2098 1222 1040 1031 1016 1009 1096 1035 1056 1157 1096 1048  940  913  938  989 1108 1279 1218 1348 1445 1401 1401 1404 1290 1408 1462 1801 1683 1304 1669 1328 1456 1363 1523 1539 1520 1419  990 1162  813  622 1198 1151 1338 1459 1490 1393 1526 1600 1632 1686 1889 1823 1698 1462 1445 1462 1462 1261 1551 1702 2549 2154 2281 2104 2128 2078 1706 2011 2255 2301 2527 1932 2159 1889 1781 1943 2157 2266 2028 2376 1644  991 1875 2319 2449 2358 2342 2383 2338 1889 2315 1767 2130 2235 1780 1895 2202 2322 1889 2208 2240 2019 2354 2174 2310 2480 2533 2188 2654 2186 1670 1965 1242  890 1817 1770 1883 1675 1707 1658 1482 1313 1040 1640 1758 2128 2036 1827 2428 2387 2243 2253 2072 2082 2102 1821 1179 1273 1385 1506 1983 1913 2600 2733 2437 2255 2366 2234 2134 2053 2014 1984 1960 1975 2132 2352 2315 2315 2305 2322 2453 2573 2397 2041 2133 2458 2630 2730 2552 2256 2308 2144 2009 1882 1767 1706 1617 1532 1522 1509 1584 1635 1706 1591 1523 1462 1462 1432 1425 1431 1439 1457 1510 1604 1758 1833 2072 2133 2783 2753 2827 3016 2736 2492 2072 1949 1888 1738 1725 1644 1522 1766 1708 1638 1815 1753 1679 1731 1760 1766 1832 1888 1747 1705 1690 1583 1510 1522 1568 1601 1610 1623 1635 1669 1767 1936 1727 2255 1792 1831 2194 1828 1748 1775 1743 1631 1462
  2000 1963 2010 1888 2433 1952 2112 2166 2017 1360 1095 1057 1029 1007 1009 1034 1034 1075 1084 1035  974  852  886  912  993 1073 1086 1181 1339 1331 1311 1392 1169 1432 1340 1508 1703 1160 1461 1217 1157 1157 1286 1359 1454 1100  986 1288  716  955 1167  981 1447 1401 1353 1380 1645 1611 1603 1781 1766 1645 1401 1523 1340 1389 1462 1218 1555 1797 2316 1949 2243 2011 2002 1918 1876 2159 2191 2294 2151 2772 2179 2099 1787 1997 2420 2312 1829 2152 1409 1065 1577 1761 1888 2472 2420 2369 2336 2348 2214 2313 1585 1882 2072 1714 1967 1712 1839 1870 1986 2081 1962 2258 2329 2605 2544 1933 1890 2190 1699 1392  890 1776 2557 2037 2156 2258 1941 1798 1703 1237 1270 1104 1541 1656 1828 2478 2477 2559 2323 2189 2078 2140 2315 1746 1493 1179 1554 1650 1950 2072 2669 2472 2986 2498 2329 2317 2132 2102 2046 1999 1980 1988 2009 2063 2339 2236 2199 2397 2510 2559 2116 2002 2229 2315 2729 2803 2561 2690 2386 2306 2133 2164 1995 1746 1611 1584 1547 1518 1477 1574 1475 1462 1462 1569 1452 1426 1440 1452 1437 1455 1503 1560 1639 1755 2052 2143 2313 2600 2681 2742 2559 2315 2193 1897 1727 1698 1766 1704 1592 1737 1790 1672 1840 1859 1795 1672 1718 1705 1949 2010 1921 1949 1701 1606 1521 1580 1628 1644 1705 1826 1949 1915 2165 2042 1942 1828 1978 1825 1927 2231 1950 2133 2402 1988 1637
  1813 1775 1899 1736 1852 2109 2536 2145 1983 1279 1143 1066 1042 1013 1019 1035 1032 1035 1066 1051  976  859  852  852  913  975  976 1070 1218 1113 1279 1340 1170 1434 1274 1401 1462 1075 1085 1096 1048 1035 1095 1204 1108  868 1460 1120  548  576 1017 1399 1462 1339 1340 1339 1412 1537 1840 1706 1607 1598 1337 1583 1445 1279 1414 1214 1272 1720 2031 2055 2255 1949 1890 1654 1957 2209 2387 2388 2315 2105 2398 2271 1787 1512 2235 2256 1885 1534 1054 1752 2248 1813 2229 2366 2617 2536 2353 2256 1539 1539 1476 1476 1932 1615 1377 2132 2056 1847 1972 1628 1833 2111 2038 2247 2638 2055 1604 1983 1478  910 1851 2441 2544 2554 2707 2614 1983 1631 1726 2164 1753 1128 1463 2155 2508 2579 2536 2487 2361 2219 2279 2309 2145 1831 1523 1179 1312 1577 1462 2191 2528 2803 2693 2707 2492 2319 2132 2145 2061 2011 1997 1987 1999 2055 2362 2254 2215 2498 2315 2190 1988 1950 2315 2531 2933 2651 2486 2734 2733 2365 2004 1990 1889 1718 1656 1680 1584 1568 1539 1712 1512 1584 1583 1486 1450 1447 1475 1490 1523 1451 1495 1538 1593 1699 1889 2194 2478 2437 2527 2658 2727 2565 2366 2062 1803 1638 1620 1705 1708 1841 1731 1827 2265 2071 2127 1857 1766 1766 1827 1955 2055 2025 1766 1583 1560 1640 1652 1827 1990 1766 2134 1823 2037 2175 2317 1936 1923 1881 1824 1904 2158 1909 1950 1807 2030
  1773 1648 1828 1810 1952 1983 2458 2496 1677 1319 1138 1085 1044 1022 1030 1035 1035 1035 1081 1082  974  887  852  852  882  885  901  974 1137 1139 1209 1354 1279 1049 1148 1319 1386 1065  914  945 1126  913 1013 1053 1002 1129 1280  709  676  913 1137 1375 1348 1219 1341 1458 1404 1731 1779 1839 1632 1532 1287 1345 1453 1279 1279 1193 1220 1581 2081 1888 1947 2072 1826 1682 2148 2148 2556 2314 2038 2269 1596 1829 1395 1698 1890 2222 1551 1128 1753 2008 2297 2150 2048 2495 2418 2006 2014 1824 2367 2124 2432 1452 1951 1377 1652 1306 1306 1749 1902 1711 1895 1801 2066 2547 2389 2386 1689 1645  910 1702 2344 2552 2604 2675 2546 1776 1613 1584 2149 2464 1719 1139 1590 2174 2310 2516 2497 2355 2255 2282 2275 2552 2139 1786 1437 1182 1337 1398 1493 1706 2139 2925 2559 2479 2472 2285 2252 2153 2081 2031 2022 2027 2017 2023 2183 2193 2169 2337 2194 1999 1942 2123 2193 2498 2667 2437 2255 2596 2432 2729 2069 1871 1767 1706 1658 1645 1645 1596 1645 1525 1565 1616 1558 1465 1462 1496 1522 1546 1534 1496 1481 1523 1589 1767 1962 2096 2035 2132 2410 2742 2714 2864 2124 1982 1827 1651 1558 1583 1669 1730 1551 1948 2370 2254 2109 1916 1775 1766 1982 1765 1913 1958 1888 1594 1705 1819 1825 1820 2142 2048 2075 2046 2114 2071 2084 2315 2077 1860 2011 1713 2072 1844 1631 1680 1483
  1579 1475 1542 1548 1604 1974 1897 2407 1835 1468 1273 1094 1052 1035 1035 1035 1034 1034 1093 1216 1103  923  852  852  852  844  860  899 1098 1130 1218 1313 1298 1258 1010 1194 1379  978  902  851  874  852  974  924  842 1033  678  750  791  800 1261 1340 1088 1284 1393 1637 1701 1738 1757 1722 1584 1533 1292 1280 1350 1252 1302 1179 1237 1466 1845 1574 2315 2019 1720 1831 2220 2379 2322 1959 1763 2210 2254 1857 1302 1523 1745 1713 1461 1565 2253 2326 2376 2316 2237 2587 2389 2094 2225 1803 2311 2218 2682 2174 1452 2117 1946 1875 1238 1238 1631 1659 1340 1638 2194 2185 2114 2071 2000  934 1510 2375 2673 2596 2398 2422 2135 2249 2177 2112 2371 2415 1859 1159 2230 1916 2189 2112 2355 2065 2133 2235 2500 2489 2144 1836 1279 1194 1276 1440 1706 1696 1950 2722 2803 2440 2666 2315 2255 2184 2107 2070 2123 2150 2056 2049 2068 2092 2244 2187 2076 1959 1902 2123 2430 2437 2614 2571 2254 2491 2286 2558 2194 1982 1777 1706 1658 1637 1607 1584 1584 1573 1541 1550 1524 1499 1508 1547 1584 1584 1614 1600 1523 1506 1525 1700 1710 1946 2126 2180 2258 2498 2620 2400 2261 1823 1644 1617 1522 1515 1520 1620 1747 2161 2270 2146 2071 2085 2131 2044 1773 1766 1705 1644 1705 2073 2187 2122 2132 2052 2473 2010 2071 2072 2324 2365 2250 2559 2194 2126 2133 1981 1645 1825 1632 1466 1449
  1669 1664 1400 1527 1616 1463 1760 1925 2010 1829 1583 1280 1130 1056 1052 1040 1034 1048 1098 1099 1098 1090  952  857  852  829  852  911  932 1057 1158 1325 1287 1190 1139 1152 1281 1340  857  840  791  791  792  853  872  949 1162 1277  548  975 1344 1340 1272 1401 1463 1582 1630 1645 1593 1383 1646 1450 1533 1279 1338 1340 1218 1185 1218 1522 1462 1889 2081 1929 1551 1783 2173 2234 2004 2422 2248 2704 2312 1748 1579 1218 1572 1172 1340 1511 2132 2423 2559 2390 2568 2620 2250 2469 1823 2083 2532 2284 2545 2171 1962 2022 2373 2305 1724 1807 1187 1187 1116 2040 2239 2033 1668 2236 1635  934 2255 2216 2536 2665 2669 2223 2457 2494 2253 1962 1878 1929 1717 1167 2341 2335 2311 2177 2143 1992 2217 2419 2544 2130 2133 1787 1274 1218 1338 1477 1767 1885 2194 2617 2869 2470 2376 2474 2376 2219 2136 2113 2132 2382 2171 2068 2059 2150 2346 2475 2187 2006 1881 1985 2205 2269 2455 2461 2194 2319 2340 2196 2072 2101 1830 1706 1644 1601 1572 1563 1548 1522 1508 1490 1493 1522 1550 1583 1625 1688 1702 1721 1773 1519 1518 1559 1707 1811 1888 1950 2236 2254 2254 2194 2299 2081 1827 1553 1522 1475 1467 1473 1858 2333 2437 2376 2315 2304 2164 1951 1886 1863 1827 2006 1644 2071 2419 2459 2400 2315 2315 2211 2315 2013 2133 2366 2313 2614 2274 2559 2016 1771 1736 1722 1565 1494 1426
  1720 1511 1402 1381 1352 1435 1471 1857 1949 2058 1956 1579 1338 1310 1061 1061 1063 1109 1157 1069 1035 1035  974  913  914  853  852  852  791  915 1012 1097 1151 1102 1075 1087 1140 1340 1192  805  791  791  733  731  781 1044 1210  824  802 1344 1333 1163 1446 1523 1471 1523 1461 1500 1535 1221 1603 1588 1536 1300 1340 1280 1187 1188 1220 1468 1515 1773 1897 1701 1520 1929 2116 2049 2227 2343 2155 1854 1655 1536 1409 1632 1222 1575 1693 1667 1879 2051 2316 2441 2486 2463 2342 2001 2377 2154 2248 2490 2148 1771 2254 1807 1814 2407 2196 2251 2115 1737 1670 1116 1708 1616 1001 1623 1898  950 2221 2321 2588 2709 2764 2686 2676 1950 1994 2007 1943 1732 1482 1167 1638 2133 2301 2129 1954 2073 2435 2562 2466 2111 1830 1516 1216 1218 1346 1480 1647 1635 2072 2193 2778 2727 2445 2458 2315 2207 2150 2132 2132 2201 2132 2133 2150 2315 2620 2680 2501 2066 1867 1950 2187 2194 2298 2287 2072 2044 2098 2034 1959 1894 1767 1715 1639 1588 1568 1523 1523 1505 1513 1524 1535 1560 1584 1631 1689 1728 1834 2026 2285 1658 1548 1561 1598 1706 1825 2010 2109 2079 2108 2133 2142 2012 1827 1619 1508 1471 1467 1523 1670 2071 2694 2649 2538 2233 2207 2255 1889 2213 2204 2285 1827 1868 2136 2315 2471 2638 2367 2137 2386 2286 2082 2522 2620 2383 2657 2621 2304 2005 1630 1889 1573 1445 1428
  1441 1644 1415 1340 1309 1329 1357 1462 1703 1985 1523 1464 1343 1238 1268 1066 1150 1293 1343 1152 1035 1035  976 1029 1018  974  913  889  913  886  791  791 1019 1037 1035  828  974 1166 1095  852  940  777  791  863  855  913  918  560 1142 1093 1073 1645 1644 1462 1455 1340 1401 1287 1462 1242 1347 1465 1542 1279 1402 1275 1218 1214 1221 1535 1584 1644 1645 1520 1520 1866 2128 1878 2492 2006 2536 2029 1804 1497 1401 1223 1184 1564 2232 1981 2399 2405 2510 2069 2292 2426 2439 2407 2456 2311 2401 2096 2293 2252 2451 1890 2079 2262 1890 2289 2163 1705 1760 1060 1060 1029 1686 1001 1431  950 1724 2284 2739 2741 2281 2505 2369 2569 2260 2508 2115 2277 1983 1908 1199 1789 2193 1973 2019 2197 2482 2525 2201 2102 1828 1388 1225 1301 1340 1410 1489 1748 1828 2559 2362 2834 2895 2468 2382 2252 2193 2244 2269 2193 2167 2193 2254 2255 2559 2597 2530 2072 1882 1967 2071 1964 2133 2315 2072 2029 1947 1927 1888 1767 1706 1706 1628 1584 1551 1523 1514 1504 1523 1570 1584 1578 1642 1660 1711 1767 1950 2438 2376 1782 1585 1543 1597 1644 1801 1890 2041 1888 1888 2071 2010 1888 1766 1623 1522 1478 1499 1560 1653 1937 2376 2821 2559 2508 2523 2152 2305 2437 2434 2620 1908 1820 1832 1813 2193 2211 2863 2707 2780 2523 2133 2269 2747 2164 2407 2476 2254 1882 1584 1621 1509 1436 1443
  1379 1499 1593 1334 1279 1279 1279 1340 1464 1495 1526 1391 1297 1157 1096 1157 1251 1479 1465 1218 1125 1047 1035 1075 1016 1087  974 1016  975 1101 1097  943  730  915  973  911  910 1037 1048  953  927  866  974  869  974 1094  759  853  749 1294 1560 1962 1645 1683 1410 1396 1222 1318 1346 1040 1401 1350 1452 1277 1582 1400 1276 1279 1281 1562 1584 1594 1524 1521 1521 1860 2088 2128 2367 1799 2134 2073 2315 1639 1652 1370 1889 1659 2154 2020 2091 2170 2379 2246 2272 2429 1972 2283 2430 2315 2437 2651 2508 2617 2345 1765 2010 2256 2019 1710 1525 1230 1143 1143 1806 2173 2125 1819  989 1688 2050 2525 2655 2362 2402 2680 2303 2592 2373 2589 2379 2138 2166 2254 2010 1214 1748 1949 2013 2162 2410 2504 2627 2265 1636 1418 1208 1212 1269 1340 1439 1645 1759 2011 2205 2610 2811 2453 2375 2194 2482 2255 2484 2255 2233 2243 2315 2445 2437 2498 2397 2034 1887 1828 1870 1904 2071 2063 2159 1949 1950 1850 1803 1767 1706 1669 1644 1584 1545 1523 1509 1518 1564 1577 1633 1611 1645 1720 1781 1833 2318 2620 2133 1876 1642 1554 1577 1645 1747 1767 1888 1931 1913 2015 1951 1753 1781 1657 1509 1501 1522 1564 1644 2179 2213 2756 2610 2678 2501 2267 2681 2718 2254 1945 2254 1905 2209 2132 1917 1949 2366 2634 2853 2620 2925 2864 2471 2255 1889 1797 1889 1647 1586 1523 1467 1461 1486
  1340 1397 1633 1574 1305 1271 1279 1245 1413 1402 1340 1290 1328 1113 1096 1157 1100 1213 1307 1325 1279 1168 1121 1158 1157 1115 1107 1070 1156 1279 1249 1199  731  731  792  885  718  902  918 1157  913 1019  955 1091  796  617  830 1212 1335 1289 2139 2180 2043 1641 1457 1341 1146 1258 1273 1165 1193 1279 1319 1380 1401 1513 1340 1432 1401 1578 1604 1562 1520 1540 1556 1584 1881 1645 2002 2255 2657 2362 1697 1531 1292 1629 1948 1279 1428 1884 2016 1805 2059 1693 2332 1834 2293 2369 1946 2399 2538 2237 1904 1897 2310 1795 2348 2377 2107 1771 1855 2274 1951 2368 2240 2566 2488 2339  989 1761 2265 2677 2595 2160 2317 2307 2499 2390 2154 2238 2302 2253 2099 2137 2071 1246 1808 2134 2232 2422 2536 2337 2567 2194 1587 1311 1213 1339 1252 1285 1429 1469 1557 1767 2130 2579 2761 2732 2497 2288 2674 2452 2376 2308 2313 2254 2308 2494 2701 2515 2255 2027 1888 1846 1823 1868 1949 2028 2011 1911 1829 1811 1756 1727 1728 1767 1706 1582 1543 1524 1511 1566 1584 1623 1643 1645 1705 1767 1869 2043 2214 2637 2498 2192 1662 1573 1579 1585 1645 1706 1790 2031 2096 2058 1827 1847 1644 1637 1517 1518 1546 1611 1644 2010 1888 2071 2288 2756 2581 2586 2890 2712 2306 2518 2254 2130 2132 2190 2315 2305 2214 2294 2638 2905 2864 2892 2639 2681 2498 2367 1841 1597 1549 1523 1469 1464 1627
  1400 1389 1526 1580 1483 1298 1326 1358 1220 1218 1333 1240 1157 1096 1157 1157 1157 1157 1209 1279 1279 1321 1308 1279 1217 1238 1341 1383 1279 1509 1374 1169  977  799  752  723  694  709  773  744  961 1101 1038 1171  660  901 1421 1577 1645 1406 2315 2278 1861 1575 1437 1221 1158 1103 1157 1070 1155 1139 1222 1203 1600 1580 1539 1584 1431 1706 1584 1523 1524 1574 1570 1584 2098 2099 1842 2238 2357 1995 1569 1340 1157 1833 1949 2028 1660 1446 1341 1601 1463 1584 1584 1950 1898 2368 2495 2401 2552 2434 2531 2120 2098 2053 2185 2316 2067 2105 1730 2244 2460 2557 2703 2208 1754 1777 1005 1862 1913 2295 1861 2330 2478 2558 2187 2405 2495 2048 2437 2110 1950 1816 1428 1808 2075 1828 2383 2394 2305 2036 2187 1940 1495 1226 1229 1286 1401 1272 1345 1499 1477 1828 2051 2437 2925 2768 2418 2293 2538 2498 2308 2368 2376 2476 2376 2620 2536 2379 2222 2017 1906 1878 1813 1889 1895 2193 2059 1881 1817 1767 1720 1698 1720 1708 1764 1601 1553 1538 1553 1584 1645 1645 1670 1704 1748 1889 2255 2080 2332 2577 2376 2210 1790 1615 1583 1668 1800 1772 1705 1852 2132 2107 1917 1761 1637 1577 1522 1522 1588 1622 1689 2082 1949 1980 2301 2216 2939 3047 2803 2717 2477 2803 2193 2344 1966 2071 1966 2046 2079 2498 2462 2925 2803 2620 2194 2629 2390 2072 1840 1553 1511 1488 1465 1501 1761
  1516 1544 1645 1645 1652 1511 1401 1614 1599 1379 1215 1277 1247 1218 1218 1216 1166 1218 1218 1218 1218 1340 1322 1272 1098 1203 1213 1307 1340 1460 1587 1473 1097  922  809  738  636  617  760  944  693  766  759  681  780  727 1402 1892 2005 1971 2315 2168 1768 1704 1523 1388 1113 1095 1113 1092  991 1035 1121 1218 1645 1704 1851 1582 1476 1629 1498 1517 1530 1523 1546 1696 2073 2369 2218 2365 2009 1766 1467 1439 1608 1366 1813 2073 2308 1730 2070 2134 1525 1886 2077 1960 2304 1844 2374 2019 2440 2689 2439 1888 2547 2197 2345 2197 1843 1706 2125 2225 2443 2554 2267 2023 2280 2019 1005 1238 1661 1993 2321 2361 2552 2393 2067 2162 2376 2253 1946 2315 2315 1472 1815 2218 2193 2106 2444 2369 2144 2086 1919 1724 1487 1226 1253 1373 1456 1352 1309 1378 1607 1660 2072 2480 2755 2498 2533 2338 2552 2400 2224 2335 2701 2600 2671 2715 2407 2376 2072 2010 1998 1889 1797 1841 1926 2037 2011 1959 1842 1767 1706 1659 1645 1694 1655 1576 1561 1564 1585 1597 1624 1646 1767 1751 1803 1964 2255 2506 2376 2315 2262 2028 1950 1706 1632 1678 1877 1949 1873 1949 2131 2073 2071 1735 1606 1553 1579 1583 1623 1726 1810 2132 2282 2437 1952 2037 2294 2778 2687 2732 2823 2861 2878 2620 1959 1972 2270 2203 2224 2498 2874 2849 2696 2375 2108 2011 2011 1919 1678 1531 1522 1515 1523 1573 1967
  1305 1502 1568 1584 1698 1645 1766 1653 1922 1643 1456 1234 1208 1306 1339 1294 1234 1218 1292 1218 1179 1212 1218 1218 1220 1124 1153 1279 1462 1874 1754 1401 1437 1113  976  928  796  730  996  896  617  728 1092  961 1400  994 1261 1630 1979 2351 2311 2214 2094 1939 1915 1407 1153 1035 1058  984  974 1035 1238 1244 1667 1794 1845 1724 1554 1558 1492 1523 1526 1523 1523 1711 2077 2178 2434 2041 2235 1883 1984 1508 1361 1276 1759 2071 2254 1762 2408 2404 1667 1989 2071 2351 2288 2148 2145 2132 2616 2577 1946 2123 2420 2044 2253 2201 2151 1768 2255 2298 2644 2072 2041 2450 1767 1614 1017 2003 2075 2370 2307 2200 2501 2139 2068 2120 2116 2135 2055 2146 1472 1918 2102 2252 2071 2182 2103 2541 2136 1976 1919 1965 1386 1242 1425 1584 1645 1560 1351 1342 1401 1609 2064 2389 2732 2834 2528 2315 2193 2267 2167 2255 2574 2527 2482 2457 2437 2199 2072 2012 1913 1848 1797 1779 2013 2082 1918 2052 2013 1783 1731 1647 1628 1614 1576 1572 1584 1605 1584 1645 1673 1691 1807 1889 1872 2138 2214 2384 2379 2302 1949 1997 1828 1706 1767 2012 2083 2032 2078 2010 2071 2197 1919 1670 1590 1579 1581 1583 1644 1716 1949 2020 2914 2425 2251 2423 2289 2450 2437 2820 2579 2559 2584 2376 1821 2132 2351 2660 2762 2823 2589 2376 2583 2144 2212 2010 1783 1632 1523 1497 1527 1563 1535 1636 1950
  1301 1275 1343 1453 1599 1523 1523 1523 1645 1660 1488 1343 1342 1465 1466 1472 1330 1430 1343 1351 1401 1210 1035 1136 1096 1149 1144 1265 1461 1640 1950 1714 1654 1525 1218 1053  965  787 1096  912  871 1035 1282 1281 1227 1154 1091 1476 1454 2201 2087 2199 2072 1945 1889 1788 1360 1103  974  974  920  982 1283 1416 1540 1646 1753 1899 1786 1535 1492 1493 1492 1522 1514 1821 2179 1938 2428 2360 2254 2193 2032 1588 1652 1340 1671 2241 2194 2088 2398 2120 1721 1973 2440 2412 2454 2071 2404 2369 2440 2090 2126 2440 2135 1888 2282 2258 2440 2194 2255 2428 1984 1846 1746 1661 1806 1430 1032 1798 2681 2295 2326 1980 2315 2268 2018 2314 2160 2220 1855 1724 2058 1855 2268 2159 2311 2369 2382 2588 2078 2170 1991 1767 1242 1588 1618 2421 1828 1854 1550 1461 1400 1584 1773 2044 2331 2437 2547 2316 2269 2130 2259 2388 2573 2559 2308 2356 2255 2106 2127 2061 1888 1839 1828 1931 1889 1839 2011 1950 2010 1889 1722 1643 1599 1584 1574 1584 1634 1645 1645 1701 1710 1767 1888 1959 2049 2010 2301 2409 2237 2275 1965 1889 1707 1701 1938 1976 2255 2324 2217 2073 2227 2062 1932 1705 1583 1583 1594 1595 1625 1729 2205 2459 2132 2270 2580 2818 2412 2264 2315 2612 2454 2680 2110 1899 2162 2437 2678 2742 2712 2790 2549 2468 1994 1877 1889 1777 1617 1543 1497 1571 1603 1641 1660 1706 2482
  1279 1274 1340 1478 1586 1511 1355 1511 1678 1949 1523 1592 1461 1692 1511 1699 1555 1523 1693 1513 1521 1339 1102 1051 1027 1034 1155 1217 1277 1582 1565 1763 1360 1490 1316 1168 1132  999 1157  728 1165 1174 1571 1209 1314 1288 1279 1317 1699 1963 2111 2082 2193 1951 1797 1462 1542 1258  974  949  914  960 1213 1462 1811 1935 1804 1951 1949 1525 1492 1494 1488 1493 1499 1944 2063 1824 2327 2287 1827 2144 2457 1672 1524 1219 1780 2293 2373 2073 2566 1585 2077 1888 2347 2538 2075 2127 2148 2399 2551 2085 2244 2399 2190 1831 2053 2257 2308 2468 2498 2132 2498 2364 2366 2011 1848 1032 1239 1987 2559 2255 2100 2180 1828 1948 2010 2133 2359 2323 1983 1827 1950 2189 2232 2197 2383 2426 2492 2720 2341 2033 1861 1848 1266 1473 2271 2011 1845 1645 1523 1460 1387 1505 1792 1827 1831 2274 2468 2568 2194 2117 2255 2645 2376 2281 2228 2188 2073 2049 2153 1969 1950 1887 1932 2075 1887 1767 1827 1839 1949 1828 1767 1645 1605 1584 1603 1605 1642 1673 1721 1793 1826 1849 1950 2071 2315 2315 2132 2154 2133 2085 1818 1750 1693 1747 1804 2051 2070 2430 2498 2376 2308 2192 1989 1712 1629 1583 1612 1613 1632 1744 2376 2470 2789 2585 2749 2516 2443 2389 2071 2057 2132 2030 1828 2164 2524 2254 2620 2813 2447 2620 2380 1858 1872 1706 1734 1552 1509 1499 1554 1597 1924 2235 2057 1889 2305
  1279 1245 1266 1361 1434 1493 1372 1395 1460 1711 1789 1806 1434 1827 1587 1795 1644 1584 1654 1646 1631 1467 1286 1157  913  910  982 1060 1211 1317 1397 1628 1571 1335 1233 1154 1334 1165  617 1097 1112 1578 1523 1298 1349 1460 1218 1332 1510 1706 2131 1893 2017 1954 1685 1584 1205 1265 1215  914  907 1130 1340 1708 1862 2111 1925 1948 2072 1591 1493 1487 1486 1490 1593 1703 1708 1767 1987 2009 2315 2331 2383 1824 1582 1956 2135 2297 2430 2236 2197 1584 2307 2150 2259 2426 2348 2400 2500 2362 2133 2614 2683 2727 2325 2437 1726 2184 2377 2255 2120 2437 2360 2075 1706 1553 1675 1064 1706 2115 2349 2188 1726 1944 2102 2315 2221 2558 2333 2315 1869 2091 2011 2442 2611 2498 2518 2523 2498 2671 2061 1802 2073 1286 1266 1470 2252 2636 1883 2072 1819 1565 1409 1523 1603 1704 1962 2437 2346 2411 2355 2071 2347 2649 2338 2071 2079 2020 1972 1968 2017 1906 1878 1886 1955 2109 1888 1781 1828 1706 1771 1776 1929 1707 1622 1610 1617 1618 1647 1706 1828 1985 1926 2008 2009 2270 2254 2194 2139 2010 1970 1885 1767 1685 1724 1820 1907 2146 2287 2307 2606 2498 2585 2242 2010 1704 1646 1583 1623 1629 1648 1796 2166 2543 3035 2848 2696 2498 2254 2298 2193 1949 2004 1827 2124 2633 2585 2428 2846 2437 2376 2092 2074 2133 2471 2013 1645 1513 1584 1584 1582 2042 1767 2502 2300 2178 1706
  1158 1374 1171 1279 1406 1410 1360 1292 1516 1401 1513 1540 1646 1493 1563 1484 1518 1637 1523 1338 1633 1364 1403 1042  952  854  944 1090 1162 1218 1512 1551 1620 1507 1344 1659 1163  735  734 1338 1095 1649 1464 1627 1645 1379 1157 1170 1400 1520 1544 1371 1470 1607 1343 1409 1036 1048 1096  929  912 1216 1460 1595 2131 2194 1960 1847 1849 1571 1492 1485 1483 1489 1690 1768 1644 1706 1788 1849 2011 2309 2112 1927 1456 1801 2321 2477 2538 2276 2079 1796 2119 2388 2376 2490 2286 2111 2302 2137 2498 2597 2602 2458 1889 1774 1722 2305 2404 1986 1986 2417 2330 2194 2097 2355 1523 1064 1950 1913 2177 1603 1961 2174 2395 2569 2507 2235 2133 2040 1960 2073 1949 2365 2521 2756 2592 2320 2205 2621 2516 2194 1706 1286 1716 2183 1950 2661 2194 2047 2159 1718 1582 1425 1715 1770 1998 2255 2506 2496 2485 2071 2157 2666 2197 2046 1957 1960 1938 1886 2159 1845 1809 1856 1978 2224 2039 1950 1888 1759 1775 1902 1645 1704 1747 1634 1637 1640 1648 1727 1828 2213 2325 2334 2135 2123 2105 2115 2154 2024 1934 1822 1799 1700 1782 1860 2110 2315 2646 2677 2803 2498 2366 2220 1835 1764 1644 1614 1638 1641 1658 1746 2180 2770 2701 2681 2513 2450 2315 2254 2155 2189 2099 1888 2172 2437 2826 2539 2802 2538 2425 2483 2525 2339 2255 1793 1521 1645 1594 1640 2133 2575 1949 2876 2925 2263 1820
  1161 1192 1157 1157 1157 1218 1232 1340 1268 1358 1382 1580 1543 1462 1393 1334 1268 1279 1318 1460  982  974 1211 1055  852  834  850 1035 1129 1461 1523 1963 1768 1521 1530 1703 1176  617 1155 1525 1328 1518 1813 1777 1772 1516 1292 1210 1173 1330 1305 1177 1233 1223 1096 1055 1002  937  913  913  923 1108 1394 1521 1996 2433 2072 1645 1988 1492 1492 1481 1480 1489 1700 1777 1687 1798 1887 2010 2388 2317 1827 2117 1550 1753 2439 2593 2346 2147 1793 2136 2260 2355 2464 2625 2588 2239 2183 2017 1868 1905 2296 2496 1949 2292 1749 1815 1905 1950 2437 2015 2255 2346 1950 2072 1792 1108 1195 1250 1401 1828 2133 2281 2433 2704 2186 2337 2133 2008 1955 2191 2190 2194 2412 2666 2306 2072 2241 2451 2300 2255 1877 1317 1919 2288 1828 2559 2011 2114 1887 1924 1645 1446 1567 1824 1655 2116 2217 2448 2402 2122 2091 2315 2072 1934 1899 1888 1859 1848 1825 1800 1769 1787 1831 2068 2194 2011 2045 1886 1889 1889 1685 1802 1884 1767 1714 1667 1666 1706 1912 2194 2386 2498 2203 2085 2045 2021 2010 2068 1964 1869 1767 1706 1727 1881 2134 2255 2343 2377 2747 2325 2184 2224 2116 1888 1706 1636 1644 1651 1694 1715 1870 2240 2282 2666 2674 2862 2494 2584 2356 2254 2010 1888 1949 2135 2523 2800 2619 2850 2700 2257 2318 2282 2194 1807 1628 1644 1981 1948 2080 3121 2415 2988 2566 2102 2321
  1218 1218 1275 1157 1157 1155 1110 1111 1110 1168 1315 1412 1214 1279 1400 1313 1404 1035 1254 1276 1181 1276 1281 1176  958  853  791  973 1088 1401 1584 1712 1837 1550 1584 1137  949 1094 1038 1578 1414 1694 2002 1821 1601 1394 1218 1191 1130 1131 1132 1021 1158 1032  974  913  913  861  861  913  995 1109 1210 1679 1868 1976 1951 1583 1940 1902 1492 1479 1482 1488 1583 1645 1708 1859 2010 2188 2433 2377 2249 2265 1807 1584 2130 2572 2288 1988 1895 2044 2253 2132 2432 2427 2148 2383 2443 2182 2560 1706 2005 2261 1907 2277 2216 1764 1919 1985 2284 2081 1767 1967 1889 1706 1108 1836 1889 2347 1388 1440 1523 2092 2315 2437 1888 2193 1833 2124 2020 2315 2345 2620 2620 2796 2255 2072 2255 2156 1980 1689 1317 1588 2529 2504 1950 2622 2350 2209 2077 1724 1582 1453 1584 1604 1809 1964 1828 2286 2437 2240 2146 2194 1945 1888 1888 1896 1826 1817 1808 1773 1767 1764 1790 1826 1945 1939 1994 1866 1766 1704 1754 2032 2154 2071 1889 1709 1683 1740 1868 2108 2376 2315 2376 2165 2040 2010 1997 2071 2086 1786 1781 1775 1738 1807 2051 2014 2342 2559 2559 2559 2321 2315 2279 2005 1740 1647 1644 1667 1701 1761 1827 1949 2305 2493 2926 2771 2864 2639 2536 2330 2256 2010 2128 2074 2199 2628 2681 2420 2213 2348 1999 1828 1706 1524 1698 2187 2144 2255 1965 2315 2544 2642 2838 2133 2349
  1208 1218 1218 1218 1279 1187 1203 1181 1225 1138 1151 1194 1096 1096 1152 1096 1140 1443 1649 1487 1431 1431 1555 1440 1400 1175  852 1181  974 1277 1320 1672 1584 1704 1158 1148  617 1238 1523 1735 1635 1767 1865 2138 1714 1350 1247 1188  974 1035  974 1003 1044  972  974  852  970  974  914  918 1037 1096 1328 1325 1544 1711 1688 1681 2002 1889 1489 1471 1481 1489 1610 1554 1687 1933 1830 2089 2085 2193 2059 1898 1681 1827 2246 2351 2255 1952 1767 2193 2405 2554 2438 2433 2319 2308 2559 2354 2483 2130 1992 1766 1901 1828 2285 1916 1630 1797 2045 2118 2437 1815 1167 1167 1828 2073 2559 2302 2315 2531 1881 1672 1817 2116 1900 2173 2041 2270 2194 2128 2376 2620 2864 2559 2415 1899 1994 1767 1554 1693 1357 1750 2559 2312 2162 2620 2072 2190 2477 1968 1568 1492 1584 2016 1828 1752 1870 2206 2286 2192 2162 2025 1930 1893 1872 1887 1857 1821 1823 1828 1763 1759 1744 1823 1765 1928 1888 1867 1696 1872 1949 1953 2169 2080 1965 1840 1767 1734 1827 1950 1987 2106 2220 2255 2270 2010 1972 2002 1831 1828 1896 1853 1768 1800 1882 2077 2358 2640 2113 2445 2493 2212 2168 2015 1827 1684 1644 1665 1715 1753 1903 2315 2253 2908 2620 2643 2652 2777 2693 2630 2322 2033 2299 2538 2620 2513 2587 2803 2681 2407 2074 1778 1579 1889 2353 2082 2437 2315 2238 2782 2696 2656 2694 2458 2242
  1245 1220 1340 1277 1340 1350 1337 1414 1401 1456 1645 1424 1368 1158 1108 1086 1096 1157 1309 1565 1676 1587 1401 1461 1610 1279  971  836  965 1160 1399 1527 1157  928 1222  977  894  852 1096 1703 1662 1767 1633 2072 1857 1646 1188 1073 1096  937  913  931 1019  954  973  963  967  921  974  991 1017 1026 1158 1243 1280 1352 1491 1787 2194 1885 1481 1468 1485 1501 1552 1523 1659 1828 1803 1819 2143 2119 1900 1715 1523 2148 2378 2248 2146 1927 2071 2157 2268 2559 2268 1950 2074 1840 2378 1946 2608 2438 2243 1485 1827 1962 2490 2376 1862 1822 2376 1890 1767 1523 1203 1797 1980 2360 2756 2437 2840 2695 2534 1983 1758 1801 1990 2099 2255 2441 2620 2133 2742 2647 2737 2803 2317 2071 2347 1819 1788 1451 1357 1651 2315 2365 2272 2502 2177 1908 1950 1706 1575 1499 1918 1828 1761 2204 2449 2254 2147 2011 2123 1970 1934 1898 1933 1950 1941 2011 1900 1835 1825 1775 1757 1738 1748 1888 1765 1716 1706 1974 2265 2125 2424 2255 2153 2500 1940 1828 1796 1814 1873 1950 2116 2171 2207 2180 1958 1888 1892 1984 1949 1830 1828 1762 1786 2029 2208 2321 2066 2460 2437 2349 2254 2132 1890 1719 1673 1684 1722 1776 2010 2740 2710 2226 2335 2413 2683 2376 2488 2228 2037 2160 2344 2393 2460 2612 2864 2742 2508 2076 1935 1802 1782 1965 2255 1999 2299 2652 2618 2641 2785 2681 2742 2194 2469
  1328 1279 1229 1279 1400 1515 1582 1695 1763 1819 1706 1585 1402 1401 1239 1263 1350 1401 1446 1401 1680 1593 1462 1218 1340 1220 1121 1095  908 1134 1219 1341  913 1065  626  617 1039 1606 1510 1846 1585 1461 1566 1769 1570 1575 1353 1082 1096 1025  854  853  853  847  907  936  972  986  974  913  974 1100 1228 1339 1618 1518 1645 2105 2301 1644 1482 1471 1514 1584 1602 1575 1602 1643 1934 2272 2236 1931 2065 1803 1644 1905 2436 2208 2010 2014 2081 2132 2376 2567 2500 2559 2555 2382 1779 1858 2058 2133 1738 1910 1469 1654 2148 1779 1465 2438 1693 1788 1242 1242 1203 1723 2469 2650 2602 2576 2229 2154 1946 1699 1644 1920 2357 2192 2536 2735 2732 2349 2376 2572 2639 2681 2212 2056 2381 2225 1869 1465 1365 1651 2277 2694 2363 2437 2489 2224 2133 1860 1584 1528 2141 2207 1813 2285 2431 2483 2169 2194 2173 2072 1984 1927 2011 2013 2124 2255 1948 1889 1828 1828 1763 1753 1705 1696 1699 1694 1866 1955 1926 2192 2465 2376 2239 2580 2256 2051 1821 1803 1816 1876 1975 2041 2114 2194 2133 1967 2008 2046 1909 1888 1828 1933 1857 1950 2070 2103 2010 2267 2537 2393 2254 1978 2071 1874 1716 1704 1730 1773 1949 2062 2057 2315 2547 2480 2649 2509 2315 2376 2716 2173 2315 2430 2250 2437 2528 2364 2084 1971 1949 2194 2209 1929 1584 1767 2423 2193 2518 2742 2792 2939 2518 2491 2651
  1380 1292 1279 1316 1506 1750 1631 1706 1663 1466 1405 1488 1340 1279 1281 1400 1590 1768 1526 1601 1661 1828 1630 1219 1035 1485 1420 1193  831  977 1218  884 1048  730  781  828 1152 1279 1336 1657 1592 1410 1584 1639 1340 1341 1182  974  913 1038  854  822  822  844  850  869  882  893  883  913  961 1104 1217 1521 1738 2071 1947 2191 2067 1559 1468 1474 1489 1769 1529 1822 1706 1810 2135 2207 2225 1899 1972 1618 1667 1864 2247 2340 2297 2115 2250 2191 2391 2620 2461 2226 2488 2140 2197 1896 1588 1888 1682 1951 2022 1930 1543 1615 1937 2077 1564 1697 1721 1721 1191 2358 2315 2568 2768 2371 2315 1828 2068 1889 1988 1773 1836 2359 2133 2344 2559 2498 2193 2437 2554 2329 2072 1950 1989 2257 1858 1365 1813 1623 2345 2325 2407 2304 2133 2376 2109 1787 1706 1557 2204 2267 2162 2300 2620 2461 2217 2434 2152 2133 2021 1961 2027 2112 2184 2341 2096 1924 1889 1828 1778 2080 1749 1764 1694 1694 1828 2084 2308 2193 2371 2414 2429 2559 2864 2444 2033 1880 1829 1859 1901 1992 2118 2133 2072 2177 2068 2010 1995 1909 1885 1949 2139 1980 1949 2071 2071 2407 2408 2615 2498 2241 1959 1888 1740 1705 1731 1827 2146 2620 2951 2681 2754 2584 2531 2680 2366 2460 2392 2011 2254 2227 2277 2473 2390 2114 2071 2392 2010 2620 2277 2062 1807 1584 1824 2072 2438 2925 2779 2986 2864 2864 2925
  1340 1339 1446 1570 1583 1588 1523 1448 1345 1404 1250 1254 1279 1157 1218 1246 1462 1521 1633 1625 1526 1459 1524 1233  974 1086 1020 1194  903  850 1323 1209  617  757 1101 1218 1282 1372 1495 1639 1342 1395 1398 1505 1401 1277 1035  915  839  916  841  822  822  822  822  850  924  918  902  909  988 1180 1400 1564 1863 2070 1996 2129 1958 1475 1468 1471 1492 1820 1706 1859 1980 2011 2132 2187 2133 1954 1983 1593 1641 1843 2091 2186 2125 2070 2082 2254 2455 2332 2315 2060 1827 2246 1914 1712 1938 1864 1485 2000 2388 1742 1663 1383 1523 1508 1550 2221 2255 1191 2047 2760 2466 2648 2671 2640 2495 2116 2357 2615 2051 1934 2212 2562 2681 2701 2864 2217 2071 2193 2376 2082 1922 1771 1950 2244 1772 1369 1981 2525 2423 2910 2612 2300 1944 2072 2035 1852 1706 1621 1913 2048 2018 2240 2620 2537 2559 2553 2328 2122 2054 2025 2139 2194 2273 2664 2123 1992 1874 1816 1867 2078 1940 1905 1703 1694 1885 2153 2455 2738 2556 2426 2479 2580 2605 2763 2318 1944 1874 1847 1895 1951 2074 2113 2170 2149 2132 2069 2015 2043 1950 2106 2336 2319 1974 2071 2085 2378 2599 2566 2103 2071 1888 1881 1766 1722 1750 1890 2236 2607 3016 2620 2674 2503 2315 2315 2193 2193 2369 2317 2173 2399 2315 2356 2605 2242 2709 2541 2469 2607 2073 1907 1973 1614 1950 2537 2949 3000 2541 2906 2563 2874 2852
  1523 1507 1355 1485 1552 1508 1426 1219 1218 1211 1174 1157 1153 1157 1111 1096 1218 1237 1385 1620 1462 1568 1496 1151 1159  948 1177  877  731  833 1234 1301  617  723 1136 1196 1096 1218 1436 1465 1402 1279 1272 1158 1260 1279 1016  830  802  814  820  841  851  911  922  915  941  963  973  928  982 1218 1441 1523 1909 1654 1873 2010 1561 1468 1468 1474 1539 1528 1857 2253 1896 1920 1696 1850 2132 1872 1822 1883 1623 1705 1830 2251 2141 2083 2072 2254 2437 2226 2106 2526 2702 2298 1996 2102 2471 2022 1623 2478 2189 2071 1717 1761 1821 1401 2090 2208 2035 1274 1882 2133 2247 2234 2524 2566 2235 2426 2620 2498 1794 1926 2202 2315 2437 2701 2410 2315 2028 2187 2332 2071 2109 1956 1584 2003 1377 1806 1937 2467 2680 3024 2541 2130 1939 1767 1767 1931 1645 1614 1868 1968 1991 2315 2530 2634 2700 2453 2393 2194 2046 2049 2103 2132 2331 2707 2384 2002 1912 1925 1964 2234 2384 2075 1889 1711 1814 2118 2446 2625 2554 2498 2347 2360 2537 2565 2362 2372 1983 1877 1878 1947 2011 2022 2139 2194 2134 2136 2019 2051 1993 2289 2620 2317 2012 2024 2200 2259 2753 2140 2132 2193 2074 1827 1705 1760 1799 2126 2498 2801 3026 2977 2797 2604 2254 2437 2277 2132 2125 2213 2070 2077 2232 2320 2872 2349 2746 2829 2715 2398 2044 2169 1900 2054 1906 2194 2872 2650 2302 2559 2471 2497 2748
  1539 1476 1462 1462 1254 1301 1342 1183 1157 1134 1120 1096 1096 1157 1120 1049 1094 1147 1160 1278 1340 1485 1476 1279 1215 1218 1328 1286 1155  788 1147 1376  629 1068  791  969 1218 1279 1401 1340 1401 1277 1035 1138 1137 1166  975  841  800  791  791  848  863  913  947 1030  975  975  974  971 1035 1181 1346 1550 1705 1545 1788 2068 1658 1468 1468 1477 1585 1519 1661 2094 1671 1584 1695 2306 2148 1890 1936 1704 1706 1824 2258 2368 2071 2064 2099 2303 2437 2493 2206 2553 2538 2343 2296 2585 2272 1914 1612 2212 2028 2138 1798 2498 1950 1941 2105 2348 2108 1835 1274 2047 1736 2301 2350 2629 2505 2386 2180 2261 1888 2273 2632 2649 2708 2194 2194 1998 2011 2275 2134 1956 1828 1763 1706 1564 1377 1758 2194 2426 2977 2675 2376 2337 2138 1978 2063 1709 1765 1619 1649 1864 2254 2076 2583 2495 2483 2303 2388 2226 2118 2060 2107 2315 2432 2688 2620 2184 1974 1908 2072 2403 2275 2234 1968 1741 1724 1932 2369 2646 2433 2387 2242 2217 2528 2486 2579 2559 2305 2027 1904 1932 2016 2038 2135 2190 2237 2194 2234 2073 2255 2519 2659 2132 1929 2190 2352 2619 2580 2681 2905 2512 2217 1941 1765 1793 1862 2054 2656 2553 3135 2920 2691 2437 2371 2589 2456 2168 2330 2343 2193 2071 2107 2261 2498 2582 2632 2675 2794 2564 2498 2161 2104 1889 1591 2420 2400 2620 2194 2123 2376 2719 2792
  1584 1803 1466 1401 1295 1216 1157 1157 1158 1144 1101 1104 1191 1378 1157 1094 1029 1038 1112 1107 1201 1279 1340 1397 1297 1324 1351 1224  974  730 1219 1059  652 1224  914  922 1186 1258 1400 1293 1218 1279  991 1156 1035 1096  856  791  791  791  791  859  913  957  982 1005 1006 1035  993  974 1096 1183 1207 1393 1641 1396 1829 2071 1852 1468 1468 1523 1503 1574 1825 1668 1584 1956 2132 2404 2233 1834 2134 1646 1694 2280 2498 2390 2071 2071 2205 2266 2255 2482 2377 2331 2057 2010 2308 2091 1920 1694 2302 1887 1704 2290 2389 2376 2376 2278 1696 1958 2373 2123 2015 1357 1949 2012 2171 2195 2207 2659 2244 1920 2202 2356 2805 2620 2315 2412 1949 1944 2255 2545 2024 1937 1816 1645 1645 2047 1388 1765 2011 2456 2938 3047 2768 2321 2255 2061 1822 1872 1887 1723 1625 1726 1778 2019 2468 2715 2498 2572 2498 2260 2169 2132 2255 2254 2528 2777 2630 2113 2010 1929 1978 2470 2437 2379 2023 1828 1729 1899 2122 2565 2559 2243 2191 2140 2161 2270 2312 2491 2614 2139 1978 1950 2052 2133 2151 2194 2329 2254 2315 2133 2636 2604 2538 2155 2050 2184 2506 2715 2620 2742 2898 2608 2503 1967 1769 1800 1905 2001 2422 2371 2604 2908 3075 2666 2611 2737 2315 2284 2521 2133 2429 2330 2152 2308 2437 2390 2812 2618 2620 2559 2232 2271 2329 1828 1584 1889 2482 2123 2072 2192 2480 2691 2832
  1768 1607 1696 1400 1328 1279 1218 1216 1173 1157 1147 1219 1219 1260 1304 1210 1146 1044 1035 1034 1096 1206 1218 1279 1243 1193 1157 1210  913  794 1009  630 1093 1238  975 1218 1216 1339 1255 1286 1128 1188  974 1092 1032  985  914  791  791  791  800  935 1009  974 1005 1005 1035 1035 1035 1035 1086 1105 1394 1401 1332 1601 1889 2282 1930 1585 1468 1503 1460 1507 1679 1584 1584 2083 2291 2087 2156 1997 2011 1670 1902 2034 2418 2374 2071 2089 2227 2464 2314 2439 2179 1956 1952 1660 1597 1752 2043 1835 2452 2039 2151 2108 2057 2353 2373 2072 1950 2194 2386 2059 1950 1357 2259 2445 2339 2217 2308 2387 2081 2366 2274 2667 2559 2514 2273 2139 2002 1927 2002 2422 2057 1884 1776 1712 1706 1853 1388 1770 1932 2542 2964 3054 2742 2608 2177 1889 2154 2133 2094 1727 1718 1693 1792 1955 2293 2826 2237 2394 2529 2450 2244 2340 2193 2498 2599 2903 2412 2134 2059 1950 2214 2141 2540 2292 2195 1878 1780 1800 2098 2314 2477 2291 2140 2090 2071 2100 2193 2508 2414 2108 2042 1966 2011 2204 2260 2150 2338 2351 2479 2424 2403 3008 2303 2110 2124 2198 2505 2685 2746 2837 2742 2730 2473 2268 1938 1804 1908 1984 2387 2752 3118 3200 2799 2750 2728 2524 2607 2499 2576 2353 2548 2801 2291 2331 2149 2557 2489 2517 2559 2734 2194 2498 2307 1868 1613 1657 1832 1880 2072 2336 2571 2620 2719
  1727 2005 2075 1513 1340 1304 1218 1389 1310 1187 1199 1209 1218 1244 1463 1228 1218 1141 1079 1026 1038 1157 1218 1218 1157 1130 1157 1058  975  731  912  666 1088 1160 1009 1027 1108 1279 1214 1213 1229 1123  913  913 1031  974  987  792  852  852  917 1005 1008 1005  976 1001 1005 1005 1034 1049 1157 1229 1407 1538 1537 1707 1889 2302 2254 1639 1468 1523 1455 1462 1588 1578 1626 1926 1889 2174 1828 2250 2115 1776 1852 2364 2578 2397 2436 2132 2255 2281 2285 2457 2330 2080 1720 2130 2185 1696 2421 2257 2472 2253 1820 2115 2536 2347 2096 2255 1930 2315 2579 2170 2451 1584 1680 1813 1750 1828 2388 2335 2547 2515 2449 2170 2681 2647 2437 2032 2087 1810 2084 2087 2009 1706 1703 1707 1688 1412 1677 2049 1843 2437 3013 2976 2670 2681 2488 2074 2007 2444 2230 1855 1767 1706 1700 1874 2027 2234 2573 2678 2652 2512 2355 2133 2312 2366 2464 2774 2255 2159 2068 2037 2038 2308 2437 2801 2238 2011 1809 1753 1945 2251 2418 2264 2184 2098 2032 2071 2209 2316 2298 2133 2072 2011 2095 2141 2118 2145 2401 2625 2678 2681 2437 2429 2182 2143 2352 2374 2614 2601 2774 3047 2639 2358 2620 2132 1956 1828 2072 1990 2149 2683 3096 2962 2762 2694 2556 2685 2620 2726 2376 2481 2696 2721 2547 2261 2469 2524 2416 2395 2479 2518 2370 3098 2813 2303 1889 1832 1645 1651 1687 2498 2508 2437 2549
  1880 1894 1785 1490 1439 1384 1331 1400 1342 1319 1233 1218 1218 1218 1218 1218 1218 1283 1242 1080 1065 1135 1221 1280 1220 1096 1263 1148  945  731  670  979  669 1022  974  852  940 1067 1211 1109 1218  991  918  867  952  886  791  955  959  944  974 1005 1005 1005  974  998 1016 1085 1035 1095 1157 1210 1406 1502 1706 1585 1886 2104 2376 1982 1479 1525 1445 1484 1523 1566 1917 1927 1781 1888 1913 2315 2028 1955 2315 2182 2401 2104 2441 2042 1950 1888 1827 2374 2556 1886 1997 2491 2320 2132 2221 2486 2379 1972 2212 2429 2455 2349 2399 2376 2713 2285 2529 1831 1740 2151 2437 2292 1932 1805 1889 2437 2316 2743 2282 2432 2499 2376 2437 2366 2329 1858 1888 2078 2012 1998 1584 1523 1462 1635 2001 2381 1976 2531 2414 2857 2786 2406 2307 2011 2237 2498 2318 1913 1856 1814 1739 1728 1797 2208 2588 2506 2681 2498 2243 2148 2390 2563 2619 2660 2485 2437 2148 1994 2071 2248 2243 2707 2330 1950 1833 1762 1929 2133 2169 2376 2255 2050 2011 2133 2255 2278 2239 2253 2160 2011 2073 2133 2240 2137 2474 2722 2693 2492 2255 2181 2087 2122 2310 2676 2748 2971 2835 2742 2890 2838 2140 2370 2165 1847 1856 2051 2156 2669 3169 3051 2528 2475 2366 2811 2661 2556 2559 2541 3013 2585 2495 2437 2380 2376 2267 2326 2611 2834 2943 2840 2466 2417 2468 1989 1750 2126 2062 1823 2090 2559 2339
  1649 1523 1461 1513 1459 1436 1432 1439 1342 1340 1274 1218 1218 1218 1218 1218 1209 1219 1218 1007  912 1092 1239 1219 1256 1182 1218 1053  868  730  852  843  670  937 1047  813  801  984 1121  911 1049  835  932  820  939  785 1022 1068 1149 1055 1033 1006 1005  991  974  973  974 1035 1035 1094 1205 1279 1523 1308 1662 1767 2013 2315 2457 1907 1523 1462 1438 1464 1643 1645 1736 1648 2071 1765 2082 2211 1953 2042 2250 2319 2030 2320 2194 2348 2276 2357 2058 1750 1747 1706 1762 2501 2507 2198 2269 2399 2011 2150 2171 2439 2259 2343 2357 2478 2315 1887 1706 2023 1767 2100 2173 2742 2593 2011 2011 2394 2601 2864 2437 2701 2554 2376 2597 2194 2136 1828 1760 1950 1706 2073 1783 1462 1462 1538 1909 2072 2034 2070 2961 2860 2498 2194 2175 2251 2498 2511 2356 2041 1930 1864 1829 1766 1769 1944 2440 2307 2498 2545 2073 2082 2194 2498 2796 2712 2437 2194 2120 2141 2204 2498 2600 2681 2284 1978 1853 1780 1818 1990 2133 2241 2255 2098 2017 2127 2119 2132 2364 2278 2255 2070 2160 2210 2399 2236 2476 2742 2803 2870 2437 2250 2133 2187 2315 2465 2606 2736 2793 2803 2559 2673 2620 2250 2258 1950 1814 2072 2146 2803 3117 2964 2864 2539 2255 2526 2633 2925 2761 2803 2814 2895 2502 2398 2194 2220 2352 2510 2498 2742 2879 2660 2501 2477 2536 2186 1750 2254 2118 2204 1767 1778 1810
  1632 1544 1481 1555 1462 1590 1402 1340 1340 1514 1308 1340 1332 1278 1279 1295 1338 1204 1128  906  856  970 1096 1122 1157 1158 1133 1098  876  730  669  635  854 1065  850  791  762  791  849  851  810  791  840  791  944  791 1151 1157 1157 1112  974  974 1052 1035  974 1035 1036 1035 1035 1154 1218 1459 1462 1457 1717 1584 2022 2298 2385 1889 1621 1455 1439 1510 1705 1641 1828 2131 1899 1887 1839 1997 2125 2224 2305 2293 1791 1971 2542 2409 2071 2191 2321 2376 2096 1981 1805 2043 2376 2375 2315 2262 2383 2194 2071 2068 2090 2210 2742 2681 2281 1769 2025 2344 2173 2446 2716 2839 2632 1889 2160 2742 2255 2620 2846 2803 2742 2375 2244 2133 2036 2287 1889 1706 1582 1641 1706 1583 1483 1462 1578 1991 1809 2133 2260 3047 2601 2645 2315 2559 2525 2934 2539 2215 2020 1954 1844 1828 1828 1772 2094 2156 2376 2479 2429 2459 2359 2679 2668 2515 2345 2244 2465 2911 2138 2422 2559 2761 2431 1960 1870 1803 1795 1881 1981 2222 2194 2112 1974 2064 2071 2194 2308 2498 2295 2112 2490 2295 2434 2394 2263 2693 2457 2963 2725 2316 2160 2184 2412 2620 2683 2820 2651 2786 2732 2772 2490 2411 2199 2133 1828 1998 2078 2817 2786 2803 2666 2135 2552 2314 2431 2498 3077 2711 2768 2611 2397 2481 2194 2326 2332 2620 2742 2891 2849 2701 2393 2375 2249 2189 1860 2239 2243 2011 2066 2030 1942
  1717 1681 1730 1529 1719 1546 1584 1312 1279 1450 1358 1538 1531 1631 1373 1377 1279 1205  976  948  852  795  963 1085 1022 1035 1035  959  859  801  717  635  799 1035  740  727  698  681  834  773  825  731  834  775  850  768  956 1158 1141 1117  975  978  959  968  974 1041 1202 1035 1096 1132 1279 1460 1158 1573 1548 1673 1964 2434 2159 1917 1543 1459 1457 1706 1524 1832 2197 2097 1612 1602 1902 1829 2061 1828 2279 1987 2047 2383 2196 2196 2010 2132 2185 2255 2078 1904 2190 2048 2204 2482 2704 2543 2556 2083 2227 2260 2129 2581 2444 2096 2102 1984 2371 2664 2620 2559 2689 2397 2386 2300 2011 2193 2681 2864 2559 2411 2290 2183 2184 1818 2043 2011 1950 1584 1462 1660 1639 1706 1692 1450 1488 1625 1642 1847 2742 2427 2681 2590 2434 2946 2803 2980 2549 2376 2133 2012 1899 1878 1832 1801 1797 1887 1901 2143 2438 2832 2489 2818 2478 2582 2376 2149 2475 2732 2379 2437 2437 2243 2326 2235 1919 1819 1801 1827 2002 2130 2226 2042 1940 2006 2115 2242 2348 2376 2510 2204 2367 2352 2681 2677 2362 2435 2681 2889 2493 2263 2191 2234 2384 2559 2701 2840 2783 2739 2881 2728 2681 2502 2320 2133 1914 1878 2005 2478 3108 2771 2864 2386 2382 2323 2451 2437 2559 2757 2650 2834 2560 2414 2252 2253 2292 2346 2608 2778 2559 2559 2518 2346 2255 2185 2259 1980 2052 2093 2131 2115 2133
  1526 1645 1695 1402 1693 1507 1402 1340 1261 1340 1449 1464 1708 1850 1476 1290 1287 1279 1136  920  855  794  791  889  975  974  901  974  885  775  735  697  697  908  649  656  660  662  669  789  791  752  896  730  922  730  852  975 1157 1064  992 1035 1083  971 1004 1062 1082 1096 1094 1205 1358 1340 1227 1323 1600 1589 1988 1915 2090 1758 1617 1458 1455 1606 1706 2141 1979 1669 1409 1522 1621 1806 2167 2050 2334 1715 1952 2413 2196 2046 2010 2093 2246 2319 2017 2040 2435 2290 2341 1949 2392 2803 2503 2182 2583 2740 2332 2512 2502 2537 1950 2338 2011 2255 2559 2539 2291 2705 2376 2116 2255 2376 2976 2925 2478 2343 1949 1842 1912 1992 1706 1853 1767 1505 1772 1889 2072 1949 1820 1511 1459 1543 1575 1705 1971 2785 2383 2190 2565 2944 3039 2681 2803 2414 2205 2011 1937 1894 1874 1830 1828 1824 1868 1889 1976 2617 2397 2376 2308 2720 2437 2185 2206 2319 2438 2805 2352 2187 2429 2654 1943 1828 1820 1821 1907 1925 1977 2011 1984 2004 2065 2255 2315 2286 2483 2457 2260 2437 2462 2623 2779 2659 2661 2791 2493 2260 2298 2401 2431 2488 2681 2637 2717 2704 2376 2306 2480 2392 2363 2130 1886 1896 1887 2297 2621 2315 2478 1994 2063 2486 2589 2864 2742 2745 2620 2419 2541 2408 2223 2374 2424 2705 2475 2802 2896 2986 2433 2299 2250 2235 2194 2271 2254 2190 2173 2308 2280
  1674 1697 1688 1526 1487 1440 1340 1278 1204 1279 1400 1476 1572 1486 1684 1495 1400 1288 1162  974  913  835  791  852  853  913  887  873  854  747  726  791  789  645  669  637  648  643  662  703  672  783  852  744  913  730  730  918  845 1059 1117 1096 1048  974 1033 1165 1157 1200 1095 1201 1451 1096 1367 1325 1326 1471 1892 2193 1950 1720 1517 1462 1462 1584 2078 2026 1589 1418 1580 1835 1918 2238 2353 2010 1854 1707 2194 2190 2336 2079 2010 2093 2315 2315 2011 2256 2455 2028 2229 2441 2579 2461 2376 2431 2587 2297 2315 2554 2211 2102 2394 2647 2742 2361 2703 2620 2411 2483 2434 2351 2742 2616 2742 2606 2437 2348 1923 1974 1818 1742 1658 1593 1550 1584 1810 2280 2397 1950 1767 1581 1511 1505 1566 1637 1749 2013 2459 2653 2133 2509 2728 2759 2790 2498 2194 2072 2037 1959 1934 1901 1879 1841 1847 1886 1927 2017 2073 2120 2289 2287 2498 2309 2193 2564 2732 2672 2280 2102 2456 2189 2442 1834 1836 1827 1860 1895 2050 1916 2136 2096 2104 2112 2166 2235 2440 2402 2356 2268 2465 2531 2875 2728 2608 2647 2354 2232 2422 2387 2432 2477 2594 2620 2630 2803 2803 2681 2236 2223 2255 1907 1941 1907 1870 1892 2010 2344 2310 2529 2477 2031 2315 2559 2460 2498 2521 2319 2394 2255 2194 2357 2331 2864 2680 2597 2661 2437 2336 2277 2255 2281 2255 2233 2258 2310 2308 2433 2492
  1462 1446 1473 1529 1388 1279 1304 1226 1157 1283 1401 1476 1469 1462 1582 1837 1605 1353 1157  978  862  852  791  791  852  852  905  861  955  814  782  791  788  741  764  670  633  636  639  666  675  861  745  752  803  790  735  889 1138 1218 1064 1116 1005 1036 1023 1096 1157 1107 1112 1218 1303 1095 1308 1219 1542 1462 1864 2011 1706 1571 1666 1476 1641 1963 1772 1547 1409 1453 1849 1645 1810 2121 2224 2119 1706 1855 1978 2034 1972 1971 1949 1971 2122 1950 1949 1987 2042 1942 2210 2550 2437 2370 2289 2375 2269 2495 2423 2620 2151 2775 2096 2820 2823 2681 2355 2750 2369 2590 2498 2574 2478 2450 2559 2603 2300 2143 2549 2132 1963 1868 1687 1583 1527 1635 1826 2197 2308 2011 1760 1699 1521 1503 1537 1628 1690 1760 1950 2042 2528 2820 2674 2570 2794 2437 2491 2854 2288 2031 2013 1951 1902 1879 1863 1884 1930 1975 2456 2559 2320 2255 2864 2559 2287 2294 2590 2803 2255 2102 2261 2403 2864 1978 1864 1838 1880 2007 2120 2021 2067 2141 2010 2057 2123 2277 2238 2321 2255 2457 2519 2437 2403 2498 2515 2312 2255 2193 1997 2376 2426 2348 2376 2437 2643 2570 2742 2589 2329 2077 1999 2193 2054 1973 1919 1916 1919 2199 2571 2822 2180 2038 2023 2293 2363 2376 2437 2203 2376 2136 2240 2374 2546 2333 2803 2614 2883 2414 2321 2325 2241 2346 2379 2341 2376 2372 2524 2742 2743
  1424 1328 1340 1410 1386 1340 1294 1219 1218 1183 1318 1336 1401 1340 1555 1735 1797 1716 1331 1035  931  852  798  791  791  852  852  833  912  863  908  914  929  852  884  840  730  665  642  656  667  669  669  707  687  726  789  882 1096 1097 1030 1036 1035 1035 1062 1097 1311 1096 1133 1343 1280 1130 1096 1219 1442 1582 1827 1837 1704 1523 1468 1462 1650 1829 1474 1388 1342 1401 1582 1523 2066 1988 2198 1848 1806 1949 2090 2016 1969 2129 2253 2188 1966 1949 1949 1943 2207 2720 1973 2498 2158 2047 2114 2159 2461 2263 2376 2481 2428 2376 2463 3007 2598 2723 2376 2881 2440 2755 2610 2437 2378 2522 2407 2194 2239 2413 2084 2046 2133 1982 1742 1579 1523 1533 1876 2376 2533 2052 1888 1771 1645 1538 1551 1580 1652 1689 1767 2419 2992 2925 2543 3046 2693 2376 2828 2925 2364 2164 2115 1978 1938 1888 1888 1896 1913 1940 2255 2765 2520 2453 2864 2703 2398 2367 2559 2656 2399 2082 2080 2433 2206 1931 1882 1861 1859 1940 2008 2107 2008 2254 2249 2180 2178 2173 2295 2353 2498 2229 2403 2305 2261 2255 2237 2193 2161 2139 2194 2263 2437 2323 2302 2376 2216 2255 2559 2357 2183 2027 2246 2194 2133 2038 1956 1977 2006 2358 2376 2742 2285 2069 1999 2187 2129 2376 2213 2255 2073 2315 2323 2293 2497 2550 2452 2742 2728 2469 2402 2326 2327 2377 2467 2241 2511 2757 2727 2620 2624
  1439 1340 1218 1285 1318 1284 1218 1203 1218 1157 1119 1279 1279 1339 1444 1523 1590 1524 1442 1265  961  886  852  791  786  852  814  791  845  914  973  852  791  791  793  806  779  701  647  649  663  670  669  690  669  740  731 1070 1096 1116 1071 1072 1036 1088 1096 1174 1401 1096 1210 1340 1141 1157 1217 1334 1492 1735 1780 1584 1526 1522 1504 1463 1768 1645 1470 1453 1391 1566 1422 1790 1968 2042 1777 1670 1887 1952 2130 2255 2010 2132 2256 2179 2010 2071 2023 2071 2591 2664 2429 2010 2021 2291 2286 2316 2228 2528 2413 2672 2734 2697 2666 2607 2509 2491 2372 2471 2325 2595 2681 2324 2580 2406 2742 2376 2254 2498 2372 2153 2011 1819 1706 1569 1523 1529 2010 2008 2333 2348 2017 1765 1659 1588 1576 1573 1592 1644 1704 1934 2925 2620 2554 2620 2793 2713 2864 2705 2620 2248 2166 2376 1960 1914 1930 1918 1939 1968 2043 2620 2693 2742 2687 2746 2386 2258 2314 2572 2471 2201 2005 2239 2133 2285 2128 1874 1872 1874 2010 2133 1956 1988 2076 2207 2271 2254 2382 2576 2389 2315 2176 2093 2071 2112 2102 2141 2264 2255 2385 2266 2248 2193 2428 2253 2267 2255 2152 2137 2159 2069 2376 2290 2120 1950 2040 2010 2060 2412 2986 2682 2353 2358 1995 1995 1995 1995 2007 2066 2074 2136 2177 2260 2436 2498 2557 2925 2803 2550 2382 2410 2250 2503 2500 2501 2592 2925 2561 2437 2392
  1279 1339 1296 1217 1157 1220 1173 1157 1216 1173 1218 1138 1218 1271 1336 1463 1516 1418 1526 1230 1032  913  843  788  785  748  791  778  789  881  848  852  875  791  764  730  791  740  660  642  639  730  730  730  733  729  730  741 1046 1059 1154  968 1096 1092 1122 1260 1337 1096 1182 1419 1159 1034 1207 1247 1490 1837 1706 1622 1542 1522 1523 1526 1645 1767 1496 1218 1219 1658 1684 2148 2186 1827 1614 1701 1889 1862 2254 2307 2078 2071 2113 2035 2344 2186 2344 2123 2601 2629 2167 2021 2132 2120 2129 2256 2217 2376 2424 2620 2663 2468 2137 2625 2256 2711 2363 2656 2813 2197 2179 2549 2703 2564 2620 2563 2488 2701 2720 2381 2244 1950 1828 1603 1523 1527 1639 1828 2219 2284 2072 2001 1779 1646 1619 1588 1583 1624 1687 1770 2244 1951 2301 3108 2869 2925 2803 2648 2720 2371 2181 2133 1999 1949 1964 1949 1950 2002 2064 2303 2803 3023 2687 2551 2368 2369 2206 2238 2624 2179 2213 2089 2729 2428 2107 1983 1894 1889 1889 1974 1942 1946 1962 1979 2185 2220 2235 2238 2062 2168 2056 2043 2059 2058 2042 2221 2376 2224 2348 2304 2123 2255 2252 2133 2098 2197 2146 2194 2358 2376 2373 2150 2157 2046 2221 2024 2162 2895 3005 2796 2516 2323 1995 1995 2011 1998 2002 2000 2007 2016 2130 2195 2301 2522 2492 2527 2501 2385 2315 2328 2390 2478 2438 2503 2632 2775 2581 2559 2567
  1279 1353 1295 1340 1338 1225 1163 1096 1096 1096 1139 1036 1081 1157 1218 1284 1345 1330 1404 1280 1043  919  844  791  784  730  730  730  743  750  782  791  913  852  876  833  791  734  687  660  644  649  774  769  890  791  791  788  857 1020 1083 1040 1138 1069 1160 1418 1252 1142 1363 1486 1100  974 1217 1357 1585 1613 1523 1649 1523 1507 1702 1744 1595 1524 1354 1261 1721 2009 2035 2256 2088 1628 1614 1709 1780 1918 2233 2301 2048 2010 2010 2180 2620 2579 2486 2479 2221 2199 2242 2158 2014 2059 2132 2296 2442 2376 2549 2572 2455 2413 2169 2269 2165 2417 2474 2559 2359 2285 2315 2742 2705 2636 2559 2558 2803 2524 2234 2226 2336 2499 1900 1577 1558 1574 1706 1847 2194 2408 2170 2063 1816 1705 1705 1645 1604 1640 1688 1759 1822 2562 2469 2889 2736 2825 2874 2871 2906 2416 2146 2559 2011 1950 2039 1961 1990 2024 2105 2283 2384 2873 2835 2507 2376 2262 2199 2160 2504 2425 2167 2077 2343 2686 2356 2197 1930 1931 1946 1998 2011 2028 2176 2166 2193 2015 2029 2011 2007 1996 2008 2024 2012 2021 2070 2132 2140 2243 2133 2064 2069 2026 2036 2050 2050 2043 2041 2194 2282 2470 2133 2209 2127 2020 2241 2071 2437 2564 2781 2624 2671 2357 2006 1995 1997 1998 1998 2004 2010 2035 2056 2131 2206 2343 2438 2475 2589 2495 2437 2376 2431 2359 2416 2530 2658 2708 2471 2742 2688
  1232 1339 1406 1408 1340 1275 1157 1096 1068 1035 1048 1011 1035 1062 1157 1215 1193 1225 1289 1140 1087  933  881  839  776  748  730  731  730  730  769  811  894  852  792  852  774  728  700  667  644  670  827  791  910  974  923  972  992  952  915 1037 1157 1077 1157 1462 1412 1157 1348 1506 1127  984 1157 1461 1523 1523 1523 1584 1676 1832 1706 1514 1706 1593 1316 1521 1882 2131 2156 2235 2051 1646 1642 1705 1827 1833 2303 2319 2010 2087 2127 2254 2132 2438 2457 2559 2247 2454 2303 2090 2050 2041 2132 2214 2442 2482 2571 2425 2498 2257 2252 2221 2513 2390 2262 2093 2255 2192 2432 2586 2304 2437 2238 2596 2761 2721 2927 2498 2224 1991 1685 1615 1675 1597 1664 1888 2065 2390 2460 2321 2052 1849 1769 1744 1656 1649 1692 1756 1771 2072 2636 3047 2628 2742 2859 3133 2559 2255 2742 2666 2133 2006 2073 2068 2010 2055 2105 2202 2315 2837 2876 2709 2404 2273 2194 2147 2199 2315 2183 2239 2434 2528 2159 2042 2206 2076 2061 2009 1983 2061 2134 2292 2190 2041 1980 1994 1980 1980 1980 1989 2000 2010 2006 2006 2072 2072 2016 2016 2026 2026 2026 2026 2026 2026 2028 2065 2194 2241 2061 2194 2148 2057 2153 2063 2271 2864 2721 2464 2652 2333 2194 2001 2004 1998 1995 2013 2021 2027 2055 2071 2123 2239 2376 2447 2495 2440 2450 2376 2403 2309 2394 2549 2620 2801 2658 2836 2611
  1347 1405 1439 1465 1336 1284 1135 1118 1035 1035  974 1020  974  975 1089 1105 1099 1088 1217  974  913  984  870  852  791  768  732  730  730  770  889  861  806  851  797  791  731  709  677  667  648  791  796  852  800  873 1023 1026  974  855  855  913 1216 1116 1217 1420 1258 1163 1400 1405  977  981 1198 1580 1523 1523 1609 1336 1874 1888 1522 1400 1563 1254 1150 1610 1845 2123 2162 2089 2039 1718 1767 1711 1859 1855 2258 2133 2132 2313 2191 2374 2470 2304 2188 2133 2132 2402 2457 2315 2069 2071 2120 2498 2324 2559 2476 2295 2340 2447 2431 2315 2244 2027 2376 2498 2437 2347 2681 2803 2232 2062 2187 2424 2751 2559 2261 2483 2133 2013 1635 1767 1645 1645 1678 1815 1940 2225 2562 2316 2207 1924 1869 1766 1680 1678 1706 1755 1803 1996 2329 2607 2255 3091 2729 2520 2337 2662 3108 2546 2329 2070 2013 2153 2041 2085 2125 2189 2423 2681 3051 2752 2436 2276 2194 2156 2176 2254 2255 2169 2475 2190 2220 2417 2408 2354 2376 2194 2044 2040 2049 2133 2144 2071 2072 2002 2001 2013 2034 2011 2009 2006 2010 2019 2017 2016 2017 2025 2023 2015 2015 2015 2026 2026 2026 2026 2055 2063 2072 2368 2414 2133 2253 2228 2021 2255 2742 2397 2406 2260 2097 2005 2005 2011 2005 1998 2031 2034 2047 2082 2169 2254 2350 2365 2454 2478 2408 2319 2307 2301 2374 2498 2497 2486 2632 2575 2561
  1218 1465 1613 1411 1340 1401 1237 1118 1075 1035 1025  980  977  935  974 1026 1083 1035 1092  975  855  976  804  812  846  797  762  730  782  848  930  852  856  820  760  730  730  670  647  639  670  791  852  853  852  858  974  913  913  852  883  912 1009 1155 1218 1400 1313 1218 1337 1191  913  990 1263 1414 1533 1555 1730 1500 2072 1704 1319 1340 1160 1112 1339 1708 1845 2186 2275 2073 1915 1821 1767 1646 1889 1888 2080 2204 2130 2498 2388 2385 2247 2084 2243 2309 2145 2348 2531 2337 2134 2071 2049 2064 2470 2308 2205 2158 2071 2487 2429 2537 2300 2239 2395 2419 2427 2511 2315 2425 2174 1949 2167 2554 2450 2618 2690 2391 1879 1587 2194 2067 1771 1727 1706 1828 1975 2205 2391 2736 2471 2116 2068 1896 1707 1696 1729 1778 1828 1886 2072 2315 2391 3230 2918 2803 2644 2606 2854 2682 2620 2241 2059 2193 2071 2097 2132 2195 2304 2540 2824 2813 2542 2300 2230 2192 2140 2128 2133 2165 2461 2298 2518 2255 2437 2620 2603 2295 2182 2116 2067 2059 2059 2194 2097 2047 2058 2061 2068 2072 2062 2012 2012 2045 2038 2026 2026 2026 2026 2026 2015 2024 2026 2015 2015 2015 2026 2053 2201 2322 2290 2315 2434 2217 1971 1971 2279 2255 2194 2233 2071 2025 2007 2022 2026 2016 2026 2052 2056 2071 2120 2163 2239 2395 2456 2376 2325 2315 2311 2310 2390 2437 2483 2497 2498 2423 2516
  1227 1584 1677 1588 1494 1525 1279 1215 1125 1068 1035  974  915  908  913  979 1035 1024 1049  854  852  827  852  791  793  791  781  724  730  791  882  855  891  823  745  731  685  650  639  659  692  789  848  791  852  791  731  783  789  816  826  916 1157 1044 1163 1292 1098 1272 1446  983  913 1088 1226 1583 1611 1881 1355 1696 1831 1738 1107 1096  974 1299 1517 1628 2009 2080 2343 1906 1671 1617 1462 2118 2085 2085 2289 2135 2253 2313 2581 2377 2249 1865 2461 2195 2235 2335 2478 2349 2141 2071 2011 2010 2037 2307 2167 2279 2080 2376 2255 2653 2546 2210 2116 2173 2559 2547 2174 2427 2451 2112 1966 2371 2620 2681 2940 2400 1824 1643 1958 2203 1920 1822 1828 1762 2039 2268 2546 2592 2355 2277 2340 2112 1782 1763 1743 1770 1840 1909 2041 2084 2386 2792 2765 2742 2855 2789 2672 3028 2754 2401 2208 2109 2130 2087 2133 2199 2312 2495 2937 2651 2559 2320 2255 2193 2182 2159 2266 2346 2323 2237 2631 2717 2572 2885 2696 2376 2194 2103 2072 2167 2071 2063 2068 2129 2144 2157 2173 2203 2133 2188 2061 2065 2070 2077 2054 2269 2283 2122 2108 2026 2026 2026 2015 2017 2026 2043 2121 2222 2151 2504 2469 2011 1971 1971 1980 2046 2159 2412 2314 2075 2030 2020 2036 2037 2023 2041 2074 2099 2194 2315 2376 2462 2495 2415 2281 2255 2541 2469 2437 2432 2500 2468 2468 2368 2346
  1484 1402 1523 1518 1624 1385 1312 1218 1218 1062 1053  975  941  913  913  913  941  913  971  931  901  951  831  842  773  799  806  724  700  773  852  798  850  792  749  688  657  648  639  663  738  791  731  791  730  730  735  791  871  874  852  917  915 1035 1123 1183 1036 1401 1127  971  913 1036 1402 1613 1827 1888 1155 1651 1752 1650 1149  974 1190 1157 1458 1593 2052 2268 2288 1931 1989 1927 1604 1890 2148 1913 2185 1964 2004 2190 2189 2278 2336 1906 2317 2513 1950 2184 2680 2465 2071 2208 2026 1980 2000 2255 2010 2063 2046 1950 2342 2255 2437 2201 2255 2619 2498 2368 2376 2569 2344 2082 1940 2503 2316 2777 2699 2133 1706 1645 2011 2254 2127 2032 1931 1767 1901 2437 2617 2613 2925 2575 2261 2085 1898 1821 1807 1799 1804 1841 2082 2560 2456 2300 2381 2728 2525 2669 2415 2720 3047 2646 2244 2132 2194 2137 2118 2194 2368 2647 2730 2996 2599 2481 2283 2376 2417 2200 2224 2454 2437 2598 2443 2478 2925 2777 2498 2190 2194 2240 2133 2137 2193 2229 2186 2059 2071 2206 2291 2452 2244 2194 2194 2315 2205 2360 2315 2356 2566 2624 2327 2260 2027 2164 2015 2026 2026 2194 2133 2070 2130 2236 2159 2035 1971 1971 1979 2049 2336 2376 2334 2244 2195 2052 2055 2056 2026 2041 2058 2085 2320 2428 2544 2540 2272 2282 2544 2415 2496 2525 2498 2511 2501 2468 2376 2376 2346
  1535 1617 1593 1523 1401 1341 1279 1177 1096 1096 1092 1035  974  865  986 1002 1035  927  969  915  913  809  782  775  742  781  751  743  697  700  699  701  672  710  667  665  651  640  639  669  669  738  727  726  730  791  731  796  913  913  974  791  909 1015  950 1219 1096 1459 1154  973  913 1157 1244 1566 1595 1857  974 1644 1954 1884 1044  974 1247 1294 1497 1753 1681 2071 2265 2160 1997 1734 1706 2158 2024 1742 1882 2051 2217 2337 2285 1878 2159 1758 2557 2557 1815 2206 2629 2224 2254 2024 1982 1959 2010 2008 2134 2231 2143 2011 2173 2133 2263 2209 2620 2376 2559 2376 1977 2194 2247 2194 2192 2736 2437 2899 2437 1759 1727 2144 1888 2232 2766 2098 2034 1981 1888 2209 2844 2620 2729 3001 2458 2135 1990 1909 1892 1828 1862 1871 2000 2366 2742 2803 2662 2582 2559 2382 2477 2735 2918 3013 2328 2222 2274 2266 2194 2236 2374 2593 2698 2990 2809 2422 2330 2519 2315 2315 2374 2376 2437 2402 2803 2620 2567 2525 2461 2520 2317 2301 2194 2188 2228 2163 2099 2055 2020 2126 2244 2432 2395 2498 2417 2527 2559 2499 2315 2437 2701 2908 2701 2315 2214 2705 2819 2164 2117 2196 2315 2218 2300 2249 2066 2093 2194 2060 1979 1980 2133 2304 2468 2292 2144 2082 2137 2061 2071 2194 2160 2315 2194 2187 2133 2105 2136 2219 2207 2325 2429 2469 2536 2529 2526 2512 2453 2331 2351
  1628 1767 1705 1727 1562 1392 1239 1215 1157 1270 1206 1036  925  881  913 1020 1035 1034  913  913  730  725  734  738  730  733  700  697  680  701  697  699  662  664  659  656  648  643  639  670  669  670  729  791  791  740  791  730  790  792  757  791  791  905 1120 1286 1156 1522 1150  972 1011 1180 1263 1456 1401 1653 1126 1515 1767 1612 1042 1042 1258 1436 1466 1402 1801 1760 1731 2176 1842 1410 1949 1994 1710 1827 2086 2255 2376 2151 2013 2066 1657 1984 2120 1654 2322 2358 2387 2679 2212 2200 2150 1949 1949 1988 1954 1929 1898 2255 2187 2246 2505 1828 1974 2345 2124 2133 2342 2195 1970 2048 2099 2559 2167 2803 2059 1828 1889 1889 2158 2290 2705 1986 1960 1907 1888 2115 2498 2733 2917 2962 2376 2175 2070 1963 1924 1883 1876 1950 1930 2332 2620 3047 2832 2742 2351 2255 2498 2713 2767 2933 2560 2176 2142 2190 2169 2187 2288 2539 2901 2969 2791 2867 2518 2658 2671 2559 2437 2223 2159 2194 2559 2376 2434 2819 2740 2624 2456 2315 2315 2354 2254 2216 2255 2085 2006 2045 2235 2446 2305 2526 2239 2567 2610 2620 2437 2254 2582 2559 2498 2315 2376 2469 2647 2766 2837 2254 2574 2488 2716 2844 2727 2437 2288 2011 1980 1968 1977 2274 2353 2182 2086 2179 2297 2233 2194 2219 2258 2444 2437 2133 2270 2194 2193 2255 2235 2366 2351 2437 2547 2535 2439 2376 2387 2376 2376
  1520 1590 1652 1580 1751 1584 1418 1280 1279 1214 1273 1101  947  852  913  913  912  934  850  796  904  727  708  698  717  700  689  683  725  791  747  730  730  705  709  677  656  658  671  692  675  670  657  730  716  729  746  756  731  791  791  791  810 1019 1094 1545 1340 1274 1098  881 1096 1215 1239 1446 1340 1479  967 1155 1023 1003  974  974 1097 1183 1511 1688 1677 1730 1610 2247 1696 1395 1708 1942 1618 1859 2273 2013 2171 1659 1845 2127 1610 1992 1784 1793 2062 2141 2571 2600 2414 2791 2198 2130 1991 1949 1950 2181 2072 2143 2310 2569 2575 2575 2072 1952 2041 1767 1767 2105 2189 1810 2052 2223 2255 2437 1889 1828 1999 2229 2132 2199 2335 2194 1913 1896 1949 2050 2276 2903 3230 3049 2681 2834 2156 2023 1950 1922 1935 1949 1899 1924 2072 2383 2590 2905 2521 2281 2376 2437 2739 3098 2577 2224 2075 2113 2166 2133 2195 2326 2632 2553 2742 2759 2688 2568 2742 2425 2681 2293 2151 2101 2150 2452 2164 2255 2559 2503 2454 2483 2498 2345 2433 2361 2257 2077 2011 2044 2072 2226 2299 2144 2185 2504 2559 2401 2200 2130 2194 2313 2412 2322 2437 2419 2437 2302 2395 2363 2328 2380 2433 2559 2803 2749 2414 2055 1965 1956 1956 2088 2312 2147 2109 2295 2376 2369 2255 2402 2317 2446 2410 2376 2322 2200 2264 2319 2325 2312 2315 2486 2525 2516 2418 2414 2405 2365 2356
  1270 1234 1422 1269 1757 1614 1462 1405 1279 1185 1321 1192  919  852  791  791  796  802  793  782  913  848  773  720  697  691  685  702  791  791  792  791  731  764  787  689  648  656  667  696  696  681  665  663  721  792  790  794  793  852  852  909  852  931 1155 1303 1524 1279  977  852 1115 1400 1328 1461 1313  923 1330 1710 1279 1547  974 1003 1311 1279 1421 1414 1729 1464 1529 2098 1657 1412 1829 1340 1642 2132 2140 1749 1959 1462 1625 1772 1681 1568 1470 1597 1523 1763 2478 2315 2501 2423 2145 2210 2072 1963 2051 2262 2320 2437 2511 2681 2604 2265 2068 2397 2592 1858 2133 1940 1886 1870 1995 2498 1706 1645 1654 1828 2177 2240 2177 2143 2194 2276 2248 1947 1976 2063 2184 2800 2620 2670 2316 2194 2226 2167 2011 1992 2000 2072 1997 1977 2021 2178 2386 2614 2944 2498 2093 2265 2376 2681 2590 2213 2101 2063 2201 2139 2126 2194 2357 2681 2730 2673 2832 2668 2871 2714 2559 2243 2183 2072 2005 2133 2368 2305 2292 2311 2166 2425 2498 2620 2386 2470 2336 2072 2006 1998 2010 2022 2168 2181 2095 2129 2212 2446 2163 2202 2166 2120 2180 2281 2224 2255 2264 2255 2226 2319 2162 2206 2437 2540 2617 2490 2332 2087 1966 1956 1956 1984 2103 2203 2284 2266 2255 2465 2382 2498 2499 2432 2394 2326 2290 2243 2288 2259 2255 2255 2255 2314 2529 2476 2454 2441 2401 2398 2409
  1342 1101 1112 1094 1176 1585 1241 1523 1393 1148 1340 1088  915  852  787  767  776  789  745  782  852  853  791  766  763  704  734  756  794  872  904  852  852  791  749  672  647  664  731  725  720  700  686  669  669  730  796  791  816  810  839  952  831  921 1111 1607 1484 1070 1012  960 1035 1162 1289 1401 1271  852 1425 1645 1465 1844 1052  974 1058 1340 1398 1180 1187 1200 1875 1968 1368 1705 1337 1524 1702 1856 1688 1665 1667 1342 1578 1667 1457 2113 2123 2525 1870 1812 1732 2004 2558 2725 2869 2724 2139 2137 2014 2342 2605 2525 2699 2722 2683 2102 2565 2740 2078 2138 2234 2272 2170 2101 2072 2344 2366 1861 1889 1796 2223 2042 1988 2162 2255 2376 2255 2199 2010 2075 2177 2383 3226 2720 2945 2352 2519 2514 2194 2038 2052 2126 2072 2276 2088 2146 2258 2250 2855 2498 2147 2232 2559 3032 2864 2513 2111 2073 2055 2068 2064 2114 2224 2569 2803 2970 2849 2900 3073 2681 2505 2437 2198 2116 2076 2016 2072 2132 2280 2214 2153 2498 2408 2443 2604 2546 2350 2088 2096 1950 1956 2072 2183 2145 2275 2075 2022 2174 2222 2039 2007 2016 2159 2220 2063 2241 2192 2011 2050 2065 2072 2222 2257 2255 2438 2255 2166 2011 1965 1956 1956 1967 2297 2367 2390 2376 2376 2439 2501 2568 2511 2473 2399 2330 2212 2194 2249 2315 2315 2318 2255 2477 2561 2512 2486 2466 2508 2454 2520
  1183  961  944 1035  980 1001 1166 1326 1219 1071 1280 1084  883  811  765  852  791  852  791  911  791  852  791  768  791  791  787  791  895  852  900  849  791  761  702  667  651  669  730  730  778  726  700  712  669  694  727  738  791  852  855  852  852  913 1168 1570 1111  943  791  908 1038 1170 1271  997  852 1524 1643 1766 1607 1781 1133 1168 1035  974 1238 1002 1372 1289 1247 1597 1157 1357 1218 1340 1663 1639 1442 1340 1645 1550 1695 1833 1859 1922 2225 2604 1838 2307 1615 1753 2337 2594 3002 2690 2328 2194 2010 2010 2443 2908 2664 2488 2498 2135 2616 2864 2012 2187 2444 2399 2286 2369 2315 2315 2378 2112 2253 1761 2064 2115 2149 2228 2620 2315 2394 2173 2194 2127 2272 2365 3029 2754 2478 2279 2559 2681 2255 2105 2093 2308 2396 2461 2278 2011 2009 2110 2059 2194 2018 2011 2620 2803 2787 2255 2193 2133 2094 2064 2042 2070 2096 2190 2768 2470 2742 3047 3019 3049 2819 2718 2581 2236 2194 1947 2013 2187 2194 2039 2230 2133 2559 2348 2571 2387 2226 2194 1969 1888 1904 2076 2408 2399 2456 2393 2073 2004 2133 1980 1983 2005 1997 2097 2002 2001 1992 1995 1991 2002 2038 2053 2098 2108 2083 2066 1982 1956 1956 1956 1956 2072 2132 2170 2376 2461 2347 2435 2498 2590 2546 2524 2376 2331 2239 2208 2235 2389 2437 2393 2315 2437 2504 2561 2519 2529 2541 2620 2622
   974  972 1021  874  943  927  891 1093 1173 1137 1209 1005  910  777  852  852  896  865  974  939  809  791  791  809  798  839  871  912  913  853  791  824  761  731  688  656  665  702  730  730  791  759  730  700  696  689  709  726  791  791  791  913  914  896 1030 1069 1048  852  791  933 1157 1067 1031  876 1303 1337 1505 1767 1842 1508 1208 1254 1391 1315 1328 1761 1645 2007 1826 1654 1633 1515 1582 1350 1612 1418 1495 1667 2023 1881 1653 2179 2322 2283 2410 2469 2059 1995 2116 2629 1968 2973 2819 2491 2342 2194 2156 2011 2376 2589 2567 2437 2311 2497 2849 2559 2437 2498 2696 2472 2620 2398 2332 2094 2437 2498 2039 1821 2072 1997 2193 2144 2368 2437 2683 2498 2114 2437 2358 2209 2723 2907 2629 2498 2350 2559 2437 2166 2130 2241 2495 2697 2573 2065 1964 1957 1957 1952 1959 2008 2361 2681 3079 2742 2333 2196 2148 2110 2068 2037 2070 2165 2399 2701 2673 2489 2710 2773 2621 2509 2489 2232 2037 1939 1922 2192 2133 2052 2080 2103 2199 2355 2501 2466 2418 2255 2070 1818 2035 2072 2112 2194 2266 2254 2075 1990 1952 1949 1952 1948 1967 1980 2009 2008 1982 1965 1968 1984 1986 1993 2003 1993 1982 1979 1965 1960 1966 1965 1966 1991 2199 2245 2230 2487 2498 2529 2542 2628 2543 2478 2452 2437 2284 2208 2383 2376 2497 2423 2439 2514 2498 2559 2524 2574 2559 2576 2475
  1035 1095 1157 1157 1156 1038 1157  852  854  923  973  791  838  956  866  852  916  974 1013  949  810  791  791  839  892  912  852  823  819  829  791  766  738  714  672  642  671  711  733  780  852  791  778  739  731  700  700  712  725  730  791  792  791  852  889  987  883  791  791 1156 1358 1160 1124  884  982 1234 1568 2013 1951 1639 1441 1350 1677 1641 1534 1852 2175 1949 2133 2133 1692 1832 1862 1946 1788 1719 1896 2023 2118 2213 1848 1645 2248 1830 2133 2369 2235 1706 2239 2071 2480 2332 2668 2783 2519 2056 2166 2072 2315 2620 2776 2502 2254 2755 2925 2872 2735 2956 2827 2554 2315 2194 2194 1968 2173 2498 1999 1828 2011 1889 1973 2010 2315 2437 2396 2559 2559 2437 2058 2112 2569 2905 2600 2978 2494 2362 2265 2194 2171 2216 2341 2549 2622 2192 2045 1950 1938 1927 1939 1948 2072 2651 3088 2600 2338 2305 2191 2171 2133 2062 2057 2102 2217 2234 2424 2509 2612 2628 2651 2576 2738 2283 2228 2194 1991 2193 2072 2011 2061 2002 2011 2202 2219 2337 2408 2177 2145 2011 2011 2072 1950 1994 2071 2162 2168 2063 1951 1939 1936 1944 1955 1965 1965 1965 1958 1942 1939 1934 1945 1968 1971 1965 1949 1919 1934 1919 1946 1949 1980 1980 2136 2274 2316 2315 2476 2529 2568 2652 2599 2463 2421 2471 2245 2370 2460 2537 2549 2437 2604 2616 2567 2511 2549 2561 2549 2461 2372
  1229 1144 1160 1357 1268 1423 1346 1088  852  991 1034  911  974  917  852  928 1035 1098 1115  991  851  852  845 1051  960  913  944  860  824  759  753  730  723  695  667  652  691  730  781  791  866  848  820  791  797  700  700  700  715  745  759  776  771  818  764  761  862  961  791  818 1125 1280  852  904 1027 1112 1614 1978 1716 1522 1523 1612 1451 1558 1520 1528 1818 1974 2082 1893 1919 1871 1877 1949 1822 1950 2141 1950 2317 2071 2432 2306 2127 2521 2544 2011 2133 2284 1706 2634 2422 2720 2835 2414 2437 2205 2114 2071 2072 2473 2620 2315 2254 2539 2925 3047 2953 2986 2438 2255 2575 2382 1988 1889 1828 1867 1773 2072 2184 2132 2009 2194 2253 2437 2340 2498 2497 2498 1999 1996 2152 2255 2834 3474 3059 2407 2280 2269 2202 2199 2253 2348 2741 2663 2255 1988 1957 1916 1911 1949 2030 2549 2835 3099 2519 2458 2324 2242 2133 2087 2026 2084 2146 2489 2849 2899 2498 2423 2559 2688 2420 2512 2143 2133 1904 1935 2020 1970 1958 1950 1918 1957 2015 2087 2084 2137 1943 1914 1901 1870 1949 1881 1939 2041 2067 2022 1938 1931 1931 1939 1963 1976 1988 1994 1975 1959 1964 1934 1928 1927 1938 1928 1919 1926 1919 1919 1928 1950 1959 1983 2008 2067 2292 2377 2473 2498 2578 2692 2552 2437 2494 2437 2250 2406 2473 2498 2614 2616 2632 2657 2618 2505 2410 2563 2554 2467 2389
  1314 1413 1286 1283 1460 1575 1512 1510 1279 1074 1030  913 1020  913  915  974 1094 1189 1096  962  893  905  868 1093 1067  974  974  913  854  731  717  709  700  684  669  673  701  738  791  824  838  791  791  785  791  791  714  706  700  700  733  734  736  735  787  933  860  887  816  820 1061  902  869  900 1190 1322 1515 1935 1649 1401 1340 1340 1522 1405 1401 1579 1863 2113 2325 2201 1910 1747 1647 1743 1767 1789 1872 2123 2482 2446 2397 2399 2375 2121 2188 1963 2193 2630 2277 2807 2581 2862 2527 2633 2874 2438 2150 2071 2133 2361 2447 2442 2559 2742 2621 3333 2986 2640 2697 2559 2438 2094 1915 2331 2147 1984 2128 1974 2414 2388 2133 2170 2323 2315 2254 2528 2513 2008 1957 1963 2078 2194 2857 3264 2565 2473 2301 2620 2266 2289 2267 2340 2498 2693 2328 2045 2012 1952 1898 1889 1940 2157 2575 3108 2876 2515 2666 2265 2221 2108 2008 2022 2138 2313 2925 2695 2465 2419 2146 2194 2212 2411 2125 2011 2132 1928 1944 1934 1890 1828 1864 1821 1796 1793 1870 1935 1837 1845 1780 1795 1831 1836 1862 1896 1945 1934 1934 1918 1927 1947 1965 1995 2011 2011 2006 1980 1977 1954 1921 1919 1919 1950 1997 1932 1904 1919 1919 1934 1949 1962 2011 2103 2297 2371 2529 2545 2554 2562 2566 2454 2509 2483 2254 2254 2376 2616 2559 2560 2569 2559 2559 2498 2376 2408 2462 2470 2406
  1391 1401 1461 1465 1401 1522 1532 1281 1205 1095  987  974 1150 1037 1097 1037 1100 1279 1158 1031  947  913  974 1043 1157  994  987  913  831  730  700  700  696  674  669  680  699  734  787  852  852  792  789  761  783  791  823  732  729  722  723  727  735  775 1034 1051  986 1157 1096 1041 1059 1021  855 1237 1282 1765 1917 1948 1807 1323 1279 1340 1371 1399 1500 1794 2023 1998 2249 2430 1914 1645 1614 1602 1706 1854 1890 1859 1752 1967 2203 2256 2170 2014 2002 2084 2301 2742 2312 2010 2925 2582 2511 2790 2579 2376 2224 2071 2075 2214 2254 2572 2620 2721 2803 3047 2981 2874 2813 2318 2196 1915 2462 2342 2343 2269 2338 1934 2053 2461 2317 2193 2356 2556 2501 2482 2270 1959 1904 1932 2033 2251 2539 2742 3177 2592 2328 2704 2433 2674 2437 2482 2198 2173 2130 2090 2027 1965 1931 1871 1903 1951 2200 2721 2799 2990 2498 2654 2170 2073 2010 2010 2084 2238 2467 2763 2583 2194 2174 2034 2072 2174 2212 2044 2072 2011 1882 1863 1767 1773 1775 1740 1716 1706 1703 1749 1752 1717 1769 1794 1827 1842 1866 1913 1934 1934 1914 1911 1936 1954 1982 2006 2042 2043 2043 2032 2133 2070 1940 1940 2010 1961 1904 1904 1904 1919 1919 1934 1949 1968 2010 2122 2318 2376 2561 2574 2578 2577 2631 2588 2554 2491 2437 2355 2376 2437 2559 2436 2559 2559 2545 2437 2355 2385 2381 2355 2355
  1400 1461 1522 1585 1619 1600 1529 1499 1288 1123 1023 1067 1177 1209 1217 1146 1346 1279 1157 1096  974  980  983 1084 1112 1097 1003  855  808  700  752  700  697  671  669  669  688  700  744  789  852  791  791  761  763  770  791  791  791  729  724  727  730  911 1035 1035 1088 1299 1442 1190 1284  913  982 1148 1401 1574 1609 1793 1567 1340 1279 1287 1300 1349 1655 1734 1621 2026 2242 1987 1894 1645 1645 1809 1758 1797 1721 1717 1644 2118 2453 2441 2333 1995 2012 2330 2485 2608 2626 2302 2312 2893 2835 3024 2432 2427 2193 2194 2108 2258 2366 2369 2681 2559 2913 3162 2925 2630 2630 2498 2216 2248 2376 2675 2803 2315 2437 2272 2170 2304 2580 2682 2559 2408 2615 2422 2142 1948 1906 1910 2004 2153 2654 3384 2994 2620 2400 2620 2498 2742 2597 2379 2272 2252 2236 2148 2019 1973 1916 1876 1835 1927 2048 2376 2867 2788 2636 2757 2366 2118 1981 2081 2075 2185 2498 2712 2559 2297 2124 1950 1952 1919 2084 2013 1881 1997 1897 1822 1771 1703 1703 1690 1660 1663 1681 1670 1671 1725 1767 1769 1822 1840 1884 1919 1934 1935 1904 1915 1934 1956 1998 2020 2067 2056 2066 2103 2191 2256 2315 2081 1889 1881 1881 1874 1889 1904 1919 1934 1934 2133 2216 2287 2331 2395 2524 2550 2559 2602 2614 2612 2607 2563 2442 2336 2437 2554 2615 2559 2603 2549 2507 2355 2355 2355 2363 2355 2355
  1435 1462 1522 1523 1700 1540 1523 1420 1176 1035 1053 1096 1279 1157 1298 1279 1452 1299 1157 1096  974 1121  992  974 1035 1006  980  994  759  700  730  712  718  683  687  670  670  700  713  752  762  758  764  757  761  761  789  791  826  852  859  852  913  973  949  923 1090 1266 1366 1300 1236 1235 1255 1167 1108 1455 1340 1581 1510 1378 1399 1279 1340 1503 1523 1464 1976 1886 1816 1735 1880 1696 1741 1860 1826 1767 1752 1584 1767 2193 2476 2160 1963 1842 2067 1949 2097 2743 2794 2618 2319 2308 2595 2827 2747 2429 2164 2087 2107 2248 2376 2591 2586 2955 3123 3108 3169 2956 2637 2559 2010 2433 2864 2986 2925 2377 2519 2075 2181 2505 2365 2522 2620 2315 2181 2471 2029 1963 1913 1904 1962 2089 2911 3352 2960 2796 2480 3126 2786 2927 2479 2305 2513 2207 2174 2209 2011 1949 1916 1870 1838 1887 1950 2498 2679 2963 2643 2947 2328 2133 1995 1929 2048 2184 2444 2783 2413 2186 2349 1962 1889 1849 1889 2013 1852 1861 1885 1786 1734 1689 1651 1629 1632 1644 1652 1645 1677 1699 1711 1756 1770 1814 1863 1938 1946 1930 1898 1904 1924 1949 1980 2014 2041 2041 2101 2189 2195 2315 2350 1978 1889 1863 1879 1889 1904 1908 1933 1919 2072 2255 2285 2332 2349 2414 2416 2529 2555 2593 2599 2609 2607 2559 2417 2497 2522 2505 2376 2510 2532 2495 2440 2369 2355 2355 2391 2370 2372
  1441 1461 1462 1521 1400 1341 1358 1217 1217 1218 1277 1283 1340 1157 1340 1455 1454 1358 1280 1146 1035 1035 1035 1077 1023  852  913  913  798  800  852  740  680  678  689  694  680  700  700  712  725  729  754  761  760  761  782  791  794  843  885  891  913  868  880  970 1096 1227 1279 1269 1401 1279 1061 1276 1523 1773 1502 1809 1671 1629 1340 1279 1475 1520 1346 1525 1564 1459 1562 2003 2226 1645 1627 1882 1646 1589 1620 1827 1655 1924 1875 2096 1707 1882 2112 2491 2698 2455 2721 2515 2596 2556 2660 2737 2376 2418 2190 2099 2110 2160 2732 2454 2794 2838 2898 3017 2813 2794 2360 2295 2012 2251 2579 3075 2621 2427 2133 2437 2130 2273 2722 2680 2864 2312 2256 2105 2034 1977 1950 1912 1904 1947 3144 3209 2977 3085 2600 3230 3082 2582 2459 2574 2440 2315 2135 2079 2015 2086 1991 1878 1829 1800 1942 2165 2974 2976 2942 3047 2379 2197 2011 1919 1919 2126 2533 3020 2681 2352 2036 2080 1832 1787 1843 1854 1821 1777 1881 1756 1669 1647 1618 1615 1616 1614 1633 1636 1661 1686 1698 1714 1747 1784 1828 1873 1915 1934 1904 1914 1929 1949 1950 1974 1993 2063 2082 2127 2102 2102 2034 1934 1902 1876 1876 1883 1883 1904 1913 1923 1969 2219 2300 2317 2373 2376 2377 2455 2561 2562 2578 2596 2590 2553 2497 2437 2440 2437 2376 2373 2459 2467 2437 2380 2355 2372 2383 2383 2358
  1447 1431 1401 1462 1418 1281 1279 1165 1400 1395 1344 1401 1320 1280 1400 1503 1435 1403 1279 1286 1035 1094 1181 1145  879  851  758  730  825  920  844  669  709  730  731  714  731  700  700  700  711  722  730  730  753  759  758  761  791  825  842  852  850  899  913  974  974 1084 1096 1157 1324 1436 1096 1276 1451 1701 1886 1703 1577 1516 1276 1461 1493 1406 1347 1458 1340 1584 1768 1943 1880 1857 1619 1652 1721 1460 1424 1462 1692 1784 2063 2026 2038 1900 2245 2293 2351 2689 2427 2733 2785 2700 2805 2888 2516 2503 2144 2121 2122 2248 2585 2743 2767 2779 2605 2496 2533 2225 2623 2231 2536 2498 2717 2515 2315 2461 2760 2178 2559 2330 2644 2558 2665 2386 2554 2133 2068 2001 1953 1920 1904 1968 2267 2991 3068 3088 3047 3132 2887 2536 2783 2884 2406 2285 2133 2073 2009 2243 2431 1879 1826 1790 1950 2173 2632 2523 3276 2995 2292 2161 2011 1951 1849 2441 2354 2945 2826 2239 2054 2020 1871 1767 1720 1760 1793 1721 1645 1649 1614 1601 1602 1591 1592 1588 1611 1604 1657 1660 1672 1702 1749 1770 1806 1832 1847 1883 1889 1907 1948 1950 1941 1927 1935 1980 2001 2069 2096 2102 2011 1932 1900 1857 1876 1883 1886 1888 1904 1950 1949 2070 2138 2315 2345 2368 2376 2417 2498 2559 2567 2572 2583 2554 2559 2397 2373 2375 2438 2373 2419 2437 2437 2409 2437 2398 2397 2422 2388
  1462 1401 1355 1340 1219 1332 1337 1298 1456 1401 1357 1340 1300 1391 1552 1551 1340 1370 1340 1147 1063 1219 1279 1224  974  799  758  912  950  973  730  669  687  696  699  700  733  730  700  700  700  714  728  735  746  761  749  760  775  791  790  829  852  913  874  912  921 1035 1124 1074 1340 1401 1542 1366 1877 1706 1549 1610 1401 1259 1393 1584 1367 1261 1279 1327 1462 1560 1706 1885 1662 1858 1662 1765 1506 1581 1863 1925 1888 1708 2332 2363 2437 2307 2164 1950 2346 2667 2185 2586 2634 2423 2787 2900 2500 2790 2256 2137 2159 2202 2963 2624 2525 2541 2600 2751 2772 2910 2530 2078 2789 3040 3056 2633 2746 2436 2574 2347 2727 2543 2520 2742 2586 2255 2440 2011 1999 1965 1987 1927 1904 1904 2121 2478 2492 3277 3352 2892 2655 3059 2635 2925 2582 2437 2157 2103 2053 2216 2498 2072 1785 1761 1924 2073 2453 2864 3089 2763 2255 2144 2011 1938 1884 1925 2202 2590 2742 2156 1956 1816 1824 1741 1702 1767 1645 1643 1601 1559 1552 1572 1571 1564 1584 1575 1591 1587 1627 1636 1651 1681 1710 1751 1767 1778 1818 1841 1861 1877 1889 1906 1900 1889 1858 1892 1944 1991 2027 2084 2011 1948 1888 1850 1874 1903 1919 1889 1872 1893 1950 2041 2164 2185 2327 2371 2376 2313 2498 2540 2559 2517 2544 2529 2622 2483 2498 2439 2498 2504 2388 2407 2407 2434 2431 2504 2437 2620 2433
  1415 1401 1447 1400 1401 1218 1400 1398 1401 1400 1396 1399 1316 1340 1600 1462 1401 1393 1243 1096 1156 1340 1011 1050  974  780 1059 1035 1035  912  759  678  689  672  681  724  731  730  730  711  709  717  730  729  737  748  742  757  769  791  791  815  852  852  852  853  909  972 1034 1037 1165 1395 1645 1526 1705 1589 1473 1279 1338 1189 1767 1461 1200 1278 1218 1356 1523 1731 1599 1847 1766 1817 1709 1348 1683 1828 2010 2064 2101 1669 1955 2405 2031 1771 2543 1878 2551 2619 2182 2640 2488 2145 2661 2868 2653 2473 2165 2260 2187 2242 2642 2576 2465 2695 2971 3101 3043 2343 2628 2581 2305 2826 2883 2842 2867 2657 2441 2790 2870 2702 2509 2533 2310 2194 2070 2007 2035 2044 2027 2132 1917 1897 1893 2031 2267 2542 3069 3411 3474 3053 2803 2986 2447 2376 2134 2109 2344 2347 2110 2273 1818 1783 1892 2000 2108 2912 2992 2907 2395 2311 2134 1892 1838 1825 1960 2443 2376 2653 2101 1800 1712 1685 1641 1697 1645 1558 1523 1519 1534 1544 1551 1548 1550 1562 1577 1575 1599 1611 1636 1664 1698 1710 1750 1746 1760 1804 1823 1827 1826 1858 1851 1834 1812 1776 1787 1950 1893 1972 2061 1931 1919 1851 1861 1904 1934 1892 1846 1848 2006 2149 2253 2193 2322 2346 2319 2391 2450 2498 2490 2498 2374 2508 2594 2589 2455 2589 2563 2486 2374 2381 2405 2446 2446 2439 2508 2725 2528
  1377 1423 1460 1401 1367 1393 1347 1356 1387 1455 1404 1400 1393 1452 1462 1322 1296 1218 1224 1030 1016  956  913 1055 1148  809 1216 1096 1085  882  792  730  731  718  673  691  730  730  734  730  724  721  730  721  730  730  730  739  760  760  760  780  785  791  824  831  909  852  913  977 1202 1484 1620 1603 1991 1946 1526 1297 1102 1589 1331 1204 1464 1484 1340 1480 1511 1829 1669 1462 1387 1706 1645 1445 1505 1782 1780 2031 1781 1489 1797 2254 1713 1763 2135 1760 2023 1991 2415 2485 2303 2415 2560 2682 2193 2193 2376 2255 2207 2294 2254 2438 2742 2758 2558 2386 2258 2821 2920 3049 2254 2705 2959 2912 2942 2916 2846 2654 2725 2788 2464 2324 2465 2071 2179 2133 2376 2164 2302 2035 1917 1888 1878 1950 2082 2206 2437 2681 2717 3052 3404 2925 2693 2255 2306 2243 2712 2315 1938 1994 1792 1735 1880 1943 2205 2740 2966 2800 2620 2507 2376 1902 1816 1783 1860 1937 2102 2664 2067 1760 1665 1624 1596 1616 1532 1489 1500 1503 1510 1523 1525 1524 1526 1532 1543 1561 1574 1584 1619 1645 1677 1691 1699 1718 1744 1767 1789 1807 1798 1803 1801 1792 1775 1743 1721 1703 1765 1902 1950 1995 1889 1889 1831 1882 1891 1871 1853 1832 1953 2144 2202 2171 2133 2315 2254 2173 2417 2405 2393 2243 2314 2559 2669 2685 2658 2647 2595 2559 2370 2370 2441 2497 2359 2405 2425 2613 2473
  1419 1462 1455 1387 1340 1340 1340 1340 1366 1400 1425 1423 1399 1361 1339 1340 1272 1054  952  959  974 1098  814  852 1108 1280 1276 1117 1105  902  793  730  732  729  730  680  700  745  756  763  732  725  729  719  728  730  730  730  758  757  758  760  772  776  783  801  829  905  912  913 1119 1337 1523 1828 1645 1770 1280 1181 1096 1434 1145 1310 1584 1634 1529 1597 1780 1888 1788 1820 1522 1218 1533 1411 1569 1462 1742 1551 1697 1397 1401 1421 1759 1743 2070 1614 1905 2419 2612 2302 2073 2616 2634 2430 2601 2671 2375 2436 2255 2294 2391 2702 2447 2439 2824 2994 2320 3205 2855 2957 2653 3162 2899 2484 2520 2579 2444 2421 2348 2386 2346 2281 2315 2226 2205 2230 2763 2515 2397 2052 1941 1877 1873 1883 2000 2073 2084 2788 2932 3267 3245 2823 2438 2376 2498 2283 2388 2296 1984 1864 1786 1720 1783 1874 2006 2575 3108 2752 2407 2243 1999 1923 1807 1751 1752 1795 1916 2194 2159 1756 1609 1564 1565 1534 1503 1483 1486 1493 1502 1514 1518 1510 1512 1518 1525 1543 1554 1578 1605 1628 1657 1668 1689 1701 1721 1742 1765 1771 1766 1780 1764 1737 1749 1729 1704 1690 1754 1740 1876 1949 1896 1858 1828 1844 1839 1845 1833 1795 1942 2023 2075 2127 2101 2077 2120 2049 2190 2232 2207 2521 2624 2650 2689 2725 2696 2677 2621 2520 2374 2470 2592 2837 2437 2315 2358 2514 2410
  1463 1521 1462 1425 1391 1372 1290 1318 1299 1342 1282 1450 1334 1294 1250 1219 1158 1045  913  974  852  835  974 1213 1368 1222 1324 1096  929  852  791  791  733  731  724  672  681  791  792  768  761  759  740  730  734  738  732  754  756  755  755  758  760  761  769  791  798  838  972  973 1032 1226 1461 1530 1735 1861 1438 1327 1234 1150 1274 1157 1521 1402 1766 1796 2071 1848 1756 1739 1384 1766 1528 1230 1517 1468 1557 1279 1581 1463 1663 1511 1550 1821 1523 2049 1888 2049 2349 1811 2516 2659 2529 2711 2745 2319 2814 2448 2686 2448 2539 2548 2354 2346 2889 2906 2558 3005 2996 3104 3032 3275 2601 2552 2512 2553 2715 2788 2406 2397 2197 2233 2467 2640 2371 2636 2872 2714 2500 2203 2053 1935 1892 1877 1849 1971 2010 2166 3201 2713 3035 2790 2570 2132 2624 2470 2606 2403 2318 1996 1741 1686 1712 1773 1955 2437 2670 2599 2478 2498 2178 1870 1799 1713 1711 1729 1889 1830 1950 1764 1564 1527 1517 1509 1493 1476 1479 1486 1515 1538 1559 1522 1503 1507 1518 1526 1546 1560 1582 1601 1634 1664 1678 1688 1699 1721 1737 1735 1742 1739 1731 1721 1705 1697 1694 1675 1706 1753 1766 1903 1949 1889 1858 1860 1791 1812 1805 1785 1907 2100 2120 2080 2072 2011 1977 1971 1968 2006 2420 2555 2620 2614 2642 2687 2693 2608 2579 2437 2475 2681 2925 2681 2559 2270 2304 2382 2392
  1536 1604 1470 1413 1390 1340 1307 1297 1218 1339 1276 1157 1265 1194 1157 1218 1218  997 1151 1137  907  830  939 1117 1400 1340 1342 1130  910  843  843  731  735  731  708  700  688  705  787  816  761  774  766  752  747  741  741  752  755  756  760  761  769  773  791  791  791  791  847  976 1068 1128 1424 1578 1822 1490 1449 1453 1280 1096 1197 1277 1330 1687 1740 2141 1888 1628 1523 1419 1453 1162 1217 1583 1599 1572 1490 1795 1562 1956 1978 2162 1977 2126 2125 1584 1645 1743 1723 2419 2860 2312 2623 2240 2800 2593 2873 2255 2378 2316 2669 2501 2341 2211 2804 3274 2757 3166 3014 2392 2551 3090 2843 3116 3040 2561 3218 2795 2520 2566 2174 2141 2494 2519 2451 2437 2936 2442 2635 2440 2125 2067 2110 1965 1965 1846 1884 1986 2082 2412 3161 3230 2507 2071 2277 2681 2742 2471 2433 1857 1706 1671 1665 1660 1753 1980 2137 3047 2862 2742 2149 1894 1753 1704 1677 1673 1730 1649 1593 1670 1513 1498 1493 1485 1478 1475 1475 1487 1537 1575 1569 1538 1507 1494 1505 1512 1525 1544 1558 1593 1631 1649 1661 1676 1689 1701 1710 1706 1695 1706 1706 1704 1683 1676 1667 1660 1706 1724 1741 1820 1889 1876 1891 1889 1867 1778 1797 1803 1828 2007 2025 2027 2027 1950 1952 1950 1964 2239 2448 2403 2191 2316 2609 2623 2605 2575 2525 2483 2437 2547 2709 2680 2376 2373 2330 2376 2686
  1449 1706 1558 1485 1433 1340 1325 1303 1336 1391 1341 1280 1157 1160 1218 1435 1090 1072 1138 1223  852  810 1031 1191 1462 1401 1218  946  863  800  839  771  852  747  731  701  711  700  700  723  764  780  777  791  756  748  750  751  754  757  761  765  777  784  800  802  795  803  804  880  974 1111 1279 1589 1653 1276 1205 1053 1037 1211 1364 1513 1480 1774 1876 1881 1769 1509 1415 1501 1261 1157 1561 1827 1970 1598 1662 2003 1802 2269 2613 2559 2160 2491 2061 1942 2009 1935 2716 2451 2229 2010 2481 2630 2262 2443 2493 2726 2731 2398 2864 2488 2507 2193 2382 3165 3169 2964 2772 2286 2376 2581 2863 2998 2552 3068 2744 2729 2215 2193 2573 2136 2132 2199 2210 2336 2375 2315 2488 2631 2476 2498 2324 2044 2248 2138 1925 1855 1950 2008 2488 2718 2666 2011 2453 2504 2677 2614 2690 2124 1700 1645 1638 1642 1717 1788 1917 2358 2576 2832 2308 1922 1763 1677 1652 1638 1624 1571 1531 1511 1490 1489 1479 1473 1473 1470 1475 1491 1509 1513 1522 1518 1522 1492 1490 1492 1521 1528 1557 1590 1618 1641 1649 1660 1672 1693 1692 1666 1656 1645 1658 1679 1654 1644 1645 1645 1645 1694 1706 1736 1742 1781 1828 1826 1828 1774 1763 1849 1828 1872 1946 1980 1896 1974 1974 1968 1961 2039 2288 2179 2180 2385 2508 2483 2527 2463 2422 2255 2376 2426 2586 2602 2245 2263 2377 2553 2864

