GRIB FILE 1: GRID 255        IDATE 13032612    FHOUR   06    VDATE 13032618           1478 GRIB MESSAGES
GRIB FILE 2: GRID 255        IDATE 13032612    FHOUR   06    VDATE 13032618           1480 GRIB MESSAGES
VERIFICATION GRID 255     (  954 X  835 )      796590 POINTS
    PARM LTYPE LEVEL     REC#  VPTS#         MIN         MAX REC#  VPTS#         MIN         MAX  VPTS#  NDIF#  IDIF#      MAXDIF
       2   102     0        1 796590  9.6445E+04  1.0458E+05    1 796590  9.6500E+04  1.0442E+05 796590 796590 763393  1.1102E+03
       1   109     1        2 796590  6.4084E+04  1.0388E+05    2 796590  6.4077E+04  1.0388E+05 796590 796590 425301  3.0730E+02
     153   109     1        3 796590  0.0000E+00  4.4500E-04    3 796590  0.0000E+00  5.0100E-04 796590  12170 718384 -5.0100E-04
      58   109     1        4 796590  0.0000E+00  1.1500E-05    4 796590  0.0000E+00  5.5400E-06 796590  66850 494510  8.4000E-06
     170   109     1        5 796590  0.0000E+00  4.1300E-04    5 796590  0.0000E+00  4.2600E-04 796590 152560 517197 -3.8800E-04
     171   109     1        6 796590  0.0000E+00  8.0600E-04    6 796590  0.0000E+00  6.6900E-04 796590  95243 565888  7.9500E-04
      71   109     1        7 796590  0.0000E+00  1.0000E+02    7 796590  0.0000E+00  1.0000E+02 796590 173182  11308  1.0000E+02
     135   109     1        8 796590  1.7927E-22  9.0300E-04    8 796590  1.2816E-22  6.7300E-04 796590 767349 565888  7.7100E-04
     131   109     1        9 796590  0.0000E+00  1.0000E+00    9 796590  0.0000E+00  1.0000E+00 796590 101065   1309  1.0000E+00
     132   109     1       10 796590  0.0000E+00  1.0000E+00   10 796590  0.0000E+00  1.0000E+00 796590  41683 255344  1.0000E+00
     133   109     1       11 796590  1.0000E+00  4.5300E+01   11 796590  1.0000E+00  4.5300E+01 796590  17156 131228  4.4300E+01
       7   109     1       12 796590 -5.3666E+01  3.8744E+03   12 796590 -5.3610E+01  3.8744E+03 796590 796590 788220 -1.2129E+00
      11   109     1       13 796590  2.2998E+02  3.1048E+02   13 796590  2.2944E+02  3.1025E+02 796590 796590 787267 -1.8518E+01
      51   109     1       14 796590  6.4759E-05  2.1165E-02   14 796590  6.0104E-05  2.0960E-02 796590 796590 252757  4.3047E-03
      33   109     1       15 795755 -2.1000E+01  2.3531E+01   15 795755 -1.9428E+01  2.2509E+01 795755 795755 422437 -1.2759E+01
      34   109     1       16 795755 -2.2864E+01  2.6683E+01   16 795755 -2.2123E+01  2.6471E+01 795755 795755 424348 -1.8894E+01
      39   109     1       17 796590 -3.7645E+00  4.2042E+00   17 796590 -3.6864E+00  3.5949E+00 796590 796590 491649 -2.3282E+00
      40   109     1       18 796590 -3.2367E-01  4.2633E-01   18 796590 -3.1826E-01  4.3174E-01 796590 796590 491649  2.1333E-01
     158   109     1       19 796590  2.0000E-02  2.2720E+01   19 796590  2.0000E-02  2.3420E+01 796590 469805  97912  5.3000E+00
     251   109     1       20 796590 -2.1222E-03  5.4777E-04   20 796590 -2.1787E-03  5.0126E-04 796590 796590 763270 -1.8535E-03
     241   109     1       21 796590 -1.8547E-03  4.5529E-04   21 796590 -1.6493E-03  4.6071E-04 796590 796590  79770 -1.4554E-03
     242   109     1       22 796590  0.0000E+00  0.0000E+00   22 796590  0.0000E+00  0.0000E+00 796590      0      0  0.0000E+00
       1   109     2       23 796590  6.3893E+04  1.0339E+05   23 796590  6.3886E+04  1.0339E+05 796590 796590 424346  3.0722E+02
     153   109     2       24 796590  0.0000E+00  4.8300E-04   24 796590  0.0000E+00  5.1300E-04 796590  18160 465618 -5.1200E-04
      58   109     2       25 796590  0.0000E+00  1.1700E-05   25 796590  0.0000E+00  5.6100E-06 796590  73182 303826  1.1100E-05
     170   109     2       26 796590  0.0000E+00  4.1600E-04   26 796590  0.0000E+00  4.2900E-04 796590 153901 517197 -3.9200E-04
     171   109     2       27 796590  0.0000E+00  9.7800E-04   27 796590  0.0000E+00  6.7200E-04 796590  98966 565888  9.7800E-04
      71   109     2       28 796590  0.0000E+00  1.0000E+02   28 796590  0.0000E+00  1.0000E+02 796590 174839  10354  1.0000E+02
     135   109     2       29 796590 -6.9136E-11  9.8900E-04   29 796590  9.9447E-23  6.7700E-04 796590 796590 565888  9.0000E-04
     131   109     2       30 796590  0.0000E+00  1.0000E+00   30 796590  0.0000E+00  1.0000E+00 796590 107035   1308  1.0000E+00
     132   109     2       31 796590  0.0000E+00  1.0000E+00   31 796590  0.0000E+00  1.0000E+00 796590  41458 254388  1.0000E+00
     133   109     2       32 796590  1.0000E+00  4.5300E+01   32 796590  1.0000E+00  4.5300E+01 796590  18079 131228  4.4300E+01
       7   109     2       33 796590 -1.2837E+01  3.8993E+03   33 796590 -1.2652E+01  3.8992E+03 796590 796590 787267 -3.1223E+00
      11   109     2       34 796590  2.3452E+02  3.0959E+02   34 796590  2.3443E+02  3.0943E+02 796590 796590 772967 -1.4405E+01
      51   109     2       35 796590  1.1460E-04  2.1015E-02   35 796590  1.0717E-04  2.0807E-02 796590 796590 160717 -4.8926E-03
      33   109     2       36 795755 -2.3373E+01  2.6049E+01   36 795755 -2.1527E+01  2.4909E+01 795755 795754 422437 -1.3518E+01
      34   109     2       37 795755 -2.5235E+01  2.9499E+01   37 795755 -2.4415E+01  2.9288E+01 795755 795755 425304 -2.0782E+01
      39   109     2       38 796590 -3.9393E+00  4.3107E+00   38 796590 -4.1316E+00  4.3684E+00 796590 796590 491649 -2.8076E+00
      40   109     2       39 796590 -3.9510E-01  4.4865E-01   39 796590 -3.9063E-01  4.5312E-01 796590 796590 491649  2.4553E-01
     158   109     2       40 796590  1.8334E-02  1.7718E+01   40 796590  1.8157E-02  1.8318E+01 796590 796590 507481  6.2002E+00
     251   109     2       41 796590 -1.2127E-03  3.4732E-04   41 796590 -1.2181E-03  3.4194E-04 796590 796590 763266  1.1354E-03
     241   109     2       42 796590 -1.1574E-03  8.8259E-04   42 796590 -1.1482E-03  1.0918E-03 796590 796590  78818 -8.4923E-04
     242   109     2       43 796590  0.0000E+00  0.0000E+00   43 796590  0.0000E+00  0.0000E+00 796590      0      0  0.0000E+00
       1   109     3       44 796590  6.3702E+04  1.0290E+05   44 796590  6.3694E+04  1.0289E+05 796590 796590 355220  3.0718E+02
     153   109     3       45 796590  0.0000E+00  5.2800E-04   45 796590  0.0000E+00  5.7700E-04 796590  27625 465618 -5.4200E-04
      58   109     3       46 796590  0.0000E+00  1.1700E-05   46 796590  0.0000E+00  5.6300E-06 796590  80119 304781  1.1500E-05
     170   109     3       47 796590  0.0000E+00  4.1800E-04   47 796590  0.0000E+00  4.3100E-04 796590 155280 517197 -3.9600E-04
     171   109     3       48 796590  0.0000E+00  1.0100E-03   48 796590  0.0000E+00  6.7500E-04 796590  97968 565888  9.6600E-04
      71   109     3       49 796590  0.0000E+00  1.0000E+02   49 796590  0.0000E+00  1.0000E+02 796590 175392   8446  1.0000E+02
     135   109     3       50 796590 -8.7240E-11  1.0200E-03   50 796590  6.2833E-23  6.7900E-04 796590 796590 565888  8.9600E-04
     131   109     3       51 796590  0.0000E+00  1.0000E+00   51 796590  0.0000E+00  1.0000E+00 796590 113610   1304  1.0000E+00
     132   109     3       52 796590  0.0000E+00  1.0000E+00   52 796590  0.0000E+00  1.0000E+00 796590  42066 254388  1.0000E+00
     133   109     3       53 796590  1.0000E+00  4.5300E+01   53 796590  1.0000E+00  4.5300E+01 796590  19052 131228  4.4300E+01
       7   109     3       54 796590  2.8553E+01  3.9242E+03   54 796590  2.8867E+01  3.9242E+03 796590 796590 773920 -4.5328E+00
      11   109     3       55 796590  2.3766E+02  3.0898E+02   55 796590  2.3700E+02  3.0882E+02 796590 796590 773920 -1.2275E+01
      51   109     3       56 796590  1.1084E-04  2.1011E-02   56 796590  1.0210E-04  2.0802E-02 796590 796590 200756  4.8087E-03
      33   109     3       57 795755 -2.4717E+01  2.7346E+01   57 795755 -2.2698E+01  2.6177E+01 795755 795755 422437 -1.3910E+01
      34   109     3       58 795755 -2.6858E+01  3.0861E+01   58 795755 -2.5883E+01  3.0633E+01 795755 795755 425303 -2.1524E+01
      39   109     3       59 796590 -4.1831E+00  4.8169E+00   59 796590 -4.5027E+00  4.8411E+00 796590 796590 491649 -3.0241E+00
      40   109     3       60 796590 -4.5275E-01  4.5350E-01   60 796590 -4.4172E-01  4.6453E-01 796590 796590 491649  2.3898E-01
     158   109     3       61 796590  1.1866E-02  1.5412E+01   61 796590  1.4944E-02  1.5915E+01 796590 796590 586814  8.7969E+00
     241   109     3       62 796590 -1.1554E-03  1.1146E-03   62 796590 -9.6128E-04  1.5487E-03 796590 796590  78818 -1.0241E-03
     242   109     3       63 796590  0.0000E+00  0.0000E+00   63 796590  0.0000E+00  0.0000E+00 796590      0      0  0.0000E+00
       1   109     4       64 796590  6.3507E+04  1.0241E+05   64 796590  6.3500E+04  1.0240E+05 796590 796590 352357  3.0712E+02
     153   109     4       65 796590  0.0000E+00  6.8900E-04   65 796590  0.0000E+00  5.9000E-04 796590  38579 267428  6.6500E-04
      58   109     4       66 796590  0.0000E+00  1.1800E-05   66 796590  0.0000E+00  5.6400E-06 796590  88994 303828  1.1800E-05
     170   109     4       67 796590  0.0000E+00  4.1700E-04   67 796590  0.0000E+00  4.3300E-04 796590 156533 517197 -3.9900E-04
     171   109     4       68 796590  0.0000E+00  1.0300E-03   68 796590  0.0000E+00  6.7400E-04 796590  99377 565888  8.7700E-04
      71   109     4       69 796590  0.0000E+00  1.0000E+02   69 796590  0.0000E+00  1.0000E+02 796590 176722   7492  1.0000E+02
     135   109     4       70 796590  4.2231E-23  1.0400E-03   70 796590  3.4706E-23  6.7800E-04 796590 793750 565888  8.3300E-04
     131   109     4       71 796590  0.0000E+00  1.0000E+00   71 796590  0.0000E+00  1.0000E+00 796590 119693   1297  1.0000E+00
     132   109     4       72 796590  0.0000E+00  1.0000E+00   72 796590  0.0000E+00  1.0000E+00 796590  45106 254386  1.0000E+00
     133   109     4       73 796590  1.0000E+00  4.5300E+01   73 796590  1.0000E+00  4.5300E+01 796590  20197 131228  4.4300E+01
       7   109     4       74 796590  7.0820E+01  3.9497E+03   74 796590  7.1247E+01  3.9497E+03 796590 796590 773920 -5.8650E+00
      11   109     4       75 796590  2.3949E+02  3.0842E+02   75 796590  2.3879E+02  3.0829E+02 796590 796590 774873 -8.4248E+00
      51   109     4       76 796590  1.1555E-04  2.1016E-02   76 796590  8.4032E-05  2.0884E-02 796590 796590 203616  6.4315E-03
      33   109     4       77 795755 -2.5767E+01  2.8171E+01   77 795755 -2.3649E+01  2.7023E+01 795755 795755 422437 -1.4151E+01
      34   109     4       78 795755 -2.7803E+01  3.1698E+01   78 795755 -2.6810E+01  3.1471E+01 795755 795755 424348 -2.1342E+01
      39   109     4       79 796590 -4.3854E+00  5.1458E+00   79 796590 -4.7283E+00  5.1467E+00 796590 796590 491649 -3.2821E+00
      40   109     4       80 796590 -4.8712E-01  4.8163E-01   80 796590 -4.7647E-01  4.6103E-01 796590 796590 491649  2.7061E-01
     158   109     4       81 796590  1.1432E-02  1.3811E+01   81 796590  1.3571E-02  1.4314E+01 796590 796590 586814  1.0798E+01
     241   109     4       82 796590 -9.0101E-04  1.2890E-03   82 796590 -8.0232E-04  1.7277E-03 796590 796590  99053 -9.7870E-04
     242   109     4       83 796590  0.0000E+00  0.0000E+00   83 796590  0.0000E+00  0.0000E+00 796590      0      0  0.0000E+00
       1   109     5       84 796590  6.3308E+04  1.0191E+05   84 796590  6.3301E+04  1.0190E+05 796590 796590 424346  3.0708E+02
     153   109     5       85 796590  0.0000E+00  7.6900E-04   85 796590  0.0000E+00  7.2200E-04 796590  63941 262686  6.0600E-04
      58   109     5       86 796590  0.0000E+00  1.1800E-05   86 796590  0.0000E+00  5.6600E-06 796590  95970 313346  1.0500E-05
     170   109     5       87 796590  0.0000E+00  4.2000E-04   87 796590  0.0000E+00  4.3500E-04 796590 156322 517197 -4.0200E-04
     171   109     5       88 796590  0.0000E+00  1.0400E-03   88 796590  0.0000E+00  6.7200E-04 796590 101218 565888  7.6200E-04
      71   109     5       89 796590  0.0000E+00  1.0000E+02   89 796590  0.0000E+00  1.0000E+02 796590 186652   5576  1.0000E+02
     135   109     5       90 796590  5.0930E-23  1.0400E-03   90 796590 -3.7417E-11  7.4900E-04 796590 796586 560166  7.3000E-04
     131   109     5       91 796590  0.0000E+00  1.0000E+00   91 796590  0.0000E+00  1.0000E+00 796590 134269   1296  1.0000E+00
     132   109     5       92 796590  0.0000E+00  1.0000E+00   92 796590  0.0000E+00  1.0000E+00 796590  48263 253432  1.0000E+00
     133   109     5       93 796590  1.0000E+00  4.5300E+01   93 796590  1.0000E+00  4.5300E+01 796590  21119 131228  4.4300E+01
       7   109     5       94 796590  1.1421E+02  3.9757E+03   94 796590  1.1475E+02  3.9756E+03 796590 796590 773920 -6.6323E+00
      11   109     5       95 796590  2.4148E+02  3.0792E+02   95 796590  2.4052E+02  3.0777E+02 796590 796590 424347 -7.8503E+00
      51   109     5       96 796590  1.2283E-04  2.1023E-02   96 796590  5.5935E-05  2.0856E-02 796590 796590 202662  5.7669E-03
      33   109     5       97 795755 -2.6727E+01  2.8804E+01   97 795755 -2.4535E+01  2.7654E+01 795755 795755 423392 -1.4735E+01
      34   109     5       98 795755 -2.8612E+01  3.2294E+01   98 795755 -2.7584E+01  3.2072E+01 795755 795755 518906  2.1792E+01
      39   109     5       99 796590 -4.6011E+00  5.4302E+00   99 796590 -4.9840E+00  5.4223E+00 796590 796590 491649 -3.5233E+00
      40   109     5      100 796590 -5.1391E-01  4.5484E-01  100 796590 -4.9867E-01  4.7008E-01 796590 796590 491649  2.9725E-01
     158   109     5      101 796590  1.6039E-02  1.5016E+01  101 796590  9.0406E-03  1.3109E+01 796590 796590 586814  1.2607E+01
     241   109     5      102 796590 -9.1089E-04  1.5091E-03  102 796590 -7.2562E-04  1.6944E-03 796590 796590  99053 -1.0353E-03
     242   109     5      103 796590  0.0000E+00  0.0000E+00  103 796590  0.0000E+00  0.0000E+00 796590      0      0  0.0000E+00
       1   109     6      104 796590  6.3106E+04  1.0131E+05  104 796590  6.3099E+04  1.0130E+05 796590 796590 423391  3.0701E+02
     153   109     6      105 796590  0.0000E+00  8.3800E-04  105 796590  0.0000E+00  8.0800E-04 796590  90288 267426  7.7800E-04
      58   109     6      106 796590  0.0000E+00  1.1800E-05  106 796590  0.0000E+00  5.6600E-06 796590 101424 305734  1.1100E-05
     170   109     6      107 796590  0.0000E+00  4.2400E-04  107 796590  0.0000E+00  4.3700E-04 796590 154820 517197 -4.0100E-04
     171   109     6      108 796590  0.0000E+00  1.0500E-03  108 796590  0.0000E+00  6.6900E-04 796590 103335 560166  7.2600E-04
      71   109     6      109 796590  0.0000E+00  1.0000E+02  109 796590  0.0000E+00  1.0000E+02 796590 203948   5576  1.0000E+02
     135   109     6      110 796590 -7.7421E-11  1.0500E-03  110 796590  3.3302E-23  8.3500E-04 796590 796590 267426  7.8600E-04
     131   109     6      111 796590  0.0000E+00  1.0000E+00  111 796590  0.0000E+00  1.0000E+00 796590 135005   1295  1.0000E+00
     132   109     6      112 796590  0.0000E+00  1.0000E+00  112 796590  0.0000E+00  1.0000E+00 796590  53140 253432  1.0000E+00
     133   109     6      113 796590  1.0000E+00  4.5300E+01  113 796590  1.0000E+00  4.5300E+01 796590  22417 131228  4.4300E+01
       7   109     6      114 796590  1.5876E+02  4.0022E+03  114 796590  1.5937E+02  4.0022E+03 796590 796590 773920 -7.0834E+00
      11   109     6      115 796590  2.4184E+02  3.0734E+02  115 796590  2.4066E+02  3.0723E+02 796590 796590 424346 -7.3896E+00
      51   109     6      116 796590  1.2856E-04  2.0929E-02  116 796590  4.9043E-05  2.0749E-02 796590 796590 106348 -7.4205E-03
      33   109     6      117 795755 -2.7600E+01  2.9321E+01  117 795755 -2.5374E+01  2.8143E+01 795755 795754 423392 -1.4912E+01
      34   109     6      118 795755 -2.9300E+01  3.2747E+01  118 795755 -2.8257E+01  3.2525E+01 795755 795755 518906  2.2482E+01
      39   109     6      119 796590 -4.7400E+00  5.6350E+00  119 796590 -5.1318E+00  5.5869E+00 796590 796590 491649 -3.7019E+00
      40   109     6      120 796590 -5.3458E-01  4.6542E-01  120 796590 -5.1796E-01  4.8204E-01 796590 796590 491649  2.9589E-01
     158   109     6      121 796590 -4.0377E-02  1.6760E+01  121 796590 -8.8460E-05  1.2100E+01 796590 796590 586814  1.4460E+01
     241   109     6      122 796590 -1.0177E-03  1.6323E-03  122 796590 -6.7142E-04  1.7686E-03 796590 796590  98100 -1.0463E-03
     242   109     6      123 796590 -5.2219E-04  2.4281E-04  123 796590 -4.8863E-04  2.0137E-04 796590 796590 120753  4.3394E-04
       1   109     7      124 796590  6.2899E+04  1.0080E+05  124 796590  6.2892E+04  1.0079E+05 796590 796590 467257  3.0694E+02
     153   109     7      125 796590  0.0000E+00  8.9400E-04  125 796590  0.0000E+00  8.9400E-04 796590  93081 101672  7.3900E-04
      58   109     7      126 796590  0.0000E+00  1.1900E-05  126 796590  0.0000E+00  5.6600E-06 796590 104501 302875  1.1900E-05
     170   109     7      127 796590  0.0000E+00  4.2500E-04  127 796590  0.0000E+00  4.3500E-04 796590 150323 517197 -4.1300E-04
     171   109     7      128 796590  0.0000E+00  1.0500E-03  128 796590  0.0000E+00  6.6400E-04 796590 105119 563980  7.4300E-04
      71   109     7      129 796590  0.0000E+00  1.0000E+02  129 796590  0.0000E+00  1.0000E+02 796590 250874   6530  1.0000E+02
     135   109     7      130 796590 -2.4102E-11  1.0600E-03  130 796590  3.4542E-23  9.2000E-04 796590 796588 563980  7.3900E-04
     131   109     7      131 796590  0.0000E+00  1.0000E+00  131 796590  0.0000E+00  1.0000E+00 796590 134346   1295  1.0000E+00
     132   109     7      132 796590  0.0000E+00  1.0000E+00  132 796590  0.0000E+00  1.0000E+00 796590  57614 251512 -1.0000E+00
     133   109     7      133 796590  1.0000E+00  4.5300E+01  133 796590  1.0000E+00  4.5300E+01 796590  24064 131228  4.4300E+01
       7   109     7      134 796590  2.0443E+02  4.0294E+03  134 796590  2.0512E+02  4.0294E+03 796590 796590 773920 -7.3733E+00
      11   109     7      135 796590  2.4221E+02  3.0684E+02  135 796590  2.4079E+02  3.0673E+02 796590 796590 523169 -7.3278E+00
      51   109     7      136 796590  1.3250E-04  2.0733E-02  136 796590  5.0702E-05  2.0951E-02 796590 796590 101578 -7.5182E-03
      33   109     7      137 795755 -2.8418E+01  2.9660E+01  137 795755 -2.6178E+01  2.8509E+01 795755 795755 423392 -1.4897E+01
      34   109     7      138 795755 -2.9940E+01  3.3107E+01  138 795755 -2.8875E+01  3.2875E+01 795755 795755 518906  2.2979E+01
      39   109     7      139 796590 -5.0644E+00  5.8731E+00  139 796590 -5.3030E+00  5.7282E+00 796590 796590 491649 -3.8551E+00
      40   109     7      140 796590 -5.4835E-01  4.5165E-01  140 796590 -5.3014E-01  5.0111E-01 796590 796590 491649  3.2553E-01
     158   109     7      141 796590 -2.0373E-02  2.1180E+01  141 796590 -3.1668E-02  1.1668E+01 796590 796590 586814  1.8911E+01
     241   109     7      142 796590 -9.9819E-04  1.6818E-03  142 796590 -6.6234E-04  1.7477E-03 796590 796590  98100 -1.0458E-03
     242   109     7      143 796590 -5.7925E-04  3.5825E-04  143 796590 -5.1704E-04  3.9046E-04 796590 796590 123614  4.9779E-04
       1   109     8      144 796590  6.2687E+04  1.0029E+05  144 796590  6.2681E+04  1.0028E+05 796590 796590 467257  3.0689E+02
     153   109     8      145 796590  0.0000E+00  9.0500E-04  145 796590  0.0000E+00  9.7100E-04 796590 103367 272203  7.6400E-04
      58   109     8      146 796590  0.0000E+00  1.1900E-05  146 796590  0.0000E+00  5.6800E-06 796590 105398 305732  1.1200E-05
     170   109     8      147 796590  0.0000E+00  4.2700E-04  147 796590  0.0000E+00  4.4300E-04 796590 146100 517197 -4.0900E-04
     171   109     8      148 796590  0.0000E+00  1.0600E-03  148 796590  0.0000E+00  6.5900E-04 796590 106308 563980  7.4600E-04
      71   109     8      149 796590  0.0000E+00  1.0000E+02  149 796590  0.0000E+00  1.0000E+02 796590 266831   1763  1.0000E+02
     135   109     8      150 796590 -2.1012E-10  1.0700E-03  150 796590  3.6190E-23  9.9600E-04 796590 796590 272203  7.7000E-04
     131   109     8      151 796590  0.0000E+00  1.0000E+00  151 796590  0.0000E+00  1.0000E+00 796590 131906   1189 -1.0000E+00
     132   109     8      152 796590  0.0000E+00  1.0000E+00  152 796590  0.0000E+00  1.0000E+00 796590  60568 251512 -1.0000E+00
     133   109     8      153 796590  1.0000E+00  4.5300E+01  153 796590  1.0000E+00  4.5300E+01 796590  24851 131229 -4.4300E+01
       7   109     8      154 796590  2.5127E+02  4.0572E+03  154 796590  2.5203E+02  4.0572E+03 796590 796590 424347 -8.0060E+00
      11   109     8      155 796590  2.4228E+02  3.0634E+02  155 796590  2.4085E+02  3.0623E+02 796590 796590 523169 -7.3827E+00
      51   109     8      156 796590  1.3473E-04  2.0535E-02  156 796590  6.6754E-05  2.0867E-02 796590 796590  92987 -7.8320E-03
      33   109     8      157 795755 -2.9195E+01  3.0087E+01  157 795755 -2.6918E+01  2.8942E+01 795755 795755 422436 -1.4534E+01
      34   109     8      158 795755 -3.0511E+01  3.3395E+01  158 795755 -2.9428E+01  3.3182E+01 795755 795755 518906  2.3307E+01
      39   109     8      159 796590 -5.2974E+00  6.2963E+00  159 796590 -5.4687E+00  5.8125E+00 796590 796590 491649 -4.0474E+00
      40   109     8      160 796590 -5.6572E-01  4.6553E-01  160 796590 -5.4313E-01  4.8812E-01 796590 796590 491649  3.5241E-01
     158   109     8      161 796590 -8.2442E-02  2.2018E+01  161 796590 -2.9214E-02  1.2271E+01 796590 796590 586814  1.9847E+01
     241   109     8      162 796590 -7.9135E-04  1.7587E-03  162 796590 -6.1551E-04  1.6845E-03 796590 796590  72376 -1.0358E-03
     242   109     8      163 796590 -1.2824E-03  3.6763E-04  163 796590 -1.1576E-03  4.6741E-04 796590 796590 482120  8.2522E-04
       1   109     9      164 796590  6.2470E+04  9.9670E+04  164 796590  6.2463E+04  9.9663E+04 796590 796590 353313  3.0681E+02
     153   109     9      165 796590  0.0000E+00  9.4500E-04  165 796590  0.0000E+00  1.0100E-03 796590 111176  99771  7.7000E-04
      58   109     9      166 796590  0.0000E+00  1.1700E-05  166 796590  0.0000E+00  5.6900E-06 796590 104876 313346  1.0700E-05
     170   109     9      167 796590  0.0000E+00  4.2800E-04  167 796590  0.0000E+00  4.4100E-04 796590 141179 517197 -4.1300E-04
     171   109     9      168 796590  0.0000E+00  1.0700E-03  168 796590  0.0000E+00  6.6400E-04 796590 107385 560166  7.5200E-04
      71   109     9      169 796590  0.0000E+00  1.0000E+02  169 796590  0.0000E+00  1.0000E+02 796590 282718   1763  1.0000E+02
     135   109     9      170 796590 -3.5044E-11  1.0700E-03  170 796590  2.9216E-23  1.0400E-03 796590 796580 560166  7.5000E-04
     131   109     9      171 796590  0.0000E+00  1.0000E+00  171 796590  0.0000E+00  1.0000E+00 796590 129497   1189 -1.0000E+00
     132   109     9      172 796590  0.0000E+00  1.0000E+00  172 796590  0.0000E+00  1.0000E+00 796590  62182 252483 -1.0000E+00
     133   109     9      173 796590  1.0000E+00  4.5300E+01  173 796590  1.0000E+00  4.5300E+01 796590  24619 131229 -4.4300E+01
       7   109     9      174 796590  2.9352E+02  4.0859E+03  174 796590  2.9433E+02  4.0859E+03 796590 796590 424347 -8.8752E+00
      11   109     9      175 796590  2.4247E+02  3.0578E+02  175 796590  2.4109E+02  3.0571E+02 796590 796590 523168 -7.6180E+00
      51   109     9      176 796590  1.3898E-04  2.0239E-02  176 796590  6.5115E-05  2.0465E-02 796590 796590  86351 -9.2261E-03
      33   109     9      177 795755 -2.9923E+01  3.0546E+01  177 795755 -2.7651E+01  2.9350E+01 795755 795755 422436 -1.4297E+01
      34   109     9      178 795755 -3.1024E+01  3.3633E+01  178 795755 -2.9929E+01  3.3431E+01 795755 795755 518906  2.3485E+01
      39   109     9      179 796590 -5.5726E+00  6.3961E+00  179 796590 -5.5774E+00  6.2039E+00 796590 796590 491649 -4.1203E+00
      40   109     9      180 796590 -5.7794E-01  4.8456E-01  180 796590 -5.5765E-01  4.7360E-01 796590 796590  99053 -3.6404E-01
     158   109     9      181 796590 -8.4526E-02  2.2115E+01  181 796590 -4.0180E-02  1.2760E+01 796590 796590 586814  1.9956E+01
     241   109     9      182 796590 -6.8255E-04  1.7074E-03  182 796590 -6.4303E-04  1.5770E-03 796590 796590  97146 -9.3952E-04
     242   109     9      183 796590 -1.5726E-03  5.0243E-04  183 796590 -1.6384E-03  5.8658E-04 796590 796590 499279  1.2159E-03
       1   109    10      184 796590  6.2244E+04  9.9044E+04  184 796590  6.2238E+04  9.9038E+04 796590 796590 469165  3.0677E+02
     153   109    10      185 796590  0.0000E+00  9.6000E-04  185 796590  0.0000E+00  1.0800E-03 796590 119594 101671  7.9500E-04
      58   109    10      186 796590  0.0000E+00  1.1600E-05  186 796590  0.0000E+00  5.7000E-06 796590 104071 313346  1.0700E-05
     170   109    10      187 796590  0.0000E+00  4.2900E-04  187 796590  0.0000E+00  4.3800E-04 796590 133977 517197 -4.1700E-04
     171   109    10      188 796590  0.0000E+00  1.0800E-03  188 796590  0.0000E+00  6.6800E-04 796590 109448 560166  7.6900E-04
      71   109    10      189 796590  0.0000E+00  1.0000E+02  189 796590  0.0000E+00  1.0000E+02 796590 292112   1758  1.0000E+02
     135   109    10      190 796590 -9.3422E-11  1.0800E-03  190 796590  2.9706E-23  1.1100E-03 796590 796590 102621  7.9000E-04
     131   109    10      191 796590  0.0000E+00  1.0000E+00  191 796590  0.0000E+00  1.0000E+00 796590 124548   1189 -1.0000E+00
     132   109    10      192 796590  0.0000E+00  1.0000E+00  192 796590  0.0000E+00  1.0000E+00 796590  64244 254376 -1.0000E+00
     133   109    10      193 796590  1.0000E+00  4.5300E+01  193 796590  1.0000E+00  4.5300E+01 796590  24515 135044 -4.4300E+01
       7   109    10      194 796590  3.3678E+02  4.1157E+03  194 796590  3.3765E+02  4.1158E+03 796590 796590 424347 -9.5608E+00
      11   109    10      195 796590  2.4257E+02  3.0526E+02  195 796590  2.4161E+02  3.0517E+02 796590 796590 524122 -7.5349E+00
      51   109    10      196 796590  1.4601E-04  1.9846E-02  196 796590  5.1413E-05  2.0151E-02 796590 796590  76801 -1.1205E-02
      33   109    10      197 795755 -3.0601E+01  3.0977E+01  197 795755 -2.8318E+01  3.0044E+01 795755 795755 422436 -1.3904E+01
      34   109    10      198 795755 -3.1458E+01  3.3855E+01  198 795755 -3.0405E+01  3.3641E+01 795755 795755 518906  2.3375E+01
      39   109    10      199 796590 -5.7859E+00  6.4328E+00  199 796590 -5.6840E+00  6.4098E+00 796590 796590 491649 -4.1957E+00
      40   109    10      200 796590 -5.9574E-01  5.2926E-01  200 796590 -5.6267E-01  4.9983E-01 796590 796590  99053 -3.7681E-01
     158   109    10      201 796590 -8.7529E-02  2.2412E+01  201 796590 -1.9240E-01  1.3408E+01 796590 796590 586814  2.0305E+01
     241   109    10      202 796590 -6.2650E-04  1.5935E-03  202 796590 -5.6287E-04  1.6171E-03 796590 796590  46522  8.5636E-04
     242   109    10      203 796590 -1.4372E-03  6.3783E-04  203 796590 -1.5087E-03  6.1632E-04 796590 796590 499279  1.1215E-03
       1   109    11      204 796590  6.2010E+04  9.8510E+04  204 796590  6.2004E+04  9.8504E+04 796590 796590 737152  3.0669E+02
     153   109    11      205 796590  0.0000E+00  1.0200E-03  205 796590  0.0000E+00  1.0700E-03 796590 117531  99053 -8.9000E-04
      58   109    11      206 796590  0.0000E+00  1.1600E-05  206 796590  0.0000E+00  5.7000E-06 796590 103906 313346  1.0800E-05
     170   109    11      207 796590  0.0000E+00  4.2900E-04  207 796590  0.0000E+00  4.4400E-04 796590 126494 517197 -4.1800E-04
     171   109    11      208 796590  0.0000E+00  1.0900E-03  208 796590  0.0000E+00  6.7200E-04 796590 111223 560166  7.8000E-04
      71   109    11      209 796590  0.0000E+00  1.0000E+02  209 796590  0.0000E+00  1.0000E+02 796590 298482   1170 -1.0000E+02
     135   109    11      210 796590  2.2294E-23  1.0900E-03  210 796590  3.2647E-23  1.0900E-03 796590 774213  85317  9.1000E-04
     131   109    11      211 796590  0.0000E+00  1.0000E+00  211 796590  0.0000E+00  1.0000E+00 796590 117926   1189 -1.0000E+00
     132   109    11      212 796590  0.0000E+00  1.0000E+00  212 796590  0.0000E+00  1.0000E+00 796590  65269 250559 -1.0000E+00
     133   109    11      213 796590  1.0000E+00  4.5300E+01  213 796590  1.0000E+00  4.5300E+01 796590  23913 135044 -4.4300E+01
       7   109    11      214 796590  3.8187E+02  4.1467E+03  214 796590  3.8297E+02  4.1468E+03 796590 796590 424347 -1.0224E+01
      11   109    11      215 796590  2.4234E+02  3.0471E+02  215 796590  2.4244E+02  3.0456E+02 796590 796590 524123 -8.2239E+00
      51   109    11      216 796590  1.4706E-04  1.9547E-02  216 796590  4.6981E-05  1.9847E-02 796590 796590  76805 -1.1800E-02
      33   109    11      217 795755 -3.1256E+01  3.1401E+01  217 795755 -2.8947E+01  3.1068E+01 795755 795755 422436 -1.3341E+01
      34   109    11      218 795755 -3.1857E+01  3.4190E+01  218 795755 -3.0792E+01  3.3958E+01 795755 795754 518906  2.3130E+01
      39   109    11      219 796590 -6.0191E+00  6.2309E+00  219 796590 -5.7413E+00  6.3212E+00 796590 796590 491649 -4.2465E+00
      40   109    11      220 796590 -5.9917E-01  5.5708E-01  220 796590 -5.7431E-01  4.8819E-01 796590 796590  99053 -3.9986E-01
     158   109    11      221 796590 -1.5045E-01  2.1850E+01  221 796590 -1.8373E-01  1.4016E+01 796590 796590 586814  1.9733E+01
     241   109    11      222 796590 -8.5347E-04  1.4765E-03  222 796590 -5.9226E-04  1.4877E-03 796590 796590 120554 -8.9121E-04
     242   109    11      223 796590 -1.2952E-03  6.5480E-04  223 796590 -1.3652E-03  6.8479E-04 796590 796590 499279  1.0200E-03
       1   109    12      224 796590  6.1766E+04  9.7866E+04  224 796590  6.1759E+04  9.7859E+04 796590 796590 424346  3.0662E+02
     153   109    12      225 796590  0.0000E+00  1.0500E-03  225 796590  0.0000E+00  1.0600E-03 796590 119276  73865  9.7000E-04
      58   109    12      226 796590  0.0000E+00  1.1400E-05  226 796590  0.0000E+00  5.7100E-06 796590 104098 313346  1.0800E-05
     170   109    12      227 796590  0.0000E+00  4.3000E-04  227 796590  0.0000E+00  4.4100E-04 796590 118323 517197 -4.2000E-04
     171   109    12      228 796590  0.0000E+00  1.1000E-03  228 796590  0.0000E+00  6.7200E-04 796590 113203 560166  7.9100E-04
      71   109    12      229 796590  0.0000E+00  1.0000E+02  229 796590  0.0000E+00  1.0000E+02 796590 299250   1171 -1.0000E+02
     135   109    12      230 796590  2.2620E-23  1.1000E-03  230 796590  2.5206E-23  1.0700E-03 796590 774812  73865  9.9000E-04
     131   109    12      231 796590  0.0000E+00  1.0000E+00  231 796590  0.0000E+00  1.0000E+00 796590 109984   1189 -1.0000E+00
     132   109    12      232 796590  0.0000E+00  1.0000E+00  232 796590  0.0000E+00  1.0000E+00 796590  66208 249604 -1.0000E+00
     133   109    12      233 796590  1.0000E+00  4.5300E+01  233 796590  1.0000E+00  4.5300E+01 796590  23443 135044 -4.4300E+01
       7   109    12      234 796590  4.2928E+02  4.1792E+03  234 796590  4.3087E+02  4.1793E+03 796590 796590 424347 -1.0751E+01
      11   109    12      235 796590  2.4217E+02  3.0410E+02  235 796590  2.4263E+02  3.0401E+02 796590 796590 524123 -8.2778E+00
      51   109    12      236 796590  1.4091E-04  1.9141E-02  236 796590  5.0722E-05  1.9551E-02 796590 796590  61501 -1.2310E-02
      33   109    12      237 795755 -3.1841E+01  3.1784E+01  237 795755 -2.9509E+01  3.1931E+01 795755 795755 422436 -1.2552E+01
      34   109    12      238 795755 -3.2183E+01  3.4927E+01  238 795755 -3.1102E+01  3.4179E+01 795755 795755 518906  2.2634E+01
      39   109    12      239 796590 -6.2332E+00  6.3606E+00  239 796590 -5.8297E+00  6.1703E+00 796590 796590 491649 -4.0910E+00
      40   109    12      240 796590 -6.1922E-01  5.6828E-01  240 796590 -5.9819E-01  4.9556E-01 796590 796590  99053 -4.2728E-01
     158   109    12      241 796590 -1.4287E-01  2.1357E+01  241 796590 -1.7091E-01  1.4529E+01 796590 796590 586814  1.9328E+01
     241   109    12      242 796590 -7.0627E-04  1.4537E-03  242 796590 -5.7332E-04  1.4167E-03 796590 796590  60927 -8.9295E-04
     242   109    12      243 796590 -1.1561E-03  7.1895E-04  243 796590 -1.2283E-03  7.2171E-04 796590 796590 499279  9.4724E-04
       1   109    13      244 796590  6.1509E+04  9.7109E+04  244 796590  6.1503E+04  9.7103E+04 796590 796590 740014  3.0654E+02
     153   109    13      245 796590  0.0000E+00  1.0300E-03  245 796590  0.0000E+00  1.2000E-03 796590 114577  99053 -1.0800E-03
      58   109    13      246 796590  0.0000E+00  1.1500E-05  246 796590  0.0000E+00  5.7200E-06 796590 103866 313346  1.0900E-05
     170   109    13      247 796590  0.0000E+00  4.3000E-04  247 796590  0.0000E+00  4.3700E-04 796590 109884 517197 -4.1700E-04
     171   109    13      248 796590  0.0000E+00  1.1000E-03  248 796590  0.0000E+00  6.7500E-04 796590 114594 560166  7.9500E-04
      71   109    13      249 796590  0.0000E+00  1.0000E+02  249 796590  0.0000E+00  1.0000E+02 796590 296910   1171 -1.0000E+02
     135   109    13      250 796590 -5.4428E-11  1.1000E-03  250 796590  2.4714E-23  1.2500E-03 796590 796576 155823 -1.1100E-03
     131   109    13      251 796590  0.0000E+00  1.0000E+00  251 796590  0.0000E+00  1.0000E+00 796590 100750   1189 -1.0000E+00
     132   109    13      252 796590  0.0000E+00  1.0000E+00  252 796590  0.0000E+00  1.0000E+00 796590  65690 249604 -1.0000E+00
     133   109    13      253 796590  1.0000E+00  4.5300E+01  253 796590  1.0000E+00  4.5300E+01 796590  22620 135044 -4.4300E+01
       7   109    13      254 796590  4.7955E+02  4.2133E+03  254 796590  4.8170E+02  4.2135E+03 796590 796590 424347 -1.1216E+01
      11   109    13      255 796590  2.4185E+02  3.0348E+02  255 796590  2.4231E+02  3.0337E+02 796590 796590 524123 -7.7094E+00
      51   109    13      256 796590  1.3312E-04  1.9033E-02  256 796590  5.7614E-05  1.9258E-02 796590 796590  65309 -1.0924E-02
      33   109    13      257 795755 -3.2326E+01  3.2079E+01  257 795755 -3.0032E+01  3.2609E+01 795755 795755 764804 -1.2578E+01
      34   109    13      258 795755 -3.2422E+01  3.5468E+01  258 795755 -3.1346E+01  3.4840E+01 795755 795755 519860  2.2526E+01
      39   109    13      259 796590 -6.3396E+00  6.4104E+00  259 796590 -5.8250E+00  6.5812E+00 796590 796590 491649 -3.8583E+00
      40   109    13      260 796590 -6.2505E-01  5.6245E-01  260 796590 -6.2627E-01  4.9873E-01 796590 796590  99053 -4.6753E-01
     158   109    13      261 796590 -2.6571E-01  2.0334E+01  261 796590 -1.8671E-01  1.5413E+01 796590 796590 586814  1.8321E+01
     241   109    13      262 796590 -1.1068E-03  1.6832E-03  262 796590 -9.5250E-04  1.5175E-03 796590 796590  70467 -1.0443E-03
     242   109    13      263 796590 -1.0195E-03  7.5547E-04  263 796590 -1.0962E-03  6.7878E-04 796590 796590 499279  8.5169E-04
       1   109    14      264 796590  6.1240E+04  9.6440E+04  264 796590  6.1234E+04  9.6434E+04 796590 796590 740014  3.0647E+02
     153   109    14      265 796590  0.0000E+00  1.0700E-03  265 796590  0.0000E+00  1.2400E-03 796590 106776 447198 -1.2300E-03
      58   109    14      266 796590  0.0000E+00  1.1500E-05  266 796590  0.0000E+00  5.7400E-06 796590 103252 313346  1.0900E-05
     170   109    14      267 796590  0.0000E+00  4.3100E-04  267 796590  0.0000E+00  4.4000E-04 796590 102974 517197 -4.2000E-04
     171   109    14      268 796590  0.0000E+00  1.1100E-03  268 796590  0.0000E+00  6.7900E-04 796590 114766 560166  8.0900E-04
      71   109    14      269 796590  0.0000E+00  1.0000E+02  269 796590  0.0000E+00  1.0000E+02 796590 296611   1171 -1.0000E+02
     135   109    14      270 796590 -2.1112E-10  1.1100E-03  270 796590  2.0295E-23  1.2600E-03 796590 796590 447198 -1.2300E-03
     131   109    14      271 796590  0.0000E+00  1.0000E+00  271 796590  0.0000E+00  1.0000E+00 796590  92208   1189 -1.0000E+00
     132   109    14      272 796590  0.0000E+00  1.0000E+00  272 796590  0.0000E+00  1.0000E+00 796590  64731 248650 -1.0000E+00
     133   109    14      273 796590  1.0000E+00  4.5300E+01  273 796590  1.0000E+00  4.5300E+01 796590  21108 135044 -4.4300E+01
       7   109    14      274 796590  5.3279E+02  4.2492E+03  274 796590  5.3543E+02  4.2494E+03 796590 796590 523169 -1.1983E+01
      11   109    14      275 796590  2.4157E+02  3.0282E+02  275 796590  2.4198E+02  3.0279E+02 796590 796590 127396 -7.9725E+00
      51   109    14      276 796590  1.1363E-04  1.8914E-02  276 796590  7.4957E-05  1.8875E-02 796590 796590  73805  9.5387E-03
      33   109    14      277 795755 -3.2732E+01  3.2331E+01  277 795755 -3.0446E+01  3.3101E+01 795755 795755 126440 -1.4267E+01
      34   109    14      278 795755 -3.2564E+01  3.6061E+01  278 795755 -3.1804E+01  3.5541E+01 795755 795755 518777 -2.2681E+01
      39   109    14      279 796590 -6.4344E+00  6.7218E+00  279 796590 -5.8572E+00  6.7678E+00 796590 796590  99053  3.8602E+00
      40   109    14      280 796590 -6.4331E-01  5.7544E-01  280 796590 -6.4716E-01  5.0909E-01 796590 796590  99053 -4.3365E-01
     158   109    14      281 796590 -2.4877E-01  1.9251E+01  281 796590 -5.3027E-01  1.5970E+01 796590 796590 586814  1.7382E+01
     241   109    14      282 796590 -6.1214E-04  1.5479E-03  282 796590 -9.4156E-04  1.4284E-03 796590 796590  70467 -9.0058E-04
     242   109    14      283 796590 -9.1626E-04  7.5874E-04  283 796590 -9.6819E-04  6.5681E-04 796590 796590  98100 -8.2307E-04
       1   109    15      284 796590  6.0957E+04  9.5757E+04  284 796590  6.0950E+04  9.5750E+04 796590 796590 740968  3.0638E+02
     153   109    15      285 796590  0.0000E+00  9.5900E-04  285 796590  0.0000E+00  1.1000E-03 796590 106166  99053 -1.0730E-03
      58   109    15      286 796590  0.0000E+00  1.1500E-05  286 796590  0.0000E+00  5.7500E-06 796590 102358 313341  1.1100E-05
     170   109    15      287 796590  0.0000E+00  4.3000E-04  287 796590  0.0000E+00  4.4200E-04 796590  95221 517197 -4.2300E-04
     171   109    15      288 796590  0.0000E+00  1.1000E-03  288 796590  0.0000E+00  6.8300E-04 796590 114887 560166  8.0500E-04
      71   109    15      289 796590  0.0000E+00  1.0000E+02  289 796590  0.0000E+00  1.0000E+02 796590 296058   1782  1.0000E+02
     135   109    15      290 796590 -2.1083E-10  1.1000E-03  290 796590  2.9439E-23  1.1300E-03 796590 796590  99053 -1.0900E-03
     131   109    15      291 796590  0.0000E+00  1.0000E+00  291 796590  0.0000E+00  1.0000E+00 796590  85128   1189 -1.0000E+00
     132   109    15      292 796590  0.0000E+00  1.0000E+00  292 796590  0.0000E+00  1.0000E+00 796590  63482 243890 -1.0000E+00
     133   109    15      293 796590  1.0000E+00  4.5300E+01  293 796590  1.0000E+00  4.5300E+01 796590  19500 135044 -4.4300E+01
       7   109    15      294 796590  5.8947E+02  4.2872E+03  294 796590  5.9252E+02  4.2874E+03 796590 796590 523169 -1.2706E+01
      11   109    15      295 796590  2.4136E+02  3.0217E+02  295 796590  2.4169E+02  3.0206E+02 796590 796590 127397 -9.3252E+00
      51   109    15      296 796590  2.5516E-05  1.8726E-02  296 796590  1.0109E-04  1.8401E-02 796590 796590  68083  1.1324E-02
      33   109    15      297 795755 -3.3020E+01  3.2480E+01  297 795755 -3.0732E+01  3.3176E+01 795755 795755 127397 -1.5593E+01
      34   109    15      298 795755 -3.2607E+01  3.6596E+01  298 795755 -3.2518E+01  3.6451E+01 795755 795755 518777 -2.2916E+01
      39   109    15      299 796590 -6.4774E+00  6.8038E+00  299 796590 -5.8306E+00  6.6069E+00 796590 796590  99053  3.7907E+00
      40   109    15      300 796590 -6.5648E-01  5.9352E-01  300 796590 -6.3659E-01  5.1966E-01 796590 796590  99053 -4.5739E-01
     158   109    15      301 796590 -2.1294E-01  1.7987E+01  301 796590 -2.9369E-01  1.6206E+01 796590 796590 586814  1.6181E+01
     241   109    15      302 796590 -9.4218E-04  1.5078E-03  302 796590 -6.0112E-04  1.4789E-03 796590 796590  70467 -8.4106E-04
     242   109    15      303 796590 -8.6015E-04  7.1485E-04  303 796590 -8.6486E-04  7.1014E-04 796590 796590  98100 -8.3279E-04
       1   109    16      304 796590  6.0649E+04  9.4949E+04  304 796590  6.0642E+04  9.4942E+04 796590 796590 740014  3.0628E+02
     153   109    16      305 796590  0.0000E+00  1.0800E-03  305 796590  0.0000E+00  1.1900E-03 796590  88795  98098 -1.1200E-03
      58   109    16      306 796590  0.0000E+00  1.1400E-05  306 796590  0.0000E+00  5.7900E-06 796590 103135 311436  1.1200E-05
     170   109    16      307 796590  0.0000E+00  4.3000E-04  307 796590  0.0000E+00  7.9200E-04 796590  86181 463489 -6.1000E-04
     171   109    16      308 796590  0.0000E+00  1.1000E-03  308 796590  0.0000E+00  6.8700E-04 796590 115333 560166  8.0400E-04
      71   109    16      309 796590  0.0000E+00  1.0000E+02  309 796590  0.0000E+00  1.0000E+02 796590 297258   1781  1.0000E+02
     135   109    16      310 796590 -4.8499E-10  1.1100E-03  310 796590 -2.4073E-11  1.2400E-03 796590 796590  98098 -1.2200E-03
     131   109    16      311 796590  0.0000E+00  1.0000E+00  311 796590  0.0000E+00  1.0000E+00 796590  77363   1189 -1.0000E+00
     132   109    16      312 796590  0.0000E+00  1.0000E+00  312 796590  0.0000E+00  1.0000E+00 796590  62402 241981 -1.0000E+00
     133   109    16      313 796590  1.0000E+00  4.5300E+01  313 796590  1.0000E+00  4.5300E+01 796590  18472 128366  4.4300E+01
       7   109    16      314 796590  6.5173E+02  4.3286E+03  314 796590  6.5508E+02  4.3288E+03 796590 796590 523169 -1.3258E+01
      11   109    16      315 796590  2.4118E+02  3.0143E+02  315 796590  2.4147E+02  3.0134E+02 796590 796590 126444 -8.1050E+00
      51   109    16      316 796590  7.1572E-05  1.8472E-02  316 796590  1.3613E-04  1.8036E-02 796590 796590  63306  9.5354E-03
      33   109    16      317 795755 -3.3200E+01  3.2597E+01  317 795755 -3.0908E+01  3.3169E+01 795755 795755 126444 -1.5051E+01
      34   109    16      318 795755 -3.2560E+01  3.7455E+01  318 795755 -3.3301E+01  3.7092E+01 795755 795755 518777 -2.2682E+01
      39   109    16      319 796590 -6.7395E+00  6.7292E+00  319 796590 -5.7441E+00  6.4434E+00 796590 796590 521767 -3.8392E+00
      40   109    16      320 796590 -6.4757E-01  6.3368E-01  320 796590 -6.2316E-01  5.3309E-01 796590 796590  99053 -4.3066E-01
     158   109    16      321 796590 -2.7339E-01  1.6827E+01  321 796590 -4.7226E-01  1.7028E+01 796590 796590 586814  1.5099E+01
     241   109    16      322 796590 -8.4421E-04  1.4258E-03  322 796590 -1.0856E-03  1.4144E-03 796590 796590 664909 -9.2858E-04
     242   109    16      323 796590 -8.4881E-04  6.8869E-04  323 796590 -1.0225E-03  7.5252E-04 796590 796590  98100 -8.0133E-04
       1   109    17      324 796590  6.0305E+04  9.4005E+04  324 796590  6.0299E+04  9.3999E+04 796590 796590 740014  3.0618E+02
     153   109    17      325 796590  0.0000E+00  1.0900E-03  325 796590  0.0000E+00  1.0300E-03 796590  78077 157548 -1.0100E-03
      58   109    17      326 796590  0.0000E+00  1.1500E-05  326 796590  0.0000E+00  5.7800E-06 796590 103728 311436  1.1300E-05
     170   109    17      327 796590  0.0000E+00  4.3200E-04  327 796590  0.0000E+00  6.2800E-04 796590  77780 467298 -5.6700E-04
     171   109    17      328 796590  0.0000E+00  1.1000E-03  328 796590  0.0000E+00  6.9100E-04 796590 115457 560166  8.1500E-04
      71   109    17      329 796590  0.0000E+00  1.0000E+02  329 796590  0.0000E+00  1.0000E+02 796590 297918   1780  1.0000E+02
     135   109    17      330 796590 -1.2201E-10  1.1300E-03  330 796590  2.2823E-23  1.0700E-03 796590 796590 157548 -1.0400E-03
     131   109    17      331 796590  0.0000E+00  1.0000E+00  331 796590  0.0000E+00  1.0000E+00 796590  70272   1189 -1.0000E+00
     132   109    17      332 796590  0.0000E+00  1.0000E+00  332 796590  0.0000E+00  1.0000E+00 796590  62214 238212 -1.0000E+00
     133   109    17      333 796590  1.0000E+00  4.5300E+01  333 796590  1.0000E+00  4.5300E+01 796590  17409 128366  4.4300E+01
       7   109    17      334 796590  7.2181E+02  4.3749E+03  334 796590  7.2520E+02  4.3751E+03 796590 796590 523169 -1.3610E+01
      11   109    17      335 796590  2.4103E+02  3.0059E+02  335 796590  2.4112E+02  3.0055E+02 796590 796590 118814  7.7912E+00
      51   109    17      336 796590  5.8539E-05  1.8159E-02  336 796590  7.7783E-05  1.7478E-02 796590 796590  23311 -9.9192E-03
      33   109    17      337 795755 -3.3262E+01  3.2301E+01  337 795755 -3.0950E+01  3.2924E+01 795755 795754 117860  1.4786E+01
      34   109    17      338 795755 -3.3202E+01  3.8157E+01  338 795755 -3.4015E+01  3.7906E+01 795755 795755 518777 -2.2327E+01
      39   109    17      339 796590 -6.5102E+00  6.7711E+00  339 796590 -5.5235E+00  6.4453E+00 796590 796590 522721 -4.1117E+00
      40   109    17      340 796590 -6.3682E-01  6.1318E-01  340 796590 -6.3049E-01  4.9451E-01 796590 796590  99053 -4.4383E-01
     158   109    17      341 796590 -2.7765E-01  1.6022E+01  341 796590 -1.7502E-01  1.7025E+01 796590 796590 502710  1.4497E+01
     241   109    17      342 796590 -9.4711E-04  1.3629E-03  342 796590 -1.0137E-03  1.4463E-03 796590 796590 665864 -8.7338E-04
     242   109    17      343 796590 -7.6947E-04  6.5553E-04  343 796590 -7.4169E-04  7.8331E-04 796590 796590  97146 -8.0279E-04
       1   109    18      344 796590  5.9907E+04  9.3007E+04  344 796590  5.9901E+04  9.3001E+04 796590 796590 740014  3.0605E+02
     153   109    18      345 796590  0.0000E+00  1.2100E-03  345 796590  0.0000E+00  1.1000E-03 796590  69303 155638 -9.0000E-04
      58   109    18      346 796590  0.0000E+00  1.1700E-05  346 796590  0.0000E+00  5.8100E-06 796590 104541 312392  1.1200E-05
     170   109    18      347 796590  0.0000E+00  6.2600E-04  347 796590  0.0000E+00  5.4500E-04 796590  70970 459664  5.8600E-04
     171   109    18      348 796590  0.0000E+00  1.0900E-03  348 796590  0.0000E+00  7.3700E-04 796590 114456 560166  8.2400E-04
      71   109    18      349 796590  0.0000E+00  1.0000E+02  349 796590  0.0000E+00  1.0000E+02 796590 292945   1171 -1.0000E+02
     135   109    18      350 796590 -5.0068E-10  1.2400E-03  350 796590 -1.5794E-10  1.1500E-03 796590 796590  38516 -9.2000E-04
     131   109    18      351 796590  0.0000E+00  1.0000E+00  351 796590  0.0000E+00  1.0000E+00 796590  65382   1189 -1.0000E+00
     132   109    18      352 796590  0.0000E+00  1.0000E+00  352 796590  0.0000E+00  1.0000E+00 796590  61162 134090  1.0000E+00
     133   109    18      353 796590  1.0000E+00  4.5300E+01  353 796590  1.0000E+00  4.5300E+01 796590  16744 128366  4.4300E+01
       7   109    18      354 796590  8.0419E+02  4.4289E+03  354 796590  8.0748E+02  4.4290E+03 796590 796590  36178  1.3928E+01
      11   109    18      355 796590  2.4078E+02  2.9966E+02  355 796590  2.4088E+02  2.9957E+02 796590 796590 120721  8.8979E+00
      51   109    18      356 796590  5.9380E-05  1.7959E-02  356 796590  5.4855E-05  1.7355E-02 796590 796590 247021  8.0045E-03
      33   109    18      357 795755 -3.3144E+01  3.1918E+01  357 795755 -3.0820E+01  3.1866E+01 795755 795755 118814  1.4237E+01
      34   109    18      358 795755 -3.3863E+01  3.8963E+01  358 795755 -3.4767E+01  3.8687E+01 795755 795755 517822 -2.0594E+01
      39   109    18      359 796590 -6.3511E+00  6.9614E+00  359 796590 -5.2623E+00  6.6127E+00 796590 796590 522721 -4.1200E+00
      40   109    18      360 796590 -6.5119E-01  5.9881E-01  360 796590 -6.3372E-01  4.9128E-01 796590 796590 522721  3.8878E-01
     158   109    18      361 796590 -1.8091E-01  1.4019E+01  361 796590 -1.4856E-01  1.7351E+01 796590 796590 502710  1.3968E+01
     241   109    18      362 796590 -7.5653E-04  1.3535E-03  362 796590 -8.2082E-04  1.3992E-03 796590 796590 665863 -8.5571E-04
     242   109    18      363 796590 -7.2704E-04  6.2296E-04  363 796590 -6.6505E-04  7.2245E-04 796590 796590  97146 -8.2449E-04
       1   109    19      364 796590  5.9444E+04  9.1744E+04  364 796590  5.9438E+04  9.1738E+04 796590 796590 740014  3.0593E+02
     153   109    19      365 796590  0.0000E+00  1.2900E-03  365 796590  0.0000E+00  1.2300E-03 796590  63250  70468 -1.1000E-03
      58   109    19      366 796590  0.0000E+00  1.1600E-05  366 796590  0.0000E+00  5.8400E-06 796590 105150 313346  1.1300E-05
     170   109    19      367 796590  0.0000E+00  6.2700E-04  367 796590  0.0000E+00  4.6500E-04 796590  63600 419975  5.3100E-04
     171   109    19      368 796590  0.0000E+00  1.0900E-03  368 796590  0.0000E+00  7.7200E-04 796590 113139 560166  8.2900E-04
      71   109    19      369 796590  0.0000E+00  1.0000E+02  369 796590  0.0000E+00  1.0000E+02 796590 288117   1171 -1.0000E+02
     135   109    19      370 796590 -4.5731E-10  1.3700E-03  370 796590 -2.0898E-10  1.2600E-03 796590 796590  70468 -1.1100E-03
     131   109    19      371 796590  0.0000E+00  1.0000E+00  371 796590  0.0000E+00  1.0000E+00 796590  60018   1189 -1.0000E+00
     132   109    19      372 796590  0.0000E+00  1.0000E+00  372 796590  0.0000E+00  1.0000E+00 796590  61128 143624  1.0000E+00
     133   109    19      373 796590  1.0000E+00  4.5300E+01  373 796590  1.0000E+00  4.5300E+01 796590  16722 128366  4.4300E+01
       7   109    19      374 796590  8.9793E+02  4.4918E+03  374 796590  8.9968E+02  4.4919E+03 796590 796590  36178  1.5255E+01
      11   109    19      375 796590  2.4049E+02  2.9855E+02  375 796590  2.4076E+02  2.9845E+02 796590 796590 118816  8.3518E+00
      51   109    19      376 796590  2.8544E-05  1.7929E-02  376 796590  1.9442E-05  1.7019E-02 796590 796590  27076 -7.3909E-03
      33   109    19      377 795755 -3.2810E+01  3.1629E+01  377 795755 -3.0389E+01  3.1031E+01 795755 795755 527493 -1.2263E+01
      34   109    19      378 795755 -3.4494E+01  3.9616E+01  378 795755 -3.5465E+01  3.9363E+01 795755 795755 521769  1.9007E+01
      39   109    19      379 796590 -5.6168E+00  6.7582E+00  379 796590 -4.8530E+00  6.4283E+00 796590 796590 522721 -4.3576E+00
      40   109    19      380 796590 -6.2725E-01  5.2900E-01  380 796590 -5.9460E-01  5.3040E-01 796590 796590 522721  4.0485E-01
     158   109    19      381 796590 -3.8356E-01  1.1216E+01  381 796590 -1.6264E-01  1.6437E+01 796590 796590 508435  1.0979E+01
     241   109    19      382 796590 -8.4995E-04  1.3801E-03  382 796590 -7.7564E-04  1.4144E-03 796590 796590 675408  8.0569E-04
     242   109    19      383 796590 -6.7330E-04  6.2670E-04  383 796590 -5.7306E-04  6.0194E-04 796590 796590  97146 -8.0024E-04
       1   109    20      384 796590  5.8915E+04  9.0415E+04  384 796590  5.8909E+04  9.0409E+04 796590 796590 740967  3.0577E+02
     153   109    20      385 796590  0.0000E+00  1.4000E-03  385 796590  0.0000E+00  1.2200E-03 796590  57826  85504  1.4000E-03
      58   109    20      386 796590  0.0000E+00  1.1600E-05  386 796590  0.0000E+00  5.8700E-06 796590 102221 312392  1.1400E-05
     170   109    20      387 796590  0.0000E+00  7.2000E-04  387 796590  0.0000E+00  8.0500E-04 796590  55461 468267  7.2000E-04
     171   109    20      388 796590  0.0000E+00  1.0900E-03  388 796590  0.0000E+00  7.9200E-04 796590 110621 562074  8.5500E-04
      71   109    20      389 796590  0.0000E+00  1.0000E+02  389 796590  0.0000E+00  1.0000E+02 796590 285233   1171 -1.0000E+02
     135   109    20      390 796590 -8.5095E-11  1.4500E-03  390 796590 -3.9540E-10  1.2500E-03 796590 796590  85504  1.3900E-03
     131   109    20      391 796590  0.0000E+00  1.0000E+00  391 796590  0.0000E+00  1.0000E+00 796590  53371   1189 -1.0000E+00
     132   109    20      392 796590  0.0000E+00  1.0000E+00  392 796590  0.0000E+00  1.0000E+00 796590  63006 144576  1.0000E+00
     133   109    20      393 796590  1.0000E+00  4.5300E+01  393 796590  1.0000E+00  4.5300E+01 796590  17039 128366  4.4300E+01
       7   109    20      394 796590  1.0048E+03  4.5643E+03  394 796590  1.0063E+03  4.5642E+03 796590 796590  36178  1.6664E+01
      11   109    20      395 796590  2.4025E+02  2.9725E+02  395 796590  2.4039E+02  2.9720E+02 796590 796590 119773  7.8040E+00
      51   109    20      396 796590  1.3754E-05  1.7814E-02  396 796590  1.0431E-05  1.6710E-02 796590 796590 162111 -7.1967E-03
      33   109    20      397 795755 -3.1861E+01  3.1700E+01  397 795755 -2.9705E+01  3.0483E+01 795755 795755 784810 -1.2768E+01
      34   109    20      398 795755 -3.4736E+01  4.0404E+01  398 795755 -3.5902E+01  3.9958E+01 795755 795755 522723  1.8350E+01
      39   109    20      399 796590 -5.4047E+00  6.5328E+00  399 796590 -4.7099E+00  5.9776E+00 796590 796590 522721 -4.3198E+00
      40   109    20      400 796590 -6.1448E-01  5.1052E-01  400 796590 -5.6964E-01  5.2411E-01 796590 796590 522721  4.2391E-01
     158   109    20      401 796590 -2.6041E-01  1.0040E+01  401 796590 -1.6818E-01  1.5732E+01 796590 796590 371884 -1.0592E+01
     241   109    20      402 796590 -8.6789E-04  1.3821E-03  402 796590 -8.2435E-04  1.4156E-03 796590 796590 516039  8.3647E-04
     242   109    20      403 796590 -7.0680E-04  6.0570E-04  403 796590 -6.1438E-04  5.8562E-04 796590 796590  97146 -7.9242E-04
       1   109    21      404 796590  5.8307E+04  8.8807E+04  404 796590  5.8301E+04  8.8801E+04 796590 796590 740967  3.0559E+02
     153   109    21      405 796590  0.0000E+00  1.0700E-03  405 796590  0.0000E+00  1.0100E-03 796590  49579  88801  1.0700E-03
      58   109    21      406 796590  0.0000E+00  1.1600E-05  406 796590  0.0000E+00  5.9200E-06 796590  97572 312392  1.1500E-05
     170   109    21      407 796590  0.0000E+00  8.8200E-04  407 796590  0.0000E+00  1.1300E-03 796590  38613 544601 -1.0450E-03
     171   109    21      408 796590  0.0000E+00  1.1000E-03  408 796590  0.0000E+00  1.0400E-03 796590  68908 606576  9.3000E-04
      71   109    21      409 796590  0.0000E+00  1.0000E+02  409 796590  0.0000E+00  1.0000E+02 796590 278618   1171 -1.0000E+02
     135   109    21      410 796590 -6.0538E-10  1.1200E-03  410 796590 -3.3600E-10  1.2200E-03 796590 796590 179418  1.1200E-03
     131   109    21      411 796590  0.0000E+00  1.0000E+00  411 796590  0.0000E+00  1.0000E+00 796590  43760   1189 -1.0000E+00
     132   109    21      412 796590  0.0000E+00  1.0000E+00  412 796590  0.0000E+00  1.0000E+00 796590  63809 143626  1.0000E+00
     133   109    21      413 796590  1.0000E+00  4.5300E+01  413 796590  1.0000E+00  4.5300E+01 796590  17592 127412  4.4300E+01
       7   109    21      414 796590  1.1297E+03  4.6482E+03  414 796590  1.1308E+03  4.6480E+03 796590 796590  36178  1.7956E+01
      11   109    21      415 796590  2.3974E+02  2.9580E+02  415 796590  2.4007E+02  2.9570E+02 796590 796590 173836  7.7236E+00
      51   109    21      416 796590  1.0160E-05  1.7310E-02  416 796590  1.0319E-05  1.6210E-02 796590 796590 131603  6.5998E-03
      33   109    21      417 795755 -3.0943E+01  3.0901E+01  417 795755 -2.8164E+01  2.9368E+01 795755 795755 523679  1.2941E+01
      34   109    21      418 795755 -3.3872E+01  4.1175E+01  418 795755 -3.5415E+01  4.0599E+01 795755 795755 522723  1.7515E+01
      39   109    21      419 796590 -5.6341E+00  5.8971E+00  419 796590 -5.0393E+00  5.4295E+00 796590 796590 523675 -4.3448E+00
      40   109    21      420 796590 -5.6094E-01  5.6406E-01  420 796590 -5.5678E-01  5.0572E-01 796590 796590 523675  4.3334E-01
     158   109    21      421 796590 -3.8972E-01  1.0310E+01  421 796590 -1.6104E-01  1.3939E+01 796590 796590 371884 -9.4287E+00
     241   109    21      422 796590 -1.0005E-03  1.3295E-03  422 796590 -8.4006E-04  1.3599E-03 796590 796590 517948  8.7959E-04
     242   109    21      423 796590 -7.0612E-04  6.4388E-04  423 796590 -6.2708E-04  6.2292E-04 796590 796590  97146 -6.7904E-04
       1   109    22      424 796590  5.7617E+04  8.7017E+04  424 796590  5.7612E+04  8.7012E+04 796590 796590 741923  3.0540E+02
     153   109    22      425 796590  0.0000E+00  1.0800E-03  425 796590  0.0000E+00  1.0200E-03 796590  41693 242130 -1.0000E-03
      58   109    22      426 796590  0.0000E+00  1.1700E-05  426 796590  0.0000E+00  6.0200E-06 796590  94507 295253  1.1600E-05
     170   109    22      427 796590  0.0000E+00  9.7800E-04  427 796590  0.0000E+00  1.0200E-03 796590  31653 545557 -8.8700E-04
     171   109    22      428 796590  0.0000E+00  1.1400E-03  428 796590  0.0000E+00  1.1800E-03 796590  68080 606576  9.6000E-04
      71   109    22      429 796590  0.0000E+00  1.0000E+02  429 796590  0.0000E+00  1.0000E+02 796590 270913   1768 -1.0000E+02
     135   109    22      430 796590 -1.0854E-09  1.2300E-03  430 796590 -4.3900E-10  1.2200E-03 796590 796590 148979  1.1700E-03
     131   109    22      431 796590  0.0000E+00  1.0000E+00  431 796590  0.0000E+00  1.0000E+00 796590  35773   1756 -1.0000E+00
     132   109    22      432 796590  0.0000E+00  1.0000E+00  432 796590  0.0000E+00  1.0000E+00 796590  62172 130271  1.0000E+00
     133   109    22      433 796590  1.0000E+00  4.5300E+01  433 796590  1.0000E+00  4.5300E+01 796590  17033  44706  4.4300E+01
       7   109    22      434 796590  1.2745E+03  4.7441E+03  434 796590  1.2747E+03  4.7438E+03 796590 796590  36178  1.9184E+01
      11   109    22      435 796590  2.3946E+02  2.9496E+02  435 796590  2.3977E+02  2.9477E+02 796590 796590 545106 -6.8043E+00
      51   109    22      436 796590  1.1207E-05  1.6411E-02  436 796590  1.2578E-05  1.5713E-02 796590 796590 128941  6.9986E-03
      33   109    22      437 795755 -2.8661E+01  3.0309E+01  437 795755 -2.6768E+01  2.9638E+01 795755 795755 524633  1.3001E+01
      34   109    22      438 795755 -3.1549E+01  4.1952E+01  438 795755 -3.3840E+01  4.0317E+01 795755 795755 523677  1.6851E+01
      39   109    22      439 796590 -5.7599E+00  5.1464E+00  439 796590 -5.3802E+00  4.9010E+00 796590 796590 526538 -4.5047E+00
      40   109    22      440 796590 -4.9886E-01  5.9489E-01  440 796590 -5.0926E-01  5.5324E-01 796590 796590  65779  4.4789E-01
     158   109    22      441 796590 -3.1136E-01  1.0589E+01  441 796590 -1.4125E-01  1.3459E+01 796590 796590 371884 -1.0970E+01
     241   109    22      442 796590 -9.6078E-04  1.2492E-03  442 796590 -8.6288E-04  1.2971E-03 796590 796590 516993  9.2210E-04
     242   109    22      443 796590 -7.1077E-04  6.5173E-04  443 796590 -7.1531E-04  6.3469E-04 796590 796590 610765  7.1704E-04
       1   109    23      444 796590  5.6834E+04  8.5034E+04  444 796590  5.6829E+04  8.5029E+04 796590 796590 341858  2.0517E+02
     153   109    23      445 796590  0.0000E+00  1.1700E-03  445 796590  0.0000E+00  1.0700E-03 796590  33820  87841  1.0800E-03
      58   109    23      446 796590  0.0000E+00  1.1800E-05  446 796590  0.0000E+00  6.1400E-06 796590  91654 294300  1.1500E-05
     170   109    23      447 796590  0.0000E+00  8.8800E-04  447 796590  0.0000E+00  8.9900E-04 796590  30890 542700 -8.9900E-04
     171   109    23      448 796590  0.0000E+00  1.1800E-03  448 796590  0.0000E+00  1.2500E-03 796590  67533 606576  9.8000E-04
      71   109    23      449 796590  0.0000E+00  1.0000E+02  449 796590  0.0000E+00  1.0000E+02 796590 264374   2722 -1.0000E+02
     135   109    23      450 796590 -7.9501E-10  1.2000E-03  450 796590 -1.1792E-10  1.2700E-03 796590 796590  87841  1.1200E-03
     131   109    23      451 796590  0.0000E+00  1.0000E+00  451 796590  0.0000E+00  1.0000E+00 796590  29973   1747  1.0000E+00
     132   109    23      452 796590  0.0000E+00  1.0000E+00  452 796590  0.0000E+00  1.0000E+00 796590  57064 132184  1.0000E+00
     133   109    23      453 796590  1.0000E+00  4.5300E+01  453 796590  1.0000E+00  4.5300E+01 796590  14558 127412  4.4300E+01
       7   109    23      454 796590  1.4430E+03  4.8540E+03  454 796590  1.4419E+03  4.8536E+03 796590 796590  36178  2.0184E+01
      11   109    23      455 796590  2.3902E+02  2.9345E+02  455 796590  2.3931E+02  2.9356E+02 796590 796590 156582 -8.2269E+00
      51   109    23      456 796590  5.2494E-06  1.5405E-02  456 796590  1.7670E-05  1.5118E-02 796590 796590 191834  6.5876E-03
      33   109    23      457 795755 -2.7004E+01  3.1122E+01  457 795755 -2.5847E+01  2.9745E+01 795755 795754 530356 -1.3519E+01
      34   109    23      458 795755 -3.0091E+01  4.2877E+01  458 795755 -3.2902E+01  4.0207E+01 795755 795755 523677  1.5970E+01
      39   109    23      459 796590 -5.7237E+00  4.3388E+00  459 796590 -5.5805E+00  4.3883E+00 796590 796590 527492 -4.7683E+00
      40   109    23      460 796590 -4.8748E-01  6.0627E-01  460 796590 -4.6642E-01  5.6483E-01 796590 796590 526537  4.7894E-01
     158   109    23      461 796590 -1.1752E-01  1.0882E+01  461 796590 -1.0266E-01  1.2897E+01 796590 796590 131189 -1.2615E+01
     241   109    23      462 796590 -1.0147E-03  1.1453E-03  462 796590 -8.1387E-04  1.1061E-03 796590 796590 516993  9.7920E-04
     242   109    23      463 796590 -7.0781E-04  6.5469E-04  463 796590 -7.9112E-04  6.5888E-04 796590 796590  70467 -6.5419E-04
       1   109    24      464 796590  5.5953E+04  8.2753E+04  464 796590  5.5948E+04  8.2848E+04 796590 796590 342815  2.0491E+02
     153   109    24      465 796590  0.0000E+00  1.1600E-03  465 796590  0.0000E+00  1.1300E-03 796590  27044 128884  1.1600E-03
      58   109    24      466 796590  0.0000E+00  1.1800E-05  466 796590  0.0000E+00  6.2100E-06 796590  90306 292338  1.1500E-05
     170   109    24      467 796590  0.0000E+00  7.8500E-04  467 796590  0.0000E+00  1.0700E-03 796590  22621 690688 -1.0700E-03
     171   109    24      468 796590  0.0000E+00  1.2400E-03  468 796590  0.0000E+00  1.3000E-03 796590  67154 606576  1.0200E-03
      71   109    24      469 796590  0.0000E+00  1.0000E+02  469 796590  0.0000E+00  1.0000E+02 796590 260054   3078 -1.0000E+02
     135   109    24      470 796590 -2.2419E-10  1.2500E-03  470 796590 -6.3085E-10  1.3400E-03 796590 796590 536085 -1.3000E-03
     131   109    24      471 796590  0.0000E+00  1.0000E+00  471 796590  0.0000E+00  1.0000E+00 796590  24763   1747  1.0000E+00
     132   109    24      472 796590  0.0000E+00  1.0000E+00  472 796590  0.0000E+00  1.0000E+00 796590  54117 122639 -1.0000E+00
     133   109    24      473 796590  1.0000E+00  4.5300E+01  473 796590  1.0000E+00  4.5300E+01 796590  11920 111202  4.4300E+01
       7   109    24      474 796590  1.6376E+03  4.9791E+03  474 796590  1.6360E+03  4.9785E+03 796590 796590  36178  2.0853E+01
      11   109    24      475 796590  2.3863E+02  2.9232E+02  475 796590  2.3886E+02  2.9273E+02 796590 796590 385619 -7.7936E+00
      51   109    24      476 796590  3.7885E-07  1.4300E-02  476 796590  2.1191E-06  1.4302E-02 796590 796590 183262  7.9983E-03
      33   109    24      477 795755 -2.5384E+01  3.1897E+01  477 795755 -2.6703E+01  2.9626E+01 795755 795755 525587  1.3674E+01
      34   109    24      478 795755 -3.2126E+01  4.3327E+01  478 795755 -3.1563E+01  4.1701E+01 795755 795753 524631  1.5249E+01
      39   109    24      479 796590 -6.0001E+00  3.9062E+00  479 796590 -5.7507E+00  3.7806E+00 796590 796590 527492 -5.0619E+00
      40   109    24      480 796590 -4.4924E-01  6.1326E-01  480 796590 -4.1013E-01  5.5862E-01 796590 796590 526537  5.2339E-01
     158   109    24      481 796590 -1.1383E-01  1.1086E+01  481 796590 -4.0574E-01  1.3294E+01 796590 796590 131189 -1.1408E+01
     241   109    24      482 796590 -1.0933E-03  1.1067E-03  482 796590 -8.3581E-04  1.3242E-03 796590 796590 518902  1.0925E-03
     242   109    24      483 796590 -6.7539E-04  6.3711E-04  483 796590 -8.5564E-04  6.5686E-04 796590 796590  70467 -7.3224E-04
       1   109    25      484 796590  5.4976E+04  8.0276E+04  484 796590  5.4971E+04  8.0271E+04 796590 796590 343769  2.0464E+02
     153   109    25      485 796590  0.0000E+00  1.1100E-03  485 796590  0.0000E+00  1.3000E-03 796590  22252  75995 -1.1000E-03
      58   109    25      486 796590  0.0000E+00  1.1800E-05  486 796590  0.0000E+00  6.4300E-06 796590  89351 682098  1.1700E-05
     170   109    25      487 796590  0.0000E+00  1.4500E-03  487 796590  0.0000E+00  1.0100E-03 796590  14228 523671  1.2500E-03
     171   109    25      488 796590  0.0000E+00  1.3600E-03  488 796590  0.0000E+00  1.3400E-03 796590  65741 461585  1.1800E-03
      71   109    25      489 796590  0.0000E+00  1.0000E+02  489 796590  0.0000E+00  1.0000E+02 796590 248610   3077 -1.0000E+02
     135   109    25      490 796590 -4.2519E-10  1.9100E-03  490 796590 -2.9587E-10  1.4200E-03 796590 796590 530351  1.6600E-03
     131   109    25      491 796590  0.0000E+00  1.0000E+00  491 796590  0.0000E+00  1.0000E+00 796590  20166   1757  1.0000E+00
     132   109    25      492 796590  0.0000E+00  1.0000E+00  492 796590  0.0000E+00  1.0000E+00 796590  51579  94036 -1.0000E+00
     133   109    25      493 796590  1.0000E+00  4.5300E+01  493 796590  1.0000E+00  4.5300E+01 796590  10059 111202  4.4300E+01
       7   109    25      494 796590  1.8571E+03  5.1198E+03  494 796590  1.8578E+03  5.1190E+03 796590 796590  36178  2.1094E+01
      11   109    25      495 796590  2.3848E+02  2.9242E+02  495 796590  2.3845E+02  2.9188E+02 796590 796590 324587  9.2199E+00
      51   109    25      496 796590  6.1372E-09  1.3100E-02  496 796590  2.4589E-08  1.3500E-02 796590 796590 491301  6.9000E-03
      33   109    25      497 795755 -2.6760E+01  3.2880E+01  497 795755 -2.8596E+01  3.2219E+01 795755 795755 272606  1.4189E+01
      34   109    25      498 795755 -3.4091E+01  4.3736E+01  498 795755 -3.2968E+01  4.3437E+01 795755 795755 523676  1.4268E+01
      39   109    25      499 796590 -6.1736E+00  3.2639E+00  499 796590 -5.8933E+00  3.1067E+00 796590 796590 528446 -5.1240E+00
      40   109    25      500 796590 -3.8083E-01  5.8792E-01  500 796590 -3.4070E-01  5.6555E-01 796590 796590 528446  5.5362E-01
     158   109    25      501 796590 -1.2316E-01  1.1177E+01  501 796590 -1.7179E-01  1.3528E+01 796590 796590 131189 -1.1251E+01
     241   109    25      502 796590 -9.4661E-04  1.2934E-03  502 796590 -8.3872E-04  1.5913E-03 796590 796590 519856  1.0521E-03
     242   109    25      503 796590 -7.1315E-04  6.3685E-04  503 796590 -8.7787E-04  6.5963E-04 796590 796590  70467 -7.9778E-04
       1   109    26      504 796590  5.3902E+04  7.7602E+04  504 796590  5.3898E+04  7.7598E+04 796590 796590 346629  2.0434E+02
     153   109    26      505 796590  0.0000E+00  1.2700E-03  505 796590  0.0000E+00  1.2900E-03 796590  15990 171537  1.0800E-03
      58   109    26      506 796590  0.0000E+00  1.2100E-05  506 796590  0.0000E+00  6.5100E-06 796590  86847 684007  1.1900E-05
     170   109    26      507 796590  0.0000E+00  1.3700E-03  507 796590  0.0000E+00  1.1800E-03 796590  11653 440579  1.2000E-03
     171   109    26      508 796590  0.0000E+00  1.6600E-03  508 796590  0.0000E+00  1.3100E-03 796590  64766 460631  1.5100E-03
      71   109    26      509 796590  0.0000E+00  1.0000E+02  509 796590  0.0000E+00  1.0000E+02 796590 217092   1170 -1.0000E+02
     135   109    26      510 796590 -7.1378E-10  1.6900E-03  510 796590 -8.3480E-10  1.4600E-03 796590 796590 529396  1.5700E-03
     131   109    26      511 796590  0.0000E+00  1.0000E+00  511 796590  0.0000E+00  1.0000E+00 796590  16429   1758  1.0000E+00
     132   109    26      512 796590  0.0000E+00  1.0000E+00  512 796590  0.0000E+00  1.0000E+00 796590  48012 116901  1.0000E+00
     133   109    26      513 796590  1.0000E+00  4.5300E+01  513 796590  1.0000E+00  4.5300E+01 796590   7869   2719  4.4300E+01
       7   109    26      514 796590  2.1051E+03  5.2771E+03  514 796590  2.1059E+03  5.2764E+03 796590 796590  36178  2.0806E+01
      11   109    26      515 796590  2.3822E+02  2.9010E+02  515 796590  2.3813E+02  2.9100E+02 796590 796590 486436 -7.8427E+00
      51   109    26      516 796590  8.3454E-07  1.2001E-02  516 796590  5.6206E-07  1.2301E-02 796590 796590 179370  6.5003E-03
      33   109    26      517 795755 -2.7465E+01  3.5101E+01  517 795755 -2.8757E+01  3.4026E+01 795755 795755 405333  1.4125E+01
      34   109    26      518 795755 -3.5080E+01  4.7451E+01  518 795755 -3.2785E+01  4.6356E+01 795755 795753 524630  1.2498E+01
      39   109    26      519 796590 -6.2287E+00  2.7088E+00  519 796590 -5.9113E+00  2.7137E+00 796590 796590 528446 -4.7549E+00
      40   109    26      520 796590 -3.2130E-01  6.1620E-01  520 796590 -2.9973E-01  5.7527E-01 796590 796590 528446  5.0968E-01
     158   109    26      521 796590 -1.2480E-01  1.1075E+01  521 796590 -1.2677E-01  1.3573E+01 796590 796590 131189 -1.1198E+01
     241   109    26      522 796590 -7.0776E-04  1.4622E-03  522 796590 -8.5018E-04  1.7598E-03 796590 796590  84586 -1.0876E-03
     242   109    26      523 796590 -7.6004E-04  7.5246E-04  523 796590 -8.9823E-04  7.7677E-04 796590 796590  70467 -8.2431E-04
       1   109    27      524 796590  5.2738E+04  7.4638E+04  524 796590  5.2734E+04  7.4634E+04 796590 796590 354260  2.0400E+02
     153   109    27      525 796590  0.0000E+00  1.0400E-03  525 796590  0.0000E+00  9.1700E-04 796590  14272 170582 -9.1700E-04
      58   109    27      526 796590  0.0000E+00  1.2400E-05  526 796590  0.0000E+00  6.6500E-06 796590  85532 684007  1.2200E-05
     170   109    27      527 796590  0.0000E+00  1.2900E-03  527 796590  0.0000E+00  7.7900E-04 796590  12097 529625  1.2440E-03
     171   109    27      528 796590  0.0000E+00  1.7800E-03  528 796590  0.0000E+00  1.5300E-03 796590  64552 530351  1.5300E-03
      71   109    27      529 796590  0.0000E+00  1.0000E+02  529 796590  0.0000E+00  1.0000E+02 796590 185634   1170 -1.0000E+02
     135   109    27      530 796590 -2.7106E-10  1.7800E-03  530 796590 -4.1075E-10  1.5500E-03 796590 796590 530351  1.5300E-03
     131   109    27      531 796590  0.0000E+00  1.0000E+00  531 796590  0.0000E+00  1.0000E+00 796590  12648   1758 -1.0000E+00
     132   109    27      532 796590  0.0000E+00  1.0000E+00  532 796590  0.0000E+00  1.0000E+00 796590  46757 114990  1.0000E+00
     133   109    27      533 796590  1.0000E+00  4.5300E+01  533 796590  1.0000E+00  4.5300E+01 796590   7060   2720  4.4300E+01
       7   109    27      534 796590  2.3814E+03  5.4509E+03  534 796590  2.3816E+03  5.4502E+03 796590 796590 499722  2.0095E+01
      11   109    27      535 796590  2.3790E+02  2.8878E+02  535 796590  2.3799E+02  2.8799E+02 796590 796590 607063  6.1621E+00
      51   109    27      536 796590  1.5373E-06  1.1602E-02  536 796590  1.9900E-07  1.1600E-02 796590 796590 205919 -7.5987E-03
      33   109    27      537 795755 -2.7414E+01  3.5242E+01  537 795755 -2.7622E+01  3.4848E+01 795755 795755 406287  1.4971E+01
      34   109    27      538 795755 -3.3790E+01  5.0757E+01  538 795755 -3.0062E+01  4.9750E+01 795755 795755 517824 -1.2275E+01
      39   109    27      539 796590 -6.2140E+00  2.6297E+00  539 796590 -5.8578E+00  2.4860E+00 796590 796590 529409  4.1750E+00
      40   109    27      540 796590 -3.0122E-01  6.3628E-01  540 796590 -2.9377E-01  6.1248E-01 796590 796590 529409 -4.7620E-01
     158   109    27      541 796590 -1.1689E-01  1.0683E+01  541 796590 -1.8137E-01  1.3519E+01 796590 796590 115930 -1.2436E+01
     241   109    27      542 796590 -6.9861E-04  1.5614E-03  542 796590 -7.7603E-04  1.8640E-03 796590 796590  85541 -1.2426E-03
     242   109    27      543 796590 -7.4277E-04  8.4473E-04  543 796590 -8.5310E-04  8.4690E-04 796590 796590  70467 -7.8967E-04
       1   109    28      544 796590  5.1495E+04  7.1595E+04  544 796590  5.1491E+04  7.1591E+04 796590 796590 351404  2.0366E+02
     153   109    28      545 796590  0.0000E+00  1.2100E-03  545 796590  0.0000E+00  9.0400E-04 796590  11735  64825  1.2100E-03
      58   109    28      546 796590  0.0000E+00  1.2700E-05  546 796590  0.0000E+00  6.8000E-06 796590  83822 684007  1.2600E-05
     170   109    28      547 796590  0.0000E+00  1.3100E-03  547 796590  0.0000E+00  1.5400E-03 796590   8457 502887 -1.5400E-03
     171   109    28      548 796590  0.0000E+00  2.0200E-03  548 796590  0.0000E+00  1.7800E-03 796590  66975 523875  1.9900E-03
      71   109    28      549 796590  0.0000E+00  1.0000E+02  549 796590  0.0000E+00  1.0000E+02 796590 162755   2124 -1.0000E+02
     135   109    28      550 796590 -4.6794E-10  2.3400E-03  550 796590 -9.8237E-10  2.1000E-03 796590 796590 521966  2.1000E-03
     131   109    28      551 796590  0.0000E+00  1.0000E+00  551 796590  0.0000E+00  1.0000E+00 796590  10884   1758 -1.0000E+00
     132   109    28      552 796590  0.0000E+00  1.0000E+00  552 796590  0.0000E+00  1.0000E+00 796590  46638   3670 -1.0000E+00
     133   109    28      553 796590  1.0000E+00  4.5300E+01  553 796590  1.0000E+00  4.5300E+01 796590   7423   1761 -4.4300E+01
       7   109    28      554 796590  2.6842E+03  5.6401E+03  554 796590  2.6838E+03  5.6396E+03 796590 796590 500676  2.2347E+01
      11   109    28      555 796590  2.3754E+02  2.8611E+02  555 796590  2.3745E+02  2.8577E+02 796590 796590 641912  6.1529E+00
      51   109    28      556 796590  3.7137E-08  1.0500E-02  556 796590  1.5969E-07  1.0900E-02 796590 796590 140247  7.2999E-03
      33   109    28      557 795755 -2.6560E+01  3.7579E+01  557 795755 -2.6820E+01  3.7887E+01 795755 795755 407241  1.6570E+01
      34   109    28      558 795755 -3.1166E+01  5.1567E+01  558 795755 -2.9475E+01  5.3135E+01 795755 795755 532691 -1.2365E+01
      39   109    28      559 796590 -6.0813E+00  3.0125E+00  559 796590 -5.6520E+00  2.8167E+00 796590 796590 529409  3.8832E+00
      40   109    28      560 796590 -3.5857E-01  6.4143E-01  560 796590 -3.4084E-01  5.9666E-01 796590 796590 502883 -4.2398E-01
     158   109    28      561 796590 -7.5164E-02  1.0025E+01  561 796590 -1.2080E-01  1.3279E+01 796590 796590 131189 -1.2054E+01
     241   109    28      562 796590 -1.0794E-03  1.5606E-03  562 796590 -6.9924E-04  1.8508E-03 796590 796590  85541 -1.3502E-03
     242   109    28      563 796590 -6.7292E-04  8.0208E-04  563 796590 -7.7869E-04  8.0881E-04 796590 796590  58989  7.0577E-04
       1   109    29      564 796590  5.0195E+04  6.8395E+04  564 796590  5.0192E+04  6.8392E+04 796590 796590 739061  2.0332E+02
     153   109    29      565 796590  0.0000E+00  1.0400E-03  565 796590  0.0000E+00  8.6800E-04 796590   7633  64825  8.8000E-04
      58   109    29      566 796590  0.0000E+00  1.2700E-05  566 796590  0.0000E+00  6.9000E-06 796590  82758 427220  1.2200E-05
     170   109    29      567 796590  0.0000E+00  3.7000E-04  567 796590  0.0000E+00  6.1800E-04 796590   3220 388170 -6.1800E-04
     171   109    29      568 796590  0.0000E+00  2.2600E-03  568 796590  0.0000E+00  1.9800E-03 796590  69528 523875  2.1600E-03
      71   109    29      569 796590  0.0000E+00  1.0000E+02  569 796590  0.0000E+00  1.0000E+02 796590 144813   1098 -1.0000E+02
     135   109    29      570 796590 -5.3205E-10  2.2900E-03  570 796590 -2.8098E-10  1.9800E-03 796590 796590 522920  2.1800E-03
     131   109    29      571 796590  0.0000E+00  1.0000E+00  571 796590  0.0000E+00  1.0000E+00 796590   3705   1758 -1.0000E+00
     132   109    29      572 796590  0.0000E+00  1.0000E+00  572 796590  0.0000E+00  1.0000E+00 796590  45837   2715 -1.0000E+00
     133   109    29      573 796590  1.0000E+00  4.5300E+01  573 796590  1.0000E+00  4.5300E+01 796590   6932   1760 -4.4300E+01
       7   109    29      574 796590  3.0104E+03  5.8423E+03  574 796590  3.0092E+03  5.8418E+03 796590 796590 501631  2.3350E+01
      11   109    29      575 796590  2.3645E+02  2.8458E+02  575 796590  2.3615E+02  2.8384E+02 796590 796590 131250  6.5552E+00
      51   109    29      576 796590  1.5585E-06  9.7916E-03  576 796590  4.0321E-08  9.8100E-03 796590 796590 148782  6.1115E-03
      33   109    29      577 795755 -2.4901E+01  3.9082E+01  577 795755 -2.5818E+01  4.0183E+01 795755 795755 408195  1.4761E+01
      34   109    29      578 795755 -2.9368E+01  5.3601E+01  578 795755 -3.1126E+01  5.4967E+01 795755 795755 122629 -1.3579E+01
      39   109    29      579 796590 -5.8684E+00  3.1941E+00  579 796590 -5.4169E+00  2.8643E+00 796590 796590 606578 -3.9202E+00
      40   109    29      580 796590 -3.9562E-01  6.3563E-01  580 796590 -3.5606E-01  5.8144E-01 796590 796590 606578  4.6043E-01
     158   109    29      581 796590 -7.7956E-02  8.6220E+00  581 796590 -1.2978E-01  1.2770E+01 796590 796590 131189 -1.0118E+01
     241   109    29      582 796590 -1.3309E-03  1.4691E-03  582 796590 -5.9617E-04  1.7238E-03 796590 796590  84587 -1.4048E-03
     242   109    29      583 796590 -7.9266E-04  7.3234E-04  583 796590 -7.2704E-04  6.3546E-04 796590 796590  58990  7.4689E-04
       1   109    30      584 796590  4.8850E+04  6.5050E+04  584 796590  4.8848E+04  6.5048E+04 796590 796590 740013  2.0295E+02
     153   109    30      585 796590  0.0000E+00  1.1400E-03  585 796590  0.0000E+00  9.3200E-04 796590   3919  86496 -9.3200E-04
      58   109    30      586 796590  0.0000E+00  1.2700E-05  586 796590  0.0000E+00  7.0800E-06 796590  86854 428176  1.2700E-05
     170   109    30      587 796590  0.0000E+00  5.7700E-04  587 796590  0.0000E+00  4.2100E-04 796590    847  61846  5.7700E-04
     171   109    30      588 796590  0.0000E+00  2.5900E-03  588 796590  0.0000E+00  2.2900E-03 796590  70018 522920  2.4400E-03
      71   109    30      589 796590  0.0000E+00  1.0000E+02  589 796590  0.0000E+00  1.0000E+02 796590 136059   2705 -1.0000E+02
     135   109    30      590 796590 -5.4285E-10  2.6000E-03  590 796590 -7.4402E-10  2.2900E-03 796590 796590 522920  2.4400E-03
     131   109    30      591 796590  0.0000E+00  1.0000E+00  591 796590  0.0000E+00  1.0000E+00 796590   1144   1757 -1.0000E+00
     132   109    30      592 796590  0.0000E+00  1.0000E+00  592 796590  0.0000E+00  1.0000E+00 796590  43651   1760 -1.0000E+00
     133   109    30      593 796590  1.0000E+00  4.5300E+01  593 796590  1.0000E+00  4.5300E+01 796590   4648   1759 -4.4300E+01
       7   109    30      594 796590  3.3581E+03  6.0561E+03  594 796590  3.3561E+03  6.0555E+03 796590 796590 502585  2.3513E+01
      11   109    30      595 796590  2.3474E+02  2.8230E+02  595 796590  2.3454E+02  2.8166E+02 796590 796590 452283 -4.2360E+00
      51   109    30      596 796590  3.2541E-08  9.1300E-03  596 796590  2.0925E-07  8.7102E-03 796590 796590  62620 -5.2202E-03
      33   109    30      597 795755 -2.2885E+01  4.1147E+01  597 795755 -2.4563E+01  4.1671E+01 795755 795755 458725 -1.4654E+01
      34   109    30      598 795755 -3.1558E+01  5.6051E+01  598 795755 -3.2513E+01  5.6315E+01 795755 795755 397706 -1.5920E+01
      39   109    30      599 796590 -5.4732E+00  3.1205E+00  599 796590 -5.0289E+00  2.9086E+00 796590 796590 606578 -3.8506E+00
      40   109    30      600 796590 -4.0042E-01  6.3083E-01  600 796590 -3.7044E-01  5.6706E-01 796590 796590 502883 -4.6748E-01
     158   109    30      601 796590 -7.6620E-02  7.8234E+00  601 796590 -1.8483E-01  1.2615E+01 796590 796590 112119 -1.2412E+01
     241   109    30      602 796590 -1.4379E-03  1.2521E-03  602 796590 -9.3041E-04  1.4296E-03 796590 796590  58989 -1.4375E-03
     242   109    30      603 796590 -5.7917E-04  6.7083E-04  603 796590 -6.9534E-04  5.5466E-04 796590 796590  58990  7.9117E-04
       1   109    31      604 796590  4.7461E+04  6.1661E+04  604 796590  4.7459E+04  6.1659E+04 796590 796590 741922  2.0261E+02
     153   109    31      605 796590  0.0000E+00  9.4000E-04  605 796590  0.0000E+00  9.6000E-04 796590   2723  85541 -9.6000E-04
      58   109    31      606 796590  0.0000E+00  1.3900E-05  606 796590  0.0000E+00  7.2800E-06 796590  91600 119783  1.3900E-05
     170   109    31      607 796590  0.0000E+00  9.7400E-04  607 796590  0.0000E+00  1.0300E-03 796590    809  53244 -1.0300E-03
     171   109    31      608 796590  0.0000E+00  2.5400E-03  608 796590  0.0000E+00  2.6200E-03 796590  70231 517196 -2.5800E-03
      71   109    31      609 796590  0.0000E+00  1.0000E+02  609 796590  0.0000E+00  1.0000E+02 796590 132385   2124 -1.0000E+02
     135   109    31      610 796590 -2.3658E-10  2.5500E-03  610 796590 -4.5389E-10  2.6300E-03 796590 796590 517196 -2.5800E-03
     131   109    31      611 796590  0.0000E+00  1.0000E+00  611 796590  0.0000E+00  1.0000E+00 796590   1052   1757 -1.0000E+00
     132   109    31      612 796590  0.0000E+00  1.0000E+00  612 796590  0.0000E+00  1.0000E+00 796590  42144   1759 -1.0000E+00
     133   109    31      613 796590  1.0000E+00  4.5300E+01  613 796590  1.0000E+00  4.5300E+01 796590   3060   1759 -4.4300E+01
       7   109    31      614 796590  3.7270E+03  6.2820E+03  614 796590  3.7240E+03  6.2815E+03 796590 796590 502586  2.3495E+01
      11   109    31      615 796590  2.3345E+02  2.7963E+02  615 796590  2.3292E+02  2.7917E+02 796590 796590 330841 -4.4775E+00
      51   109    31      616 796590  1.1016E-10  8.2900E-03  616 796590  2.3592E-10  7.8100E-03 796590 796266 169093  6.0100E-03
      33   109    31      617 795755 -2.2437E+01  4.2048E+01  617 795755 -2.3273E+01  4.2618E+01 795755 795755 469233 -1.8390E+01
      34   109    31      618 795755 -3.3216E+01  5.8018E+01  618 795755 -3.5214E+01  5.7615E+01 795755 795754 396752 -1.5986E+01
      39   109    31      619 796590 -5.0004E+00  2.6871E+00  619 796590 -4.5946E+00  2.7492E+00 796590 796590 516243  4.0004E+00
      40   109    31      620 796590 -3.5400E-01  5.8350E-01  620 796590 -3.6441E-01  5.7309E-01 796590 796590 516243 -5.2085E-01
     158   109    31      621 796590 -8.4831E-02  7.0152E+00  621 796590 -1.1803E-01  1.1882E+01 796590 796590 112119 -1.1857E+01
     241   109    31      622 796590 -1.3223E-03  1.1977E-03  622 796590 -7.0884E-04  1.0212E-03 796590 796590  58989 -1.3135E-03
     242   109    31      623 796590 -5.8485E-04  5.6515E-04  623 796590 -5.7165E-04  5.2835E-04 796590 796590  58990  7.1180E-04
       1   109    32      624 796590  4.6034E+04  5.8334E+04  624 796590  4.6032E+04  5.8332E+04 796590 796590    878  1.0220E+02
     153   109    32      625 796590  0.0000E+00  1.0200E-03  625 796590  0.0000E+00  9.7800E-04 796590   1469  81723 -9.7800E-04
      58   109    32      626 796590  0.0000E+00  1.4400E-05  626 796590  0.0000E+00  7.4900E-06 796590  96688 119784  1.4400E-05
     170   109    32      627 796590  0.0000E+00  9.0300E-05  627 796590  0.0000E+00  3.5100E-04 796590    552  43706 -3.5100E-04
     171   109    32      628 796590  0.0000E+00  2.2600E-03  628 796590  0.0000E+00  2.9700E-03 796590  70714 517196 -2.9500E-03
      71   109    32      629 796590  0.0000E+00  1.0000E+02  629 796590  0.0000E+00  1.0000E+02 796590 132960   1783  1.0000E+02
     135   109    32      630 796590 -5.3251E-10  2.2700E-03  630 796590 -9.7884E-11  2.9700E-03 796590 796590 517196 -2.9500E-03
     131   109    32      631 796590  0.0000E+00  1.0000E+00  631 796590  0.0000E+00  1.0000E+00 796590    597   1758 -1.0000E+00
     132   109    32      632 796590  0.0000E+00  1.0000E+00  632 796590  0.0000E+00  1.0000E+00 796590  45242   2712 -1.0000E+00
     133   109    32      633 796590  1.0000E+00  4.5300E+01  633 796590  1.0000E+00  4.5300E+01 796590   2676   2712 -4.4300E+01
       7   109    32      634 796590  4.1165E+03  6.5199E+03  634 796590  4.1128E+03  6.5194E+03 796590 796590 493020  2.7770E+01
      11   109    32      635 796590  2.3078E+02  2.7659E+02  635 796590  2.3120E+02  2.7614E+02 796590 796590 347067 -4.4859E+00
      51   109    32      636 796590  2.0874E-08  7.2000E-03  636 796590  5.3562E-08  6.8001E-03 796590 796590  83103 -4.5700E-03
      33   109    32      637 795755 -2.2959E+01  4.3818E+01  637 795755 -2.6142E+01  4.4702E+01 795755 795755 469232 -1.8791E+01
      34   109    32      638 795755 -3.5466E+01  6.0332E+01  638 795755 -3.7575E+01  5.8363E+01 795755 795755 361433 -1.6156E+01
      39   109    32      639 796590 -5.1297E+00  2.4015E+00  639 796590 -4.7957E+00  2.7043E+00 796590 796590 516243  4.5722E+00
      40   109    32      640 796590 -3.4086E-01  6.9039E-01  640 796590 -3.7765E-01  6.5360E-01 796590 796590 516243 -6.1947E-01
     158   109    32      641 796590 -9.2239E-02  4.8078E+00  641 796590 -6.1385E-02  1.0839E+01 796590 796590 112119 -1.0821E+01
     241   109    32      642 796590 -1.1530E-03  1.1270E-03  642 796590 -9.6273E-04  9.5727E-04 796590 796590  58035 -1.0903E-03
     242   109    32      643 796590 -1.0822E-03  5.6785E-04  643 796590 -8.1946E-04  5.4304E-04 796590 796590  58037  6.4981E-04
       1   109    33      644 796590  4.4568E+04  5.4868E+04  644 796590  4.4566E+04  5.4866E+04 796590 796590   2757  1.0186E+02
     153   109    33      645 796590  0.0000E+00  2.9700E-04  645 796590  0.0000E+00  6.9400E-04 796590   1614  79817 -5.4000E-04
      58   109    33      646 796590  0.0000E+00  1.6000E-05  646 796590  0.0000E+00  7.7200E-06 796590 102602  61847  1.6000E-05
     170   109    33      647 796590  0.0000E+00  8.0300E-05  647 796590  0.0000E+00  5.8300E-05 796590     36 705957  8.0300E-05
     171   109    33      648 796590  0.0000E+00  1.9500E-03  648 796590  0.0000E+00  3.1400E-03 796590  70348 517196 -3.1400E-03
      71   109    33      649 796590  0.0000E+00  1.0000E+02  649 796590  0.0000E+00  1.0000E+02 796590 136605   1171 -1.0000E+02
     135   109    33      650 796590 -2.1646E-10  1.9500E-03  650 796590 -8.1513E-11  3.1500E-03 796590 796590 517196 -3.1400E-03
     131   109    33      651 796590  0.0000E+00  1.0000E+00  651 796590  0.0000E+00  1.0000E+00 796590     52  81726 -1.0000E+00
     132   109    33      652 796590  0.0000E+00  1.0000E+00  652 796590  0.0000E+00  1.0000E+00 796590  47565   3668  1.0000E+00
     133   109    33      653 796590  1.0000E+00  4.5300E+01  653 796590  1.0000E+00  4.5300E+01 796590   2455   3669  4.4300E+01
       7   109    33      654 796590  4.5187E+03  6.7705E+03  654 796590  4.5176E+03  6.7701E+03 796590 796590 493975  3.1762E+01
      11   109    33      655 796590  2.2799E+02  2.7349E+02  655 796590  2.2861E+02  2.7336E+02 796590 796590 485414  3.8761E+00
      51   109    33      656 796590  9.5124E-11  6.4000E-03  656 796590  1.7375E-07  6.6602E-03 796590 796590 101794 -5.0102E-03
      33   109    33      657 795755 -2.4467E+01  4.6499E+01  657 795755 -2.9762E+01  4.6907E+01 795755 795750 469232 -1.6260E+01
      34   109    33      658 795755 -3.7792E+01  6.1582E+01  658 795755 -3.9983E+01  5.8252E+01 795755 795755 496843 -1.5483E+01
      39   109    33      659 796590 -5.5382E+00  2.3368E+00  659 796590 -5.3317E+00  2.6370E+00 796590 796590 516243  5.1686E+00
      40   109    33      660 796590 -3.4557E-01  7.7943E-01  660 796590 -3.8266E-01  7.7359E-01 796590 796590 516243 -7.4416E-01
     158   109    33      661 796590 -2.0579E-02  4.5394E+00  661 796590 -1.3931E-01  8.0807E+00 796590 796590 112119 -8.0613E+00
     241   109    33      662 796590 -1.2240E-03  1.0260E-03  662 796590 -8.9278E-04  9.0722E-04 796590 796590  98096 -9.6119E-04
     242   109    33      663 796590 -9.9878E-04  8.2622E-04  663 796590 -1.1782E-03  6.9681E-04 796590 796590  80742  1.1044E-03
       1   109    34      664 796590  4.3055E+04  5.1425E+04  664 796590  4.3054E+04  5.1424E+04 796590 796590 740013  6.1484E+01
     153   109    34      665 796590  0.0000E+00  2.8700E-04  665 796590  0.0000E+00  4.5300E-04 796590   1460  94137 -4.5300E-04
      58   109    34      666 796590  0.0000E+00  1.7100E-05  666 796590  0.0000E+00  8.0000E-06 796590 108929  59943  1.7100E-05
     170   109    34      667 796590  0.0000E+00  7.1500E-05  667 796590  0.0000E+00  1.2400E-05 796590     15 706911  7.1500E-05
     171   109    34      668 796590  0.0000E+00  1.5800E-03  668 796590  0.0000E+00  3.1500E-03 796590  69977 517196 -3.1500E-03
      71   109    34      669 796590  0.0000E+00  1.0000E+02  669 796590  0.0000E+00  1.0000E+02 796590 141112   2124 -1.0000E+02
     135   109    34      670 796590 -4.3843E-10  1.5900E-03  670 796590  3.8895E-24  3.1600E-03 796590 796590 517196 -3.1600E-03
     131   109    34      671 796590  0.0000E+00  1.0000E+00  671 796590  0.0000E+00  1.0000E+00 796590     37   8324 -1.0000E+00
     132   109    34      672 796590  0.0000E+00  1.0000E+00  672 796590  0.0000E+00  1.0000E+00 796590  50384   3668  1.0000E+00
     133   109    34      673 796590  1.0000E+00  4.5300E+01  673 796590  1.0000E+00  4.5300E+01 796590   2095   3669  4.4300E+01
       7   109    34      674 796590  4.9435E+03  7.0360E+03  674 796590  4.9434E+03  7.0358E+03 796590 796590 494931  3.3918E+01
      11   109    34      675 796590  2.2572E+02  2.7084E+02  675 796590  2.2653E+02  2.7121E+02 796590 796590 193956  3.8166E+00
      51   109    34      676 796590  8.9690E-11  5.9700E-03  676 796590  2.5017E-07  5.9303E-03 796590 796590   8324 -4.9603E-03
      33   109    34      677 795755 -2.5908E+01  4.8577E+01  677 795755 -3.1918E+01  4.8628E+01 795755 795755 432942 -1.4541E+01
      34   109    34      678 795755 -4.1917E+01  6.1816E+01  678 795755 -4.2229E+01  5.9209E+01 795755 795732 572733 -1.8048E+01
      39   109    34      679 796590 -5.6001E+00  2.2124E+00  679 796590 -5.7222E+00  2.4966E+00 796590 796590 516243  5.5908E+00
      40   109    34      680 796590 -3.4375E-01  8.4375E-01  680 796590 -3.7742E-01  8.7258E-01 796590 796590 516243 -8.4133E-01
     158   109    34      681 796590 -1.6209E-02  2.9738E+00  681 796590 -6.8390E-02  2.9516E+00 796590 796590 353745  2.9522E+00
     241   109    34      682 796590 -1.1372E-03  9.5283E-04  682 796590 -1.0341E-03  8.4594E-04 796590 796590  59943  8.7689E-04
     242   109    34      683 796590 -1.4421E-03  8.0791E-04  683 796590 -4.5635E-04  7.1865E-04 796590 796590  74074 -1.6857E-03
       1   109    35      684 796590  4.1489E+04  4.7999E+04  684 796590  4.1488E+04  4.7998E+04 796590 796590 740013  5.1133E+01
     153   109    35      685 796590  0.0000E+00  2.5000E-04  685 796590  0.0000E+00  3.1700E-04 796590   1468 515289 -3.1700E-04
      58   109    35      686 796590  0.0000E+00  1.7000E-05  686 796590  0.0000E+00  8.4300E-06 796590 116064  63758  1.7000E-05
     170   109    35      687 796590  0.0000E+00  8.3900E-06  687 796590  0.0000E+00  3.9600E-07 796590     22 709775  8.3900E-06
     171   109    35      688 796590  0.0000E+00  1.4700E-03  688 796590  0.0000E+00  3.0300E-03 796590  67949 517196 -3.0300E-03
      71   109    35      689 796590  0.0000E+00  1.0000E+02  689 796590  0.0000E+00  1.0000E+02 796590 147204   1170 -1.0000E+02
     135   109    35      690 796590 -8.7130E-10  1.4900E-03  690 796590 -5.4922E-10  3.0400E-03 796590 796590 517196 -3.0400E-03
     131   109    35      691 796590  0.0000E+00  1.0000E+00  691 796590  0.0000E+00  1.0000E+00 796590     16  15426 -1.0000E+00
     132   109    35      692 796590  0.0000E+00  1.0000E+00  692 796590  0.0000E+00  1.0000E+00 796590  53395   1159 -1.0000E+00
     133   109    35      693 796590  1.0000E+00  4.5300E+01  693 796590  1.0000E+00  4.5300E+01 796590   1620   4622  4.4300E+01
       7   109    35      694 796590  5.3911E+03  7.3191E+03  694 796590  5.3918E+03  7.3188E+03 796590 796590 496840  3.4211E+01
      11   109    35      695 796590  2.2356E+02  2.6763E+02  695 796590  2.2332E+02  2.6813E+02 796590 796590 455263 -3.5651E+00
      51   109    35      696 796590  2.8838E-09  5.0400E-03  696 796590  7.5919E-11  5.4400E-03 796590 796590   8323 -4.4100E-03
      33   109    35      697 795755 -2.5801E+01  5.2558E+01  697 795755 -3.1602E+01  5.2614E+01 795755 795755 556501 -1.1853E+01
      34   109    35      698 795755 -4.9125E+01  6.0846E+01  698 795755 -4.7656E+01  6.1720E+01 795755 795755 569870 -1.8843E+01
      39   109    35      699 796590 -5.3275E+00  2.1725E+00  699 796590 -6.0706E+00  2.3044E+00 796590 796590 516242  5.7743E+00
      40   109    35      700 796590 -3.5582E-01  8.3168E-01  700 796590 -3.8326E-01  9.6049E-01 796590 796590 516242 -9.1006E-01
     158   109    35      701 796590 -4.6109E-02  4.9939E+00  701 796590 -6.3321E-02  3.7867E+00 796590 796590 345144  4.8672E+00
     241   109    35      702 796590 -9.3389E-04  8.8611E-04  702 796590 -9.6567E-04  8.0433E-04 796590 796590 775600  8.9178E-04
     242   109    35      703 796590 -3.1170E-04  8.6330E-04  703 796590 -2.5838E-04  8.1662E-04 796590 796590 129749 -8.2833E-04
       1   109    36      704 796590  3.9850E+04  4.4600E+04  704 796590  3.9849E+04  4.4599E+04 796590 796590 741921  4.0820E+01
     153   109    36      705 796590  0.0000E+00  2.5200E-04  705 796590  0.0000E+00  4.4800E-04 796590   1533  17334 -4.4800E-04
      58   109    36      706 796590  0.0000E+00  9.0400E-06  706 796590  0.0000E+00  8.9500E-06 796590 121438  58989  9.0400E-06
     170   109    36      707 796590  0.0000E+00  7.0400E-09  707 796590  0.0000E+00  7.9700E-07 796590     14  17334 -7.9700E-07
     171   109    36      708 796590  0.0000E+00  1.5900E-03  708 796590  0.0000E+00  2.7400E-03 796590  67649 517196 -2.7400E-03
      71   109    36      709 796590  0.0000E+00  1.0000E+02  709 796590  0.0000E+00  1.0000E+02 796590 156977   1156 -1.0000E+02
     135   109    36      710 796590 -7.0486E-12  1.6000E-03  710 796590 -1.4961E-10  2.7500E-03 796590 796590 517196 -2.7500E-03
     131   109    36      711 796590  0.0000E+00  9.9900E-01  711 796590  0.0000E+00  9.2000E-01 796590      5  13098  9.9900E-01
     132   109    36      712 796590  0.0000E+00  1.0000E+00  712 796590  0.0000E+00  1.0000E+00 796590  59252   1159 -1.0000E+00
     133   109    36      713 796590  1.0000E+00  4.5300E+01  713 796590  1.0000E+00  4.5300E+01 796590   1360   4622  4.4300E+01
       7   109    36      714 796590  5.8626E+03  7.6244E+03  714 796590  5.8642E+03  7.6239E+03 796590 796590 498749  3.2832E+01
      11   109    36      715 796590  2.2101E+02  2.6538E+02  715 796590  2.1975E+02  2.6538E+02 796590 796590 518368  3.8830E+00
      51   109    36      716 796590  3.0678E-07  4.2903E-03  716 796590  1.0809E-07  4.2401E-03 796590 796590  21147 -3.7198E-03
      33   109    36      717 795755 -2.5391E+01  5.7874E+01  717 795755 -2.9867E+01  5.6882E+01 795755 795755 555547 -1.5319E+01
      34   109    36      718 795755 -5.4326E+01  6.2518E+01  718 795755 -5.2801E+01  6.3746E+01 795755 795755 439626 -1.5914E+01
      39   109    36      719 796590 -5.0760E+00  2.0802E+00  719 796590 -6.4611E+00  2.3201E+00 796590 796590 516242  6.1351E+00
      40   109    36      720 796590 -3.6010E-01  8.2740E-01  720 796590 -4.2239E-01  1.0776E+00 796590 796590 516242 -1.0315E+00
     158   109    36      721 796590 -5.1195E-02  3.8988E+00  721 796590 -1.6801E-02  5.3732E+00 796590 796590 358504 -4.6644E+00
     241   109    36      722 796590 -9.5277E-04  1.1072E-03  722 796590 -8.8956E-04  1.0404E-03 796590 796590  62781 -1.0432E-03
     242   109    36      723 796590 -2.4357E-04  9.5643E-04  723 796590 -2.2701E-04  9.2299E-04 796590 796590   3089  9.5844E-04
       1   109    37      724 796590  3.8104E+04  4.1264E+04  724 796590  3.8104E+04  4.1264E+04 796590 796590 740968  3.0535E+01
     153   109    37      725 796590  0.0000E+00  9.8300E-05  725 796590  0.0000E+00  2.6300E-04 796590   4236 675432 -2.6300E-04
      58   109    37      726 796590  0.0000E+00  9.4800E-06  726 796590  0.0000E+00  9.3800E-06 796590 125265  12261  9.4800E-06
     170   109    37      727 796590  0.0000E+00  0.0000E+00  727 796590  0.0000E+00  0.0000E+00 796590      0      0  0.0000E+00
     171   109    37      728 796590  0.0000E+00  1.4000E-03  728 796590  0.0000E+00  2.2500E-03 796590  63322 517196 -2.2500E-03
      71   109    37      729 796590  0.0000E+00  1.0000E+02  729 796590  0.0000E+00  1.0000E+02 796590 164010   1159 -1.0000E+02
     135   109    37      730 796590  3.1713E-24  1.4100E-03  730 796590 -6.1249E-10  2.2600E-03 796590 796590 517196 -2.2600E-03
     131   109    37      731 796590  0.0000E+00  0.0000E+00  731 796590  0.0000E+00  0.0000E+00 796590      0      0  0.0000E+00
     132   109    37      732 796590  0.0000E+00  1.0000E+00  732 796590  0.0000E+00  1.0000E+00 796590  50579   2115 -1.0000E+00
     133   109    37      733 796590  1.0000E+00  4.5300E+01  733 796590  1.0000E+00  4.5300E+01 796590   1189   4621  4.4300E+01
       7   109    37      734 796590  6.3592E+03  7.9610E+03  734 796590  6.3616E+03  7.9604E+03 796590 796590 500659  3.1184E+01
      11   109    37      735 796590  2.1849E+02  2.6199E+02  735 796590  2.1778E+02  2.6222E+02 796590 796590 503565 -3.2298E+00
      51   109    37      736 796590  1.2688E-06  3.2913E-03  736 796590  3.2512E-09  3.2500E-03 796590 796590  14492 -2.9387E-03
      33   109    37      737 795755 -2.5964E+01  6.0709E+01  737 795755 -2.8934E+01  6.0221E+01 795755 795755 499756  1.5409E+01
      34   109    37      738 795755 -5.6920E+01  6.6580E+01  738 795755 -5.7569E+01  6.5728E+01 795755 795755 567959 -1.5617E+01
      39   109    37      739 796590 -4.4864E+00  1.9198E+00  739 796590 -6.2311E+00  2.3939E+00 796590 796590 516242  5.9635E+00
      40   109    37      740 796590 -3.5551E-01  7.6949E-01  740 796590 -4.5920E-01  1.1033E+00 796590 796590 516241 -1.0838E+00
     158   109    37      741 796590 -1.0667E-01  4.8233E+00  741 796590 -3.0791E-02  5.4692E+00 796590 796590 545850 -5.4459E+00
     241   109    37      742 796590 -8.2521E-04  1.2248E-03  742 796590 -6.6261E-04  1.2274E-03 796590 796590  58990  1.0474E-03
     242   109    37      743 796590 -1.7350E-04  1.2265E-03  743 796590 -8.1506E-05  1.2685E-03 796590 796590   4035 -1.2670E-03
       1   109    38      744 796590  3.6186E+04  3.7996E+04  744 796590  3.6186E+04  3.7996E+04 796590 796590 739059  2.0281E+01
     153   109    38      745 796590  0.0000E+00  1.3600E-04  745 796590  0.0000E+00  2.2300E-04 796590   1201 675432 -2.2300E-04
      58   109    38      746 796590  0.0000E+00  9.9600E-06  746 796590  0.0000E+00  9.9300E-06 796590 126314  58036  9.9200E-06
     170   109    38      747 796590  0.0000E+00  0.0000E+00  747 796590  0.0000E+00  0.0000E+00 796590      0      0  0.0000E+00
     171   109    38      748 796590  0.0000E+00  1.0100E-03  748 796590  0.0000E+00  1.6800E-03 796590  59029 517195 -1.6800E-03
      71   109    38      749 796590  0.0000E+00  1.0000E+02  749 796590  0.0000E+00  1.0000E+02 796590 169731   1172 -1.0000E+02
     135   109    38      750 796590  3.7298E-24  1.0200E-03  750 796590 -8.8392E-11  1.6900E-03 796590 796590 517195 -1.6900E-03
     131   109    38      751 796590  0.0000E+00  0.0000E+00  751 796590  0.0000E+00  0.0000E+00 796590      0      0  0.0000E+00
     132   109    38      752 796590  0.0000E+00  1.0000E+00  752 796590  0.0000E+00  1.0000E+00 796590  46667   1782 -1.0000E+00
     133   109    38      753 796590  1.0000E+00  4.5300E+01  753 796590  1.0000E+00  4.5300E+01 796590   1161   6561 -4.4300E+01
       7   109    38      754 796590  6.8839E+03  8.3450E+03  754 796590  6.8870E+03  8.3445E+03 796590 796590 501614  2.9262E+01
      11   109    38      755 796590  2.1618E+02  2.5743E+02  755 796590  2.1667E+02  2.5799E+02 796590 796590 561276 -3.9969E+00
      51   109    38      756 796590  8.6897E-07  2.4609E-03  756 796590  7.6696E-07  2.3708E-03 796590 796590  31414 -1.7499E-03
      33   109    38      757 795755 -2.8141E+01  6.2420E+01  757 795755 -2.9252E+01  6.1422E+01 795755 795754 498802  1.8939E+01
      34   109    38      758 795755 -5.7964E+01  6.8739E+01  758 795755 -6.0665E+01  6.7194E+01 795755 795755 541806 -1.7081E+01
      39   109    38      759 796590 -3.7974E+00  1.6714E+00  759 796590 -5.9796E+00  2.3954E+00 796590 796590 516241  5.8697E+00
      40   109    38      760 796590 -3.3120E-01  7.6255E-01  760 796590 -4.7909E-01  1.1459E+00 796590 796590 516241 -1.1334E+00
     158   109    38      761 796590 -1.5105E-01  8.1989E+00  761 796590 -4.0281E-02  9.1597E+00 796590 796590 545850 -9.1408E+00
     241   109    38      762 796590 -5.6213E-04  1.3479E-03  762 796590 -6.3868E-04  1.1813E-03 796590 796590  58990  1.1266E-03
     242   109    38      763 796590 -2.4356E-05  1.5006E-03  763 796590 -8.3074E-05  1.4044E-03 796590 796590   2126 -1.4038E-03
       1   109    39      764 796590  3.4011E+04  3.4818E+04  764 796590  3.4011E+04  3.4819E+04 796590 796590 791480  7.0977E+00
     153   109    39      765 796590  0.0000E+00  1.5100E-04  765 796590  0.0000E+00  1.6200E-04 796590   1056 675432 -1.6200E-04
      58   109    39      766 796590  0.0000E+00  1.0500E-05  766 796590  0.0000E+00  1.0500E-05 796590 116155  15123  1.0500E-05
     170   109    39      767 796590  0.0000E+00  0.0000E+00  767 796590  0.0000E+00  0.0000E+00 796590      0      0  0.0000E+00
     171   109    39      768 796590  0.0000E+00  9.8400E-04  768 796590  0.0000E+00  1.2100E-03 796590  88349 517195 -1.2080E-03
      71   109    39      769 796590  0.0000E+00  1.0000E+02  769 796590  0.0000E+00  1.0000E+02 796590 175763   2705 -1.0000E+02
     135   109    39      770 796590  3.2586E-24  9.9400E-04  770 796590 -1.7309E-10  1.2200E-03 796590 796590 517195 -1.2180E-03
     131   109    39      771 796590  0.0000E+00  0.0000E+00  771 796590  0.0000E+00  0.0000E+00 796590      0      0  0.0000E+00
     132   109    39      772 796590  0.0000E+00  1.0000E+00  772 796590  0.0000E+00  1.0000E+00 796590  36330   1772 -1.0000E+00
     133   109    39      773 796590  1.0000E+00  4.5300E+01  773 796590  1.0000E+00  4.5300E+01 796590   1166   1772 -4.4300E+01
       7   109    39      774 796590  7.4403E+03  8.7999E+03  774 796590  7.4437E+03  8.7998E+03 796590 796590 563982  2.7176E+01
      11   109    39      775 796590  2.1524E+02  2.5242E+02  775 796590  2.1584E+02  2.5259E+02 796590 796590 378539 -3.3533E+00
      51   109    39      776 796590  5.0216E-07  1.7205E-03  776 796590  1.5787E-07  1.8002E-03 796590 796590   8505 -1.4897E-03
      33   109    39      777 795755 -3.0805E+01  6.4415E+01  777 795755 -3.2873E+01  6.3691E+01 795755 795755 496892  1.8754E+01
      34   109    39      778 795755 -6.1816E+01  6.9231E+01  778 795755 -6.4562E+01  6.7454E+01 795755 795755 541805 -1.5659E+01
      39   109    39      779 796590 -3.0750E+00  1.4250E+00  779 796590 -5.6046E+00  2.3329E+00 796590 796590 517195  5.5295E+00
      40   109    39      780 796590 -2.9341E-01  6.4409E-01  780 796590 -4.9281E-01  1.1322E+00 796590 796590 517195 -1.1131E+00
     158   109    39      781 796590 -5.8293E-02  6.7617E+00  781 796590 -3.3289E-02  4.8867E+00 796590 796590  45910  6.7250E+00
     241   109    39      782 796590 -3.1274E-04  1.4573E-03  782 796590 -4.3950E-04  1.0105E-03 796590 796590  58036  1.0968E-03
     242   109    39      783 796590 -2.2593E-05  1.3149E-03  783 796590 -9.8474E-06  1.3902E-03 796590 796590  48658  1.2873E-03
       1   109    40      784 796590  3.1546E+04  3.1780E+04  784 796590  3.1546E+04  3.1780E+04 796590 796590   3216 -3.0117E+00
     153   109    40      785 796590  0.0000E+00  1.3700E-04  785 796590  0.0000E+00  1.2800E-04 796590    667 280477  1.3700E-04
      58   109    40      786 796590  0.0000E+00  1.1100E-05  786 796590  0.0000E+00  1.1200E-05 796590 112220  12300 -1.1200E-05
     170   109    40      787 796590  0.0000E+00  0.0000E+00  787 796590  0.0000E+00  0.0000E+00 796590      0      0  0.0000E+00
     171   109    40      788 796590  0.0000E+00  9.6200E-04  788 796590  0.0000E+00  7.0100E-04 796590  81460  58990  7.0500E-04
      71   109    40      789 796590  0.0000E+00  1.0000E+02  789 796590  0.0000E+00  1.0000E+02 796590 174613   2705 -1.0000E+02
     135   109    40      790 796590 -2.1464E-10  9.7300E-04  790 796590 -2.9718E-10  7.1100E-04 796590 796590 517195 -7.1000E-04
     131   109    40      791 796590  0.0000E+00  0.0000E+00  791 796590  0.0000E+00  0.0000E+00 796590      0      0  0.0000E+00
     132   109    40      792 796590  0.0000E+00  1.0000E+00  792 796590  0.0000E+00  1.0000E+00 796590  32920   1095  1.0000E+00
     133   109    40      793 796590  1.0000E+00  4.5300E+01  793 796590  1.0000E+00  4.5300E+01 796590    895   1141 -4.4300E+01
       7   109    40      794 796590  8.0263E+03  9.3566E+03  794 796590  8.0295E+03  9.3573E+03 796590 796590 368354 -2.9852E+01
      11   109    40      795 796590  2.1459E+02  2.4790E+02  795 796590  2.1471E+02  2.4740E+02 796590 796590 382354 -3.1843E+00
      51   109    40      796 796590  2.7490E-07  1.2103E-03  796 796590  3.4116E-08  1.2500E-03 796590 796590  26638 -1.0498E-03
      33   109    40      797 795755 -3.2408E+01  6.8578E+01  797 795755 -3.7944E+01  6.8824E+01 795755 795755 364561  1.6755E+01
      34   109    40      798 795755 -6.6093E+01  6.9172E+01  798 795755 -6.7780E+01  6.6720E+01 795755 795753 151895  1.5154E+01
      39   109    40      799 796590 -3.6604E+00  1.4021E+00  799 796590 -4.9410E+00  2.1840E+00 796590 796590 517195  5.0307E+00
      40   109    40      800 796590 -3.1893E-01  8.3732E-01  800 796590 -4.9143E-01  1.0711E+00 796590 796590 517195 -1.0775E+00
     158   109    40      801 796590 -7.5366E-02  9.1246E+00  801 796590 -5.0980E-02  7.2190E+00 796590 796590  45910  8.8756E+00
     241   109    40      802 796590 -2.8171E-04  1.3783E-03  802 796590 -3.4575E-04  8.9425E-04 796590 796590  58036  9.6404E-04
     242   109    40      803 796590 -5.6373E-05  1.3686E-03  803 796590 -2.6009E-05  1.1490E-03 796590 796590  46750  1.3696E-03
       1   109    41      804 796590  2.8905E+04  2.8934E+04  804 796590  2.8905E+04  2.8934E+04 796590 796590   3163 -1.9492E+00
     153   109    41      805 796590  0.0000E+00  2.0400E-12  805 796590  0.0000E+00  1.9200E-04 796590    402 232777 -1.9200E-04
      58   109    41      806 796590  0.0000E+00  1.2100E-05  806 796590  0.0000E+00  1.2100E-05 796590 102102   8548 -1.2100E-05
     170   109    41      807 796590  0.0000E+00  0.0000E+00  807 796590  0.0000E+00  0.0000E+00 796590      0      0  0.0000E+00
     171   109    41      808 796590  0.0000E+00  8.7700E-04  808 796590  0.0000E+00  5.8600E-04 796590  64034  58989  6.2800E-04
      71   109    41      809 796590  0.0000E+00  1.0000E+02  809 796590  0.0000E+00  1.0000E+02 796590 168324   1092  1.0000E+02
     135   109    41      810 796590 -2.2220E-10  8.8900E-04  810 796590 -5.7270E-12  5.9800E-04 796590 796590  58989  6.2800E-04
     131   109    41      811 796590  0.0000E+00  0.0000E+00  811 796590  0.0000E+00  0.0000E+00 796590      0      0  0.0000E+00
     132   109    41      812 796590  0.0000E+00  1.0000E+00  812 796590  0.0000E+00  1.0000E+00 796590  19924   1089  1.0000E+00
     133   109    41      813 796590  1.0000E+00  4.5300E+01  813 796590  1.0000E+00  4.5300E+01 796590    577  19775  4.4300E+01
       7   109    41      814 796590  8.6322E+03  9.9988E+03  814 796590  8.6350E+03  9.9983E+03 796590 794371 366443 -3.4125E+01
      11   109    41      815 796590  2.1121E+02  2.4321E+02  815 796590  2.1231E+02  2.4225E+02 796590 796590 519355  3.0920E+00
      51   109    41      816 796590  3.2210E-08  8.4303E-04  816 796590  2.7555E-08  8.2503E-04 796590 796590  24728 -7.1500E-04
      33   109    41      817 795755 -3.6006E+01  6.8071E+01  817 795755 -4.1729E+01  6.8995E+01 795755 795755 362652  2.5388E+01
      34   109    41      818 795755 -6.9984E+01  6.8298E+01  818 795755 -6.9990E+01  6.5119E+01 795755 795755 150951  1.6209E+01
      39   109    41      819 796590 -4.0224E+00  1.4151E+00  819 796590 -3.9737E+00  1.8701E+00 796590 796590 517195  4.1075E+00
      40   109    41      820 796590 -3.4226E-01  9.7024E-01  820 796590 -4.5255E-01  9.2245E-01 796590 796590 517195 -9.5221E-01
     158   109    41      821 796590 -4.2400E-02  5.0076E+00  821 796590 -3.1184E-02  4.4888E+00 796590 796590 592605  4.5588E+00
     241   109    41      822 796590 -2.4822E-04  1.1218E-03  822 796590 -4.7227E-04  8.5773E-04 796590 796590  58036  7.0405E-04
     242   109    41      823 796590 -1.7365E-05  1.1326E-03  823 796590 -1.5940E-06  1.0734E-03 796590 796590  41026  1.1342E-03
       1   109    42      824 796590  2.6304E+04  2.6316E+04  824 796590  2.6304E+04  2.6316E+04 796590 796590   3163 -1.7246E+00
     153   109    42      825 796590  0.0000E+00  0.0000E+00  825 796590  0.0000E+00  1.4800E-04 796590    458 229915 -1.4800E-04
      58   109    42      826 796590  0.0000E+00  1.3000E-05  826 796590  0.0000E+00  1.3000E-05 796590  90031   7572  1.3000E-05
     170   109    42      827 796590  0.0000E+00  0.0000E+00  827 796590  0.0000E+00  0.0000E+00 796590      0      0  0.0000E+00
     171   109    42      828 796590  0.0000E+00  7.2900E-04  828 796590  0.0000E+00  4.7400E-04 796590  48907  58989  4.9500E-04
      71   109    42      829 796590  0.0000E+00  1.0000E+02  829 796590  0.0000E+00  1.0000E+02 796590 155580   1752 -1.0000E+02
     135   109    42      830 796590 -1.4373E-10  7.4100E-04  830 796590 -1.2187E-10  4.8600E-04 796590 796590  58989  4.9500E-04
     131   109    42      831 796590  0.0000E+00  0.0000E+00  831 796590  0.0000E+00  0.0000E+00 796590      0      0  0.0000E+00
     132   109    42      832 796590  0.0000E+00  1.0000E+00  832 796590  0.0000E+00  1.0000E+00 796590  22526   1089  1.0000E+00
     133   109    42      833 796590  1.0000E+00  4.5300E+01  833 796590  1.0000E+00  4.3400E+01 796590    435   1793  4.4300E+01
       7   109    42      834 796590  9.2475E+03  1.0657E+04  834 796590  9.2494E+03  1.0655E+04 796590 794138 365490 -3.6938E+01
      11   109    42      835 796590  2.0791E+02  2.3809E+02  835 796590  2.0830E+02  2.3712E+02 796590 796590 595470  3.6657E+00
      51   109    42      836 796590  9.1936E-07  5.4692E-04  836 796590  1.3988E-08  5.6901E-04 796590 796590  77192 -4.5009E-04
      33   109    42      837 795755 -3.8225E+01  6.6577E+01  837 795755 -4.1240E+01  6.9106E+01 795755 795755 361704  3.1675E+01
      34   109    42      838 795755 -6.8516E+01  6.6265E+01  838 795755 -6.7382E+01  6.3040E+01 795755 795755  66570 -1.2806E+01
      39   109    42      839 796590 -4.1172E+00  1.3515E+00  839 796590 -3.8552E+00  1.5511E+00 796590 796590 517195  3.0504E+00
      40   109    42      840 796590 -3.5067E-01  1.0868E+00  840 796590 -4.0248E-01  1.0038E+00 796590 796590  40855 -7.9194E-01
     158   109    42      841 796590 -3.2543E-02  3.8575E+00  841 796590 -1.3938E-02  4.5861E+00 796590 796590 371115 -4.3786E+00
     241   109    42      842 796590 -2.6583E-04  8.6417E-04  842 796590 -4.1262E-04  6.6738E-04 796590 796590  13214  5.6678E-04
     242   109    42      843 796590 -5.5090E-06  1.0195E-03  843 796590 -3.8759E-06  1.0211E-03 796590 796590  33237  7.9837E-04
       1   109    43      844 796590  2.3929E+04  2.3940E+04  844 796590  2.3929E+04  2.3940E+04 796590 796590   3163 -1.5684E+00
     153   109    43      845 796590  0.0000E+00  0.0000E+00  845 796590  0.0000E+00  0.0000E+00 796590      0      0  0.0000E+00
      58   109    43      846 796590  0.0000E+00  1.4000E-05  846 796590  0.0000E+00  1.3900E-05 796590  73480   6618  1.4000E-05
     170   109    43      847 796590  0.0000E+00  0.0000E+00  847 796590  0.0000E+00  0.0000E+00 796590      0      0  0.0000E+00
     171   109    43      848 796590  0.0000E+00  5.1100E-04  848 796590  0.0000E+00  3.4600E-04 796590  37192  58989  3.1700E-04
      71   109    43      849 796590  0.0000E+00  1.0000E+02  849 796590  0.0000E+00  1.0000E+02 796590 129688   1130  1.0000E+02
     135   109    43      850 796590 -2.2155E-11  5.2400E-04  850 796590  6.1014E-24  3.5900E-04 796590 796590  58989  3.1600E-04
     131   109    43      851 796590  0.0000E+00  0.0000E+00  851 796590  0.0000E+00  0.0000E+00 796590      0      0  0.0000E+00
     132   109    43      852 796590  0.0000E+00  1.0000E+00  852 796590  0.0000E+00  1.0000E+00 796590     14   6611 -1.0000E+00
     133   109    43      853 796590  1.0000E+00  1.0000E+00  853 796590  1.0000E+00  1.0000E+00 796590  33700   4523  1.7881E-06
       7   109    43      854 796590  9.8610E+03  1.1301E+04  854 796590  9.8614E+03  1.1299E+04 796590 796590 366447 -3.4863E+01
      11   109    43      855 796590  2.0462E+02  2.3362E+02  855 796590  2.0558E+02  2.3233E+02 796590 796590 479735 -3.9689E+00
      51   109    43      856 796590  1.3978E-06  3.5340E-04  856 796590  4.1721E-08  3.6104E-04 796590 796590  47644 -2.6464E-04
      33   109    43      857 795755 -3.5210E+01  6.6353E+01  857 795755 -3.7742E+01  6.8056E+01 795755 795749 360748  2.6924E+01
      34   109    43      858 795755 -6.2431E+01  6.3803E+01  858 795755 -6.0181E+01  6.1460E+01 795755 795199  79246  1.4515E+01
      39   109    43      859 796590 -3.9838E+00  1.2037E+00  859 796590 -3.8024E+00  1.3226E+00 796590 796590  63842  2.9124E+00
      40   109    43      860 796590 -3.3612E-01  1.1326E+00  860 796590 -3.6709E-01  1.0704E+00 796590 796590  63842 -8.1279E-01
     158   109    43      861 796590 -2.1561E-03  2.4978E+00  861 796590 -7.5406E-04  4.6992E+00 796590 796590 231660 -4.6814E+00
     241   109    43      862 796590 -1.6018E-04  5.9482E-04  862 796590 -2.4969E-04  5.2831E-04 796590 796590  58035  3.8851E-04
     242   109    43      863 796590 -2.9307E-05  9.1819E-04  863 796590 -8.2724E-06  9.6423E-04 796590 796590   2802  7.8397E-04
       1   109    44      864 796590  2.1792E+04  2.1802E+04  864 796590  2.1791E+04  2.1801E+04 796590 796590   3183 -1.4785E+00
     153   109    44      865 796590  0.0000E+00  0.0000E+00  865 796590  0.0000E+00  0.0000E+00 796590      0      0  0.0000E+00
      58   109    44      866 796590  0.0000E+00  1.5000E-05  866 796590  0.0000E+00  1.5000E-05 796590  54113   8522  1.5000E-05
     170   109    44      867 796590  0.0000E+00  0.0000E+00  867 796590  0.0000E+00  0.0000E+00 796590      0      0  0.0000E+00
     171   109    44      868 796590  0.0000E+00  2.4900E-04  868 796590  0.0000E+00  2.1900E-04 796590  30912  75283 -2.0200E-04
      71   109    44      869 796590  0.0000E+00  1.0000E+02  869 796590  0.0000E+00  1.0000E+02 796590 105721   1398  1.0000E+02
     135   109    44      870 796590  6.6056E-24  2.6400E-04  870 796590  6.0679E-24  2.3400E-04 796590 791468  75283 -2.1600E-04
     131   109    44      871 796590  0.0000E+00  0.0000E+00  871 796590  0.0000E+00  0.0000E+00 796590      0      0  0.0000E+00
     132   109    44      872 796590  0.0000E+00  1.0000E+00  872 796590  0.0000E+00  1.0000E+00 796590      0      0  0.0000E+00
     133   109    44      873 796590  1.0000E+00  1.0000E+00  873 796590  1.0000E+00  1.0000E+00 796590  17820  58191  2.0266E-06
       7   109    44      874 796590  1.0467E+04  1.1923E+04  874 796590  1.0466E+04  1.1921E+04 796590 796590 370267 -2.9199E+01
      11   109    44      875 796590  2.0553E+02  2.3009E+02  875 796590  2.0556E+02  2.2987E+02 796590 796590 424418  4.1590E+00
      51   109    44      876 796590  1.3975E-06  2.1440E-04  876 796590  2.7749E-07  2.0528E-04 796590 796590  32339 -1.6188E-04
      33   109    44      877 795755 -3.3080E+01  7.2514E+01  877 795755 -3.3565E+01  7.0671E+01 795755 795755 356931  1.2998E+01
      34   109    44      878 795755 -5.4651E+01  6.0663E+01  878 795755 -5.4369E+01  6.0725E+01 795755 795753 112607  1.3936E+01
      39   109    44      879 796590 -3.4857E+00  9.5177E-01  879 796590 -3.5038E+00  1.0899E+00 796590 796590  58034 -2.7006E+00
      40   109    44      880 796590 -2.8944E-01  1.0543E+00  880 796590 -3.3103E-01  1.0440E+00 796590 796590  58034  8.2284E-01
     158   109    44      881 796590 -1.0348E-02  6.0997E+00  881 796590 -9.5677E-03  3.1704E+00 796590 796590  14245  6.0792E+00
     241   109    44      882 796590 -9.5596E-05  3.7940E-04  882 796590 -1.0269E-04  4.2631E-04 796590 796590  58035  2.6110E-04
     242   109    44      883 796590 -3.6289E-05  1.0637E-03  883 796590 -2.5039E-05  9.9996E-04 796590 796590  72502  1.0387E-03
       1   109    45      884 796590  1.9861E+04  1.9870E+04  884 796590  1.9861E+04  1.9870E+04 796590 563473   3163 -1.3203E+00
     153   109    45      885 796590  0.0000E+00  0.0000E+00  885 796590  0.0000E+00  0.0000E+00 796590      0      0  0.0000E+00
      58   109    45      886 796590  0.0000E+00  1.6100E-05  886 796590  0.0000E+00  1.6100E-05 796590  44064  32339 -1.6100E-05
     170   109    45      887 796590  0.0000E+00  0.0000E+00  887 796590  0.0000E+00  0.0000E+00 796590      0      0  0.0000E+00
     171   109    45      888 796590  0.0000E+00  1.8300E-04  888 796590  0.0000E+00  1.6800E-04 796590  18701  43797 -1.6700E-04
      71   109    45      889 796590  0.0000E+00  1.0000E+02  889 796590  0.0000E+00  1.0000E+02 796590  87341   1788 -1.0000E+02
     135   109    45      890 796590  1.3524E-23  1.9800E-04  890 796590  7.4218E-24  1.8400E-04 796590 792908  66696  1.8100E-04
     131   109    45      891 796590  0.0000E+00  0.0000E+00  891 796590  0.0000E+00  0.0000E+00 796590      0      0  0.0000E+00
     132   109    45      892 796590  0.0000E+00  1.0000E+00  892 796590  0.0000E+00  1.0000E+00 796590      0      0  0.0000E+00
     133   109    45      893 796590  1.0000E+00  1.0000E+00  893 796590  1.0000E+00  1.0000E+00 796590   5983   4523  2.0266E-06
       7   109    45      894 796590  1.1065E+04  1.2526E+04  894 796590  1.1064E+04  1.2524E+04 796590 794085 376949 -2.3031E+01
      11   109    45      895 796590  2.0540E+02  2.2959E+02  895 796590  2.0472E+02  2.2954E+02 796590 796590 571624  4.3675E+00
      51   109    45      896 796590  7.2531E-07  1.1373E-04  896 796590  1.8176E-07  1.1618E-04 796590 796590  15159 -8.5456E-05
      33   109    45      897 795755 -3.1383E+01  7.2570E+01  897 795755 -3.0889E+01  7.0627E+01 795755 795755 372081  1.2615E+01
      34   109    45      898 795755 -5.6027E+01  5.9613E+01  898 795755 -5.5668E+01  6.0926E+01 795755 795747 111652  1.3203E+01
      39   109    45      899 796590 -2.7759E+00  8.8037E-01  899 796590 -2.9602E+00  9.1478E-01 796590 796590  58034 -2.1594E+00
      40   109    45      900 796590 -2.8779E-01  8.9971E-01  900 796590 -2.9312E-01  9.5688E-01 796590 796590  58034  6.9282E-01
     158   109    45      901 796590 -5.7969E-02  4.9520E+00  901 796590 -1.2204E-01  3.7680E+00 796590 796590  14245  4.9341E+00
     241   109    45      902 796590 -3.9227E-05  2.2477E-04  902 796590 -3.7056E-05  2.5394E-04 796590 796590  98100  1.4083E-04
     242   109    45      903 796590 -3.8935E-05  9.6106E-04  903 796590 -4.9514E-05  9.4799E-04 796590 796590   2790  7.6808E-04
       1   109    46      904 796590  1.8128E+04  1.8136E+04  904 796590  1.8128E+04  1.8136E+04 796590 570731   3183 -1.2090E+00
     153   109    46      905 796590  0.0000E+00  0.0000E+00  905 796590  0.0000E+00  0.0000E+00 796590      0      0  0.0000E+00
      58   109    46      906 796590  0.0000E+00  1.7100E-05  906 796590  0.0000E+00  1.7200E-05 796590  32149  16116 -1.7200E-05
     170   109    46      907 796590  0.0000E+00  0.0000E+00  907 796590  0.0000E+00  0.0000E+00 796590      0      0  0.0000E+00
     171   109    46      908 796590  0.0000E+00  1.6600E-04  908 796590  0.0000E+00  1.6700E-04 796590  10189  58034  1.6500E-04
      71   109    46      909 796590  0.0000E+00  1.0000E+02  909 796590  0.0000E+00  1.0000E+02 796590  88915   1163 -1.0000E+02
     135   109    46      910 796590  1.0395E-23  1.8300E-04  910 796590  1.8750E-23  1.8400E-04 796590 793473  58034  1.8200E-04
     131   109    46      911 796590  0.0000E+00  0.0000E+00  911 796590  0.0000E+00  0.0000E+00 796590      0      0  0.0000E+00
     132   109    46      912 796590  0.0000E+00  1.0000E+00  912 796590  0.0000E+00  1.0000E+00 796590      0      0  0.0000E+00
     133   109    46      913 796590  1.0000E+00  1.0000E+00  913 796590  1.0000E+00  1.0000E+00 796590  11383  59147  2.1458E-06
       7   109    46      914 796590  1.1651E+04  1.3107E+04  914 796590  1.1651E+04  1.3105E+04 796590 796590 340686 -1.8867E+01
      11   109    46      915 796590  2.0406E+02  2.2894E+02  915 796590  2.0325E+02  2.2837E+02 796590 796590 543003  6.1245E+00
      51   109    46      916 796590  3.0828E-07  6.5008E-05  916 796590  5.0834E-08  6.5851E-05 796590 796590  73384 -4.7843E-05
      33   109    46      917 795755 -2.6812E+01  7.1282E+01  917 795755 -2.7126E+01  7.0124E+01 795755 795755 505784 -1.3623E+01
      34   109    46      918 795755 -5.4174E+01  5.8544E+01  918 795755 -5.3638E+01  5.9783E+01 795755 795755 538234  1.8026E+01
      39   109    46      919 796590 -1.9676E+00  8.4488E-01  919 796590 -2.1690E+00  7.6847E-01 796590 796590  66706  1.6389E+00
      40   109    46      920 796590 -2.8814E-01  6.8061E-01  920 796590 -2.6738E-01  7.6387E-01 796590 796590  58989  5.7299E-01
     158   109    46      921 796590 -4.5192E-02  3.7648E+00  921 796590 -6.9334E-03  6.5231E+00 796590 796590 530607 -6.2883E+00
     241   109    46      922 796590 -1.9136E-05  9.5864E-05  922 796590 -1.6708E-05  8.0992E-05 796590 796590  58034  5.2071E-05
     242   109    46      923 796590 -1.0671E-04  9.6829E-04  923 796590 -1.0578E-04  1.0192E-03 796590 796590   2776 -1.0009E-03
       1   109    47      924 796590  1.6556E+04  1.6564E+04  924 796590  1.6556E+04  1.6564E+04 796590 539248   3185 -1.1094E+00
     153   109    47      925 796590  0.0000E+00  0.0000E+00  925 796590  0.0000E+00  0.0000E+00 796590      0      0  0.0000E+00
      58   109    47      926 796590  0.0000E+00  1.8300E-05  926 796590  0.0000E+00  1.8400E-05 796590  23590  13253 -1.8400E-05
     170   109    47      927 796590  0.0000E+00  0.0000E+00  927 796590  0.0000E+00  0.0000E+00 796590      0      0  0.0000E+00
     171   109    47      928 796590  0.0000E+00  9.2000E-05  928 796590  0.0000E+00  9.2200E-05 796590  36393  58989  7.4100E-05
      71   109    47      929 796590  0.0000E+00  1.0000E+02  929 796590  0.0000E+00  1.0000E+02 796590  90573   1882 -1.0000E+02
     135   109    47      930 796590  1.2569E-23  1.1000E-04  930 796590  1.9981E-23  1.1000E-04 796590 795538  58989  9.1000E-05
     131   109    47      931 796590  0.0000E+00  0.0000E+00  931 796590  0.0000E+00  0.0000E+00 796590      0      0  0.0000E+00
     132   109    47      932 796590  0.0000E+00  1.0000E+00  932 796590  0.0000E+00  1.0000E+00 796590      0      0  0.0000E+00
     133   109    47      933 796590  1.0000E+00  1.0000E+00  933 796590  1.0000E+00  1.0000E+00 796590  13282  59147  2.2650E-06
       7   109    47      934 796590  1.2231E+04  1.3671E+04  934 796590  1.2233E+04  1.3669E+04 796590 796590 562129  2.1230E+01
      11   109    47      935 796590  2.0383E+02  2.2814E+02  935 796590  2.0387E+02  2.2805E+02 796590 796590 501966 -6.2258E+00
      51   109    47      936 796590  5.1034E-08  3.6151E-05  936 796590  1.4076E-07  3.7141E-05 796590 796590  72426 -2.4790E-05
      33   109    47      937 795755 -2.3817E+01  6.7277E+01  937 795755 -2.5440E+01  6.5825E+01 795755 795755 389270 -1.1704E+01
      34   109    47      938 795755 -5.4648E+01  5.8103E+01  938 795755 -5.2098E+01  5.8700E+01 795755 795755 521050  1.3950E+01
      39   109    47      939 796590 -1.3010E+00  7.3028E-01  939 796590 -1.2270E+00  6.7922E-01 796590 796590  66706  1.3948E+00
      40   109    47      940 796590 -2.7463E-01  4.7537E-01  940 796590 -2.5802E-01  4.6073E-01 796590 796590  66706 -5.1661E-01
     158   109    47      941 796590 -1.9567E-03  3.5480E+00  941 796590 -7.6342E-03  4.4224E+00 796590 796590 385449 -4.0443E+00
     241   109    47      942 796590 -7.2477E-06  5.0552E-05  942 796590 -7.8456E-06  5.2954E-05 796590 796590  58035  2.5598E-05
     242   109    47      943 796590 -3.5676E-05  5.7557E-04  943 796590 -8.4918E-05  3.6508E-04 796590 796590  95268  5.8299E-04
       1   109    48      944 796590  1.5101E+04  1.5108E+04  944 796590  1.5101E+04  1.5108E+04 796590 536374   3183 -1.0205E+00
     153   109    48      945 796590  0.0000E+00  0.0000E+00  945 796590  0.0000E+00  0.0000E+00 796590      0      0  0.0000E+00
      58   109    48      946 796590  0.0000E+00  1.9400E-05  946 796590  0.0000E+00  1.9500E-05 796590  17112  43797 -1.9500E-05
     170   109    48      947 796590  0.0000E+00  0.0000E+00  947 796590  0.0000E+00  0.0000E+00 796590      0      0  0.0000E+00
     171   109    48      948 796590  0.0000E+00  6.8100E-05  948 796590  0.0000E+00  6.6900E-05 796590  36327 149778  5.2900E-05
      71   109    48      949 796590  0.0000E+00  1.0000E+02  949 796590  0.0000E+00  1.0000E+02 796590  92034   1884 -1.0000E+02
     135   109    48      950 796590  1.2114E-23  6.8100E-05  950 796590  2.2068E-23  6.6900E-05 796590 789412 149778  5.2900E-05
     131   109    48      951 796590  0.0000E+00  0.0000E+00  951 796590  0.0000E+00  0.0000E+00 796590      0      0  0.0000E+00
     132   109    48      952 796590  0.0000E+00  1.0000E+00  952 796590  0.0000E+00  1.0000E+00 796590      0      0  0.0000E+00
     133   109    48      953 796590  1.0000E+00  1.0000E+00  953 796590  1.0000E+00  1.0000E+00 796590  15910  59147  2.1458E-06
       7   109    48      954 796590  1.2818E+04  1.4231E+04  954 796590  1.2821E+04  1.4229E+04 796590 796590 560166  2.2785E+01
      11   109    48      955 796590  2.0367E+02  2.2804E+02  955 796590  2.0364E+02  2.2839E+02 796590 796590 481911 -4.4682E+00
      51   109    48      956 796590  1.3274E-08  2.3213E-05  956 796590  2.4634E-08  2.8125E-05 796590 796590 250475 -1.6911E-05
      33   109    48      957 795755 -2.1883E+01  6.3963E+01  957 795755 -2.1765E+01  6.3171E+01 795755 795755  34058 -1.0068E+01
      34   109    48      958 795755 -4.8191E+01  5.4872E+01  958 795755 -4.7819E+01  5.5040E+01 795755 795755  56238 -1.3466E+01
      39   109    48      959 796590 -1.0074E+00  6.8014E-01  959 796590 -1.0352E+00  7.1481E-01 796590 796590  66706  1.0591E+00
      40   109    48      960 796590 -2.7700E-01  4.1050E-01  960 796590 -2.8583E-01  4.0167E-01 796590 796590  66706 -3.9742E-01
     158   109    48      961 796590  6.0251E-03  4.0960E+00  961 796590  5.5748E-03  4.0256E+00 796590 796590  75182  4.0805E+00
     241   109    48      962 796590 -7.0637E-06  2.5736E-05  962 796590 -7.9000E-06  2.8300E-05 796590 796590  98100  2.5736E-05
     242   109    48      963 796590 -5.6371E-05  6.2863E-04  963 796590 -2.4752E-04  8.0248E-04 796590 796590  98099  5.4615E-04
       1   109    49      964 796590  1.3721E+04  1.3728E+04  964 796590  1.3721E+04  1.3728E+04 796590 535788   3185 -9.4043E-01
     153   109    49      965 796590  0.0000E+00  0.0000E+00  965 796590  0.0000E+00  0.0000E+00 796590      0      0  0.0000E+00
      58   109    49      966 796590  0.0000E+00  1.0300E-05  966 796590  0.0000E+00  1.3200E-05 796590  17853 291934 -1.3200E-05
     170   109    49      967 796590  0.0000E+00  0.0000E+00  967 796590  0.0000E+00  0.0000E+00 796590      0      0  0.0000E+00
     171   109    49      968 796590  0.0000E+00  4.0000E-05  968 796590  0.0000E+00  4.0900E-05 796590  28248 168858 -4.0900E-05
      71   109    49      969 796590  0.0000E+00  1.0000E+02  969 796590  0.0000E+00  1.0000E+02 796590  86556   2848 -1.0000E+02
     135   109    49      970 796590  1.8223E-23  4.0000E-05  970 796590  1.4806E-23  4.0900E-05 796590 786860 168858 -4.0900E-05
     131   109    49      971 796590  0.0000E+00  0.0000E+00  971 796590  0.0000E+00  0.0000E+00 796590      0      0  0.0000E+00
     132   109    49      972 796590  0.0000E+00  1.0000E+00  972 796590  0.0000E+00  1.0000E+00 796590      0      0  0.0000E+00
     133   109    49      973 796590  1.0000E+00  1.0000E+00  973 796590  1.0000E+00  1.0000E+00 796590  18277  59147  2.1458E-06
       7   109    49      974 796590  1.3426E+04  1.4804E+04  974 796590  1.3430E+04  1.4802E+04 796590 796590 561120  2.3320E+01
      11   109    49      975 796590  1.9917E+02  2.2830E+02  975 796590  1.9906E+02  2.2819E+02 796590 796590 448517  3.1726E+00
      51   109    49      976 796590  5.6373E-09  2.0306E-05  976 796590  6.7582E-09  1.8307E-05 796590 796590 344786 -1.3601E-05
      33   109    49      977 795755 -1.8711E+01  5.8880E+01  977 795755 -2.0906E+01  5.8547E+01 795755 795755 178253  1.3115E+01
      34   109    49      978 795755 -4.0678E+01  4.9556E+01  978 795755 -4.0990E+01  5.0087E+01 795755 795755  71515 -1.3250E+01
      39   109    49      979 796590 -6.8835E-01  7.1790E-01  979 796590 -7.5728E-01  7.4272E-01 796590 796590  65753  7.2519E-01
      40   109    49      980 796590 -3.1322E-01  2.8053E-01  980 796590 -3.1655E-01  3.0845E-01 796590 796590  65753 -3.0918E-01
     158   109    49      981 796590  7.6627E-03  2.3177E+00  981 796590  6.2548E-03  4.9963E+00 796590 796590  23748 -4.9786E+00
     241   109    49      982 796590 -1.1107E-06  1.1889E-05  982 796590 -1.4411E-06  1.1559E-05 796590 796590  19953 -5.7696E-06
     242   109    49      983 796590  0.0000E+00  6.6250E-04  983 796590  0.0000E+00  5.4375E-04 796590     24  98099 -2.3875E-04
       1   109    50      984 796590  1.2398E+04  1.2403E+04  984 796590  1.2397E+04  1.2403E+04 796590 527481   3183 -8.4961E-01
     153   109    50      985 796590  0.0000E+00  0.0000E+00  985 796590  0.0000E+00  0.0000E+00 796590      0      0  0.0000E+00
      58   109    50      986 796590  0.0000E+00  2.6200E-06  986 796590  0.0000E+00  2.6400E-06 796590  24430 185076 -2.6400E-06
     170   109    50      987 796590  0.0000E+00  0.0000E+00  987 796590  0.0000E+00  0.0000E+00 796590      0      0  0.0000E+00
     171   109    50      988 796590  0.0000E+00  4.6000E-06  988 796590  0.0000E+00  6.8200E-06 796590  64207 168858 -6.2600E-06
      71   109    50      989 796590  0.0000E+00  6.6200E+01  989 796590  0.0000E+00  7.6000E+01 796590  79951  31481 -6.1900E+01
     135   109    50      990 796590  1.4374E-23  4.6000E-06  990 796590  1.5049E-23  6.8200E-06 796590 791677 168858 -6.2600E-06
     131   109    50      991 796590  0.0000E+00  0.0000E+00  991 796590  0.0000E+00  0.0000E+00 796590      0      0  0.0000E+00
     132   109    50      992 796590  0.0000E+00  1.0000E+00  992 796590  0.0000E+00  1.0000E+00 796590      0      0  0.0000E+00
     133   109    50      993 796590  1.0000E+00  1.0000E+00  993 796590  1.0000E+00  1.0000E+00 796590  20303   1129  2.1458E-06
       7   109    50      994 796590  1.4068E+04  1.5401E+04  994 796590  1.4071E+04  1.5400E+04 796590 794365 561120  2.3781E+01
      11   109    50      995 796590  1.9522E+02  2.2716E+02  995 796590  1.9526E+02  2.2701E+02 796590 796590  44690 -2.5966E+00
      51   109    50      996 796590  2.0070E-08  1.6120E-05  996 796590  1.0476E-07  1.5105E-05 796590 796590 347643 -1.1585E-05
      33   109    50      997 795755 -1.4159E+01  5.5560E+01  997 795755 -1.4799E+01  5.5090E+01 795755 795755 169645  1.1814E+01
      34   109    50      998 795755 -3.7435E+01  4.2597E+01  998 795755 -3.7469E+01  4.3172E+01 795755 795755  96320 -1.1075E+01
      39   109    50      999 796590 -4.3164E-01  6.9336E-01  999 796590 -5.0169E-01  7.1706E-01 796590 796590  73454 -5.5495E-01
      40   109    50     1000 796590 -3.3099E-01  2.0026E-01 1000 796590 -3.3153E-01  2.3097E-01 796590 796590  70592  2.5054E-01
     158   109    50     1001 796590  8.0060E-03  1.6580E+00 1001 796590 -5.2948E-03  2.3347E+00 796590 796590 379654 -2.3167E+00
     241   109    50     1002 796590 -1.6774E-07  6.8323E-06 1002 796590 -3.0518E-07  2.7448E-06 796590 796590  49607  6.8374E-06
     242   109    50     1003 796590  0.0000E+00  0.0000E+00 1003 796590  0.0000E+00  2.9500E-05 796590      2  97143 -2.9500E-05
       1   109    51     1004 796590  1.1124E+04  1.1129E+04 1004 796590  1.1124E+04  1.1129E+04 796590 486268   3186 -7.8027E-01
     153   109    51     1005 796590  0.0000E+00  0.0000E+00 1005 796590  0.0000E+00  0.0000E+00 796590      0      0  0.0000E+00
      58   109    51     1006 796590  0.0000E+00  2.8100E-06 1006 796590  0.0000E+00  1.2200E-06 796590  18971    700  2.8100E-06
     170   109    51     1007 796590  0.0000E+00  0.0000E+00 1007 796590  0.0000E+00  0.0000E+00 796590      0      0  0.0000E+00
     171   109    51     1008 796590  0.0000E+00  2.8900E-06 1008 796590  0.0000E+00  4.2300E-06 796590  54427    929 -4.0600E-06
      71   109    51     1009 796590  0.0000E+00  5.4500E+01 1009 796590  0.0000E+00  6.3600E+01 796590  66954   2835 -5.9700E+01
     135   109    51     1010 796590  1.8509E-23  3.0200E-06 1010 796590  1.0417E-23  4.2300E-06 796590 792493    929 -4.0600E-06
     131   109    51     1011 796590  0.0000E+00  0.0000E+00 1011 796590  0.0000E+00  0.0000E+00 796590      0      0  0.0000E+00
     132   109    51     1012 796590  0.0000E+00  1.0000E+00 1012 796590  0.0000E+00  1.0000E+00 796590      0      0  0.0000E+00
     133   109    51     1013 796590  1.0000E+00  1.0000E+00 1013 796590  1.0000E+00  1.0000E+00 796590  20619 104927  2.8610E-06
       7   109    51     1014 796590  1.4748E+04  1.6027E+04 1014 796590  1.4753E+04  1.6027E+04 796590 796590 561120  2.4828E+01
      11   109    51     1015 796590  1.9137E+02  2.2605E+02 1015 796590  1.9059E+02  2.2559E+02 796590 796590  83829 -2.6006E+00
      51   109    51     1016 796590  6.9372E-08  1.0269E-05 1016 796590  1.8720E-07  1.0387E-05 796590 796590 342870 -7.3178E-06
      33   109    51     1017 795755 -1.4919E+01  5.0972E+01 1017 795755 -1.6672E+01  4.9561E+01 795755 795755  85722 -1.1368E+01
      34   109    51     1018 795755 -3.4905E+01  4.4080E+01 1018 795755 -3.5582E+01  4.3372E+01 795755 795755  69494 -1.1620E+01
      39   109    51     1019 796590 -3.9334E-01  6.6916E-01 1019 796590 -3.8569E-01  6.4556E-01 796590 796590  71546 -5.3890E-01
      40   109    51     1020 796590 -3.3769E-01  1.9356E-01 1020 796590 -3.3660E-01  1.9465E-01 796590 796590  70592  2.8016E-01
     158   109    51     1021 796590  7.2497E-03  2.0372E+00 1021 796590  1.0766E-02  2.4308E+00 796590 796590  73284 -2.4135E+00
     241   109    51     1022 796590 -6.8123E-08  8.4019E-06 1022 796590 -9.1835E-08  1.5182E-06 796590 796590   1660  8.4037E-06
     242   109    51     1023 796590  0.0000E+00  0.0000E+00 1023 796590  0.0000E+00  0.0000E+00 796590      0      0  0.0000E+00
       1   109    52     1024 796590  9.8860E+03  9.8908E+03 1024 796590  9.8859E+03  9.8908E+03 796590 796590   3183 -7.0605E-01
     153   109    52     1025 796590  0.0000E+00  0.0000E+00 1025 796590  0.0000E+00  0.0000E+00 796590      0      0  0.0000E+00
      58   109    52     1026 796590  0.0000E+00  1.9600E-06 1026 796590  0.0000E+00  1.2700E-06 796590  14665    706  1.9600E-06
     170   109    52     1027 796590  0.0000E+00  0.0000E+00 1027 796590  0.0000E+00  0.0000E+00 796590      0      0  0.0000E+00
     171   109    52     1028 796590  0.0000E+00  1.9300E-06 1028 796590  0.0000E+00  1.6900E-06 796590  43919    716 -1.4900E-06
      71   109    52     1029 796590  0.0000E+00  4.5500E+01 1029 796590  0.0000E+00  4.1100E+01 796590  51045   1782 -3.0800E+01
     135   109    52     1030 796590  1.4225E-23  2.1100E-06 1030 796590  1.2491E-23  1.6900E-06 796590 792986 286200  1.4300E-06
     131   109    52     1031 796590  0.0000E+00  0.0000E+00 1031 796590  0.0000E+00  0.0000E+00 796590      0      0  0.0000E+00
     132   109    52     1032 796590  0.0000E+00  1.0000E+00 1032 796590  0.0000E+00  1.0000E+00 796590      0      0  0.0000E+00
     133   109    52     1033 796590  1.0000E+00  1.0000E+00 1033 796590  1.0000E+00  1.0000E+00 796590  17030  54132  1.6689E-06
       7   109    52     1034 796590  1.5487E+04  1.6694E+04 1034 796590  1.5492E+04  1.6694E+04 796590 796590 627897  2.5953E+01
      11   109    52     1035 796590  1.8712E+02  2.2512E+02 1035 796590  1.8659E+02  2.2465E+02 796590 796590  55244  3.3484E+00
      51   109    52     1036 796590  4.6097E-07  8.3810E-06 1036 796590  2.7919E-07  8.3692E-06 796590 796590 283035 -3.5582E-06
      33   109    52     1037 795755 -1.5216E+01  4.2672E+01 1037 795755 -1.4932E+01  4.3132E+01 795755 795755 100037 -1.7447E+01
      34   109    52     1038 795755 -3.3060E+01  4.1424E+01 1038 795755 -3.2939E+01  3.8795E+01 795755 795755  30371 -1.3839E+01
      39   109    52     1039 796590 -3.4365E-01  6.2510E-01 1039 796590 -3.8059E-01  6.5066E-01 796590 796590  71546 -4.6307E-01
      40   109    52     1040 796590 -3.5296E-01  2.0954E-01 1040 796590 -3.5926E-01  2.0324E-01 796590 796590  72500  2.8755E-01
     158   109    52     1041 796590  1.7019E-02  4.6870E+00 1041 796590  1.5820E-02  5.4758E+00 796590 796590  94313 -5.4588E+00
     241   109    52     1042 796590 -1.2292E-07  1.6171E-06 1042 796590 -6.4285E-08  4.9372E-07 796590 796590   3942  1.6174E-06
     242   109    52     1043 796590  0.0000E+00  0.0000E+00 1043 796590  0.0000E+00  0.0000E+00 796590      0      0  0.0000E+00
       1   109    53     1044 796590  8.6834E+03  8.6876E+03 1044 796590  8.6832E+03  8.6876E+03 796590 796590   3185 -6.3574E-01
     153   109    53     1045 796590  0.0000E+00  0.0000E+00 1045 796590  0.0000E+00  0.0000E+00 796590      0      0  0.0000E+00
      58   109    53     1046 796590  0.0000E+00  1.1300E-06 1046 796590  0.0000E+00  8.1800E-07 796590  14664 307185 -8.1800E-07
     170   109    53     1047 796590  0.0000E+00  0.0000E+00 1047 796590  0.0000E+00  0.0000E+00 796590      0      0  0.0000E+00
     171   109    53     1048 796590  0.0000E+00  1.6400E-06 1048 796590  0.0000E+00  1.1000E-06 796590  26847 307185  1.1800E-06
      71   109    53     1049 796590  0.0000E+00  4.0400E+01 1049 796590  0.0000E+00  3.3200E+01 796590  31539 227051 -2.9600E+01
     135   109    53     1050 796590  1.2181E-23  1.6400E-06 1050 796590  1.0460E-23  1.1000E-06 796590 794882    762  8.9000E-07
     131   109    53     1051 796590  0.0000E+00  0.0000E+00 1051 796590  0.0000E+00  0.0000E+00 796590      0      0  0.0000E+00
     132   109    53     1052 796590  0.0000E+00  1.0000E+00 1052 796590  0.0000E+00  1.0000E+00 796590      0      0  0.0000E+00
     133   109    53     1053 796590  1.0000E+00  1.0000E+00 1053 796590  1.0000E+00  1.0000E+00 796590  10772   6435  2.0266E-06
       7   109    53     1054 796590  1.6295E+04  1.7415E+04 1054 796590  1.6301E+04  1.7413E+04 796590 796590 622168  2.6926E+01
      11   109    53     1055 796590  1.8741E+02  2.2404E+02 1055 796590  1.8731E+02  2.2393E+02 796590 796590 143070 -3.2712E+00
      51   109    53     1056 796590  6.7385E-07  7.3239E-06 1056 796590  6.1152E-07  7.4115E-06 796590 796590 489622  3.2523E-06
      33   109    53     1057 795755 -1.7008E+01  3.7179E+01 1057 795755 -1.5777E+01  3.9769E+01 795755 795755  13744  1.0332E+01
      34   109    53     1058 795755 -2.9070E+01  3.6603E+01 1058 795755 -2.8797E+01  3.5719E+01 795755 795755 144980  1.1181E+01
      39   109    53     1059 796590 -3.2474E-01  5.5026E-01 1059 796590 -3.5017E-01  5.8733E-01 796590 796590  76316 -3.4956E-01
      40   109    53     1060 796590 -3.5928E-01  2.3447E-01 1060 796590 -3.8107E-01  2.1268E-01 796590 796590  76316  2.4054E-01
     158   109    53     1061 796590  1.4825E-02  3.5148E+00 1061 796590  6.8645E-03  1.1569E+00 796590 796590 142118  3.4980E+00
     241   109    53     1062 796590  0.0000E+00  7.5200E-07 1062 796590  0.0000E+00  2.4200E-07 796590 793000   2650  7.5200E-07
     242   109    53     1063 796590  0.0000E+00  0.0000E+00 1063 796590  0.0000E+00  0.0000E+00 796590      0      0  0.0000E+00
       1   109    54     1064 796590  7.5110E+03  7.5148E+03 1064 796590  7.5109E+03  7.5147E+03 796590 796590   3185 -5.7373E-01
     153   109    54     1065 796590  0.0000E+00  0.0000E+00 1065 796590  0.0000E+00  0.0000E+00 796590      0      0  0.0000E+00
      58   109    54     1066 796590  0.0000E+00  1.2500E-07 1066 796590  0.0000E+00  1.4000E-07 796590   1457  52354 -1.4000E-07
     170   109    54     1067 796590  0.0000E+00  0.0000E+00 1067 796590  0.0000E+00  0.0000E+00 796590      0      0  0.0000E+00
     171   109    54     1068 796590  0.0000E+00  6.0000E-07 1068 796590  0.0000E+00  1.1500E-07 796590  12991    134  6.0000E-07
      71   109    54     1069 796590  0.0000E+00  2.4000E+01 1069 796590  0.0000E+00  1.2300E+01 796590   6826   1089  2.4000E+01
     135   109    54     1070 796590  1.0512E-23  6.0000E-07 1070 796590  1.0461E-23  1.5100E-07 796590 795234    134  6.0000E-07
     131   109    54     1071 796590  0.0000E+00  0.0000E+00 1071 796590  0.0000E+00  0.0000E+00 796590      0      0  0.0000E+00
     132   109    54     1072 796590  0.0000E+00  1.0000E+00 1072 796590  0.0000E+00  1.0000E+00 796590      0      0  0.0000E+00
     133   109    54     1073 796590  1.0000E+00  1.0000E+00 1073 796590  1.0000E+00  1.0000E+00 796590   1960 170593  1.7881E-06
       7   109    54     1074 796590  1.7195E+04  1.8221E+04 1074 796590  1.7201E+04  1.8219E+04 796590 796590 624090  2.8105E+01
      11   109    54     1075 796590  1.8821E+02  2.2459E+02 1075 796590  1.8786E+02  2.2479E+02 796590 796590   5650 -5.5163E+00
      51   109    54     1076 796590  9.7614E-07  6.0561E-06 1076 796590  5.5663E-07  6.2666E-06 796590 796590 522072  2.9495E-06
      33   109    54     1077 795755 -1.8044E+01  3.4159E+01 1077 795755 -2.0095E+01  3.5702E+01 795755 795755  19012  9.0514E+00
      34   109    54     1078 795755 -2.6123E+01  2.8736E+01 1078 795755 -2.6344E+01  3.0172E+01 795755 795755  34474 -9.7024E+00
      39   109    54     1079 796590 -2.7497E-01  5.0628E-01 1079 796590 -2.9713E-01  5.4662E-01 796590 796590 166955  2.7216E-01
      40   109    54     1080 796590 -3.8668E-01  2.3832E-01 1080 796590 -4.1485E-01  2.1015E-01 796590 796590   4717  2.1567E-01
     158   109    54     1081 796590  1.7151E-02  5.4315E-01 1081 796590  1.7348E-02  2.4998E-02 796590 796590 142118  5.2315E-01
     241   109    54     1082 796590  0.0000E+00  3.3100E-06 1082 796590  0.0000E+00  2.6000E-07 796590 792941   1048  3.3100E-06
     242   109    54     1083 796590  0.0000E+00  0.0000E+00 1083 796590  0.0000E+00  0.0000E+00 796590      0      0  0.0000E+00
       1   109    55     1084 796590  6.3588E+03  6.3621E+03 1084 796590  6.3587E+03  6.3621E+03 796590 796590   3185 -5.0488E-01
     153   109    55     1085 796590  0.0000E+00  0.0000E+00 1085 796590  0.0000E+00  0.0000E+00 796590      0      0  0.0000E+00
      58   109    55     1086 796590  0.0000E+00  0.0000E+00 1086 796590  0.0000E+00  0.0000E+00 796590      0      0  0.0000E+00
     170   109    55     1087 796590  0.0000E+00  0.0000E+00 1087 796590  0.0000E+00  0.0000E+00 796590      0      0  0.0000E+00
     171   109    55     1088 796590  0.0000E+00  1.3400E-10 1088 796590  0.0000E+00  1.1200E-10 796590   5890   3884  4.6000E-11
      71   109    55     1089 796590  0.0000E+00  0.0000E+00 1089 796590  0.0000E+00  0.0000E+00 796590      0      0  0.0000E+00
     135   109    55     1090 796590  1.4131E-23  1.3400E-10 1090 796590  1.0426E-23  1.1200E-10 796590 782339   3884  4.6000E-11
     131   109    55     1091 796590  0.0000E+00  0.0000E+00 1091 796590  0.0000E+00  0.0000E+00 796590      0      0  0.0000E+00
     132   109    55     1092 796590  0.0000E+00  1.0000E+00 1092 796590  0.0000E+00  1.0000E+00 796590      0      0  0.0000E+00
     133   109    55     1093 796590  1.0000E+00  1.0000E+00 1093 796590  1.0000E+00  1.0000E+00 796590      0      0  0.0000E+00
       7   109    55     1094 796590  1.8223E+04  1.9167E+04 1094 796590  1.8224E+04  1.9167E+04 796590 796590 623137  2.9004E+01
      11   109    55     1095 796590  1.9194E+02  2.2369E+02 1095 796590  1.9141E+02  2.2441E+02 796590 796590  32184  3.9082E+00
      51   109    55     1096 796590  6.1756E-07  5.2076E-06 1096 796590  2.9171E-07  4.9217E-06 796590 796590 200136 -2.6942E-06
      33   109    55     1097 795755 -1.7526E+01  3.0724E+01 1097 795755 -1.8106E+01  3.1066E+01 795755 795755   3457  8.6605E+00
      34   109    55     1098 795755 -2.4790E+01  2.8476E+01 1098 795755 -2.6451E+01  2.8096E+01 795755 795755   4733 -1.1277E+01
      39   109    55     1099 796590 -2.0693E-01  4.8057E-01 1099 796590 -2.3051E-01  4.8824E-01 796590 796590   4714 -2.5766E-01
      40   109    55     1100 796590 -4.3109E-01  1.9391E-01 1100 796590 -4.4885E-01  2.0740E-01 796590 796590 682106  2.3650E-01
     158   109    55     1101 796590  1.4960E-02  2.3500E-02 1101 796590  1.9972E-02  2.0135E-02 796590 796590 142119 -5.0402E-03
     241   109    55     1102 796590 -6.1434E-08 -3.3838E-11 1102 796590  0.0000E+00  0.0000E+00 796590 796590 693925 -6.1434E-08
     242   109    55     1103 796590  0.0000E+00  0.0000E+00 1103 796590  0.0000E+00  0.0000E+00 796590      0      0  0.0000E+00
       1   109    56     1104 796590  5.2244E+03  5.2272E+03 1104 796590  5.2243E+03  5.2271E+03 796590 796590   3186 -4.3408E-01
     153   109    56     1105 796590  0.0000E+00  0.0000E+00 1105 796590  0.0000E+00  0.0000E+00 796590      0      0  0.0000E+00
      58   109    56     1106 796590  0.0000E+00  0.0000E+00 1106 796590  0.0000E+00  0.0000E+00 796590      0      0  0.0000E+00
     170   109    56     1107 796590  0.0000E+00  0.0000E+00 1107 796590  0.0000E+00  0.0000E+00 796590      0      0  0.0000E+00
     171   109    56     1108 796590  0.0000E+00  1.0000E-10 1108 796590  0.0000E+00  1.0000E-10 796590   9286  14305 -1.1400E-11
      71   109    56     1109 796590  0.0000E+00  0.0000E+00 1109 796590  0.0000E+00  0.0000E+00 796590      0      0  0.0000E+00
     135   109    56     1110 796590  2.7443E-21  1.0000E-10 1110 796590  1.5290E-23  1.0000E-10 796590 785527  14305 -1.1400E-11
     131   109    56     1111 796590  0.0000E+00  0.0000E+00 1111 796590  0.0000E+00  0.0000E+00 796590      0      0  0.0000E+00
     132   109    56     1112 796590  0.0000E+00  1.0000E+00 1112 796590  0.0000E+00  1.0000E+00 796590      0      0  0.0000E+00
     133   109    56     1113 796590  1.0000E+00  1.0000E+00 1113 796590  1.0000E+00  1.0000E+00 796590      0      0  0.0000E+00
       7   109    56     1114 796590  1.9423E+04  2.0329E+04 1114 796590  1.9422E+04  2.0327E+04 796590 796590 619286  2.9352E+01
      11   109    56     1115 796590  1.9739E+02  2.2514E+02 1115 796590  1.9843E+02  2.2518E+02 796590 796590   5706  4.5252E+00
      51   109    56     1116 796590  3.1720E-07  4.7472E-06 1116 796590  8.4702E-08  4.6347E-06 796590 796590 430657 -2.2275E-06
      33   109    56     1117 795755 -2.2409E+01  2.4387E+01 1117 795755 -2.3111E+01  2.4311E+01 795755 795754  31386  6.7955E+00
      34   109    56     1118 795755 -2.3428E+01  2.6260E+01 1118 795755 -2.3856E+01  2.5223E+01 795755 795755 163142 -6.9792E+00
      39   109    56     1119 796590 -2.3687E-01  4.1938E-01 1119 796590 -1.7528E-01  4.4972E-01 796590 796590   3850  2.1966E-01
      40   109    56     1120 796590 -4.8455E-01  2.6545E-01 1120 796590 -4.9759E-01  1.8991E-01 796590 796590   3849 -2.3696E-01
     158   109    56     1121 796590  1.9979E-02  2.0020E-02 1121 796590  1.9999E-02  2.0001E-02 796590 796590 138305 -2.0664E-05
     241   109    56     1122 796590 -6.2155E-08  4.5068E-11 1122 796590 -2.2606E-08  2.4694E-08 796590 796590 638519 -6.2149E-08
     242   109    56     1123 796590  0.0000E+00  0.0000E+00 1123 796590  0.0000E+00  0.0000E+00 796590      0      0  0.0000E+00
       1   109    57     1124 796590  4.1005E+03  4.1028E+03 1124 796590  4.1004E+03  4.1028E+03 796590 796590   3186 -3.6816E-01
     153   109    57     1125 796590  0.0000E+00  0.0000E+00 1125 796590  0.0000E+00  0.0000E+00 796590      0      0  0.0000E+00
      58   109    57     1126 796590  0.0000E+00  0.0000E+00 1126 796590  0.0000E+00  0.0000E+00 796590      0      0  0.0000E+00
     170   109    57     1127 796590  0.0000E+00  0.0000E+00 1127 796590  0.0000E+00  0.0000E+00 796590      0      0  0.0000E+00
     171   109    57     1128 796590  0.0000E+00  1.0000E-10 1128 796590  0.0000E+00  1.0000E-10 796590   8612   4616 -2.5000E-12
      71   109    57     1129 796590  0.0000E+00  0.0000E+00 1129 796590  0.0000E+00  0.0000E+00 796590      0      0  0.0000E+00
     135   109    57     1130 796590  7.7813E-22  1.0000E-10 1130 796590  7.5152E-21  1.0000E-10 796590 785857   4616 -2.5000E-12
     131   109    57     1131 796590  0.0000E+00  0.0000E+00 1131 796590  0.0000E+00  0.0000E+00 796590      0      0  0.0000E+00
     132   109    57     1132 796590  0.0000E+00  1.0000E+00 1132 796590  0.0000E+00  1.0000E+00 796590      0      0  0.0000E+00
     133   109    57     1133 796590  1.0000E+00  1.0000E+00 1133 796590  1.0000E+00  1.0000E+00 796590      0      0  0.0000E+00
       7   109    57     1134 796590  2.0886E+04  2.1818E+04 1134 796590  2.0884E+04  2.1808E+04 796590 796590 604024  3.7301E+01
      11   109    57     1135 796590  2.0376E+02  2.2545E+02 1135 796590  2.0366E+02  2.2541E+02 796590 796590  10195 -4.7036E+00
      51   109    57     1136 796590  1.9247E-07  4.8825E-06 1136 796590  2.9869E-07  5.0687E-06 796590 796590 176125 -2.6362E-06
      33   109    57     1137 795755 -2.2893E+01  2.3136E+01 1137 795755 -2.1967E+01  2.2877E+01 795755 795755  98102 -1.0804E+01
      34   109    57     1138 795755 -2.0521E+01  2.7292E+01 1138 795755 -2.1147E+01  2.7571E+01 795755 795755  38173 -8.3889E+00
      39   109    57     1139 796590 -1.3807E-01  3.6193E-01 1139 796590 -1.5241E-01  3.7884E-01 796590 796590   3192  2.0184E-01
      40   109    57     1140 796590 -5.3249E-01  2.1751E-01 1140 796590 -5.5307E-01  2.2818E-01 796590 796590   3184 -2.6067E-01
     158   109    57     1141 796590  2.0000E-02  2.0000E-02 1141 796590  2.0000E-02  2.0000E-02 796590 725698 142119 -1.7323E-07
     241   109    57     1142 796590 -2.8092E-09  3.3191E-08 1142 796590 -2.4018E-08  2.2582E-08 796590 796590  70178  4.4909E-08
     242   109    57     1143 796590  0.0000E+00  0.0000E+00 1143 796590  0.0000E+00  0.0000E+00 796590      0      0  0.0000E+00
       1   109    58     1144 796590  2.9817E+03  2.9836E+03 1144 796590  2.9817E+03  2.9835E+03 796590 796590   3182 -2.8760E-01
     153   109    58     1145 796590  0.0000E+00  0.0000E+00 1145 796590  0.0000E+00  0.0000E+00 796590      0      0  0.0000E+00
      58   109    58     1146 796590  0.0000E+00  0.0000E+00 1146 796590  0.0000E+00  0.0000E+00 796590      0      0  0.0000E+00
     170   109    58     1147 796590  0.0000E+00  0.0000E+00 1147 796590  0.0000E+00  0.0000E+00 796590      0      0  0.0000E+00
     171   109    58     1148 796590  0.0000E+00  1.0000E-10 1148 796590  0.0000E+00  1.0000E-10 796590   9077  84902  4.7000E-12
      71   109    58     1149 796590  0.0000E+00  0.0000E+00 1149 796590  0.0000E+00  0.0000E+00 796590      0      0  0.0000E+00
     135   109    58     1150 796590  7.1970E-21  1.0000E-10 1150 796590  6.3850E-21  1.0000E-10 796590 780923  84902  4.7000E-12
     131   109    58     1151 796590  0.0000E+00  0.0000E+00 1151 796590  0.0000E+00  0.0000E+00 796590      0      0  0.0000E+00
     132   109    58     1152 796590  0.0000E+00  1.0000E+00 1152 796590  0.0000E+00  1.0000E+00 796590      0      0  0.0000E+00
     133   109    58     1153 796590  1.0000E+00  1.0000E+00 1153 796590  1.0000E+00  1.0000E+00 796590      0      0  0.0000E+00
       7   109    58     1154 796590  2.2797E+04  2.3808E+04 1154 796590  2.2793E+04  2.3804E+04 796590 796590 603068  4.0262E+01
      11   109    58     1155 796590  2.0271E+02  2.2803E+02 1155 796590  2.0279E+02  2.2679E+02 796590 796590   7607 -4.2622E+00
      51   109    58     1156 796590  5.5075E-07  5.4707E-06 1156 796590  5.2310E-07  4.7431E-06 796590 796590 663907  1.8376E-06
      33   109    58     1157 795755 -1.3291E+01  2.4990E+01 1157 795755 -1.4979E+01  2.7162E+01 795755 795752  85856 -1.6093E+01
      34   109    58     1158 795755 -1.9589E+01  3.2817E+01 1158 795755 -2.1457E+01  3.3012E+01 795755 795755   4557  8.3088E+00
      39   109    58     1159 796590 -1.4877E-01  2.8873E-01 1159 796590 -1.4216E-01  2.6409E-01 796590 796590   3186  1.8089E-01
      40   109    58     1160 796590 -6.1328E-01  3.2422E-01 1160 796590 -6.0336E-01  3.0289E-01 796590 796590   3186 -3.5367E-01
     158   109    58     1161 796590  2.0000E-02  2.0000E-02 1161 796590  2.0000E-02  2.0000E-02 796590 559304  85328 -2.0489E-08
     241   109    58     1162 796590 -9.7943E-09  2.4006E-08 1162 796590 -2.2606E-08  2.3294E-08 796590 796590 675667  3.8911E-08
     242   109    58     1163 796590  0.0000E+00  0.0000E+00 1163 796590  0.0000E+00  0.0000E+00 796590      0      0  0.0000E+00
       1   109    59     1164 796590  1.8671E+03  1.8683E+03 1164 796590  1.8670E+03  1.8683E+03 796590 796590   3163 -1.8311E-01
     153   109    59     1165 796590  0.0000E+00  0.0000E+00 1165 796590  0.0000E+00  0.0000E+00 796590      0      0  0.0000E+00
      58   109    59     1166 796590  0.0000E+00  0.0000E+00 1166 796590  0.0000E+00  0.0000E+00 796590      0      0  0.0000E+00
     170   109    59     1167 796590  0.0000E+00  0.0000E+00 1167 796590  0.0000E+00  0.0000E+00 796590      0      0  0.0000E+00
     171   109    59     1168 796590  0.0000E+00  1.0000E-10 1168 796590  0.0000E+00  1.0000E-10 796590   8895  44834  1.4000E-12
      71   109    59     1169 796590  0.0000E+00  0.0000E+00 1169 796590  0.0000E+00  0.0000E+00 796590      0      0  0.0000E+00
     135   109    59     1170 796590  8.6252E-21  1.0000E-10 1170 796590  8.7314E-21  1.0000E-10 796590 780391  44834  1.4000E-12
     131   109    59     1171 796590  0.0000E+00  0.0000E+00 1171 796590  0.0000E+00  0.0000E+00 796590      0      0  0.0000E+00
     132   109    59     1172 796590  0.0000E+00  1.0000E+00 1172 796590  0.0000E+00  1.0000E+00 796590      0      0  0.0000E+00
     133   109    59     1173 796590  1.0000E+00  1.0000E+00 1173 796590  1.0000E+00  1.0000E+00 796590      0      0  0.0000E+00
       7   109    59     1174 796590  2.5565E+04  2.6839E+04 1174 796590  2.5575E+04  2.6848E+04 796590 796590 611650  5.4855E+01
      11   109    59     1175 796590  1.9701E+02  2.3057E+02 1175 796590  2.0173E+02  2.3048E+02 796590 796590 706374 -5.6563E+00
      51   109    59     1176 796590  1.0259E-06  5.8259E-06 1176 796590  9.6139E-07  5.9214E-06 796590 796590 671617  1.6946E-06
      33   109    59     1177 795755 -1.2122E+01  3.1628E+01 1177 795755 -9.5746E+00  2.8488E+01 795755 795754 700421  6.6717E+00
      34   109    59     1178 795755 -2.7812E+01  4.1500E+01 1178 795755 -2.4764E+01  4.0330E+01 795755 795755  99209  7.5464E+00
      39   109    59     1179 796590 -1.5833E-01  2.4792E-01 1179 796590 -1.5218E-01  2.2282E-01 796590 796590   3195  1.8135E-01
      40   109    59     1180 796590 -9.0825E-01  5.2925E-01 1180 796590 -8.1540E-01  5.2835E-01 796590 796590   3188 -5.9286E-01
     158   109    59     1181 796590  2.0000E-02  2.0000E-02 1181 796590  2.0000E-02  2.0000E-02 796590 553324  29843  2.0489E-08
     241   109    59     1182 796590  0.0000E+00  1.0400E-07 1182 796590 -1.8367E-08  1.8333E-08 796590 796590 212376  1.1327E-07
     242   109    59     1183 796590  0.0000E+00  0.0000E+00 1183 796590  0.0000E+00  0.0000E+00 796590      0      0  0.0000E+00
       1   109    60     1184 796590  7.5540E+02  7.5584E+02 1184 796590  7.5538E+02  7.5584E+02 796590 796590   3163 -6.3538E-02
     153   109    60     1185 796590  0.0000E+00  0.0000E+00 1185 796590  0.0000E+00  1.0000E-10 796590  12633      1 -1.0000E-10
      58   109    60     1186 796590  0.0000E+00  0.0000E+00 1186 796590  0.0000E+00  0.0000E+00 796590      0      0  0.0000E+00
     170   109    60     1187 796590  0.0000E+00  0.0000E+00 1187 796590  0.0000E+00  0.0000E+00 796590      0      0  0.0000E+00
     171   109    60     1188 796590  0.0000E+00  1.0000E-10 1188 796590  0.0000E+00  1.0000E-10 796590  16211      1  1.0000E-10
      71   109    60     1189 796590  0.0000E+00  0.0000E+00 1189 796590  0.0000E+00  0.0000E+00 796590      0      0  0.0000E+00
     135   109    60     1190 796590  8.1202E-21  1.0000E-10 1190 796590  8.2041E-21  1.0000E-10 796590 781912   3968  2.1000E-12
     131   109    60     1191 796590  0.0000E+00  0.0000E+00 1191 796590  0.0000E+00  0.0000E+00 796590      0      0  0.0000E+00
     132   109    60     1192 796590  0.0000E+00  1.0000E+00 1192 796590  0.0000E+00  1.0000E+00 796590  18312   1133  1.0000E+00
     133   109    60     1193 796590  1.0000E+00  1.0000E+00 1193 796590  1.0000E+00  1.0000E+00 796590      0      0  0.0000E+00
       7   109    60     1194 796590  3.1014E+04  3.3058E+04 1194 796590  3.1003E+04  3.3061E+04 796590 796590  68687  7.9809E+01
      11   109    60     1195 796590  2.0386E+02  2.4255E+02 1195 796590  2.0369E+02  2.4257E+02 796590 796590 594549 -7.2682E+00
      51   109    60     1196 796590  1.8179E-06  5.6579E-06 1196 796590  1.9705E-06  6.6505E-06 796590 796590 191245 -2.2927E-06
      33   109    60     1197 795755 -1.6415E+01  5.0743E+01 1197 795755 -1.7706E+01  5.0231E+01 795755 795755   3091 -8.8482E+00
      34   109    60     1198 795755 -4.3543E+01  5.2176E+01 1198 795755 -4.5720E+01  5.2624E+01 795755 795755    158  1.0865E+01
      39   109    60     1199 796590 -2.2901E-02  7.0849E-02 1199 796590 -2.6335E-02  6.7415E-02 796590 796590   2681  3.4684E-02
      40   109    60     1200 796590 -6.3733E-01  2.0642E-01 1200 796590 -6.6732E-01  2.3893E-01 796590 796590   4152 -2.5126E-01
     158   109    60     1201 796590  2.0000E-02  2.0000E-02 1201 796590  2.0000E-02  2.0000E-02 796590 541357   8712 -1.6764E-08
     241   109    60     1202 796590 -9.0002E-08 -2.1729E-12 1202 796590  0.0000E+00  0.0000E+00 796590 796590 343457 -9.0002E-08
     242   109    60     1203 796590  0.0000E+00  0.0000E+00 1203 796590  0.0000E+00  0.0000E+00 796590      0      0  0.0000E+00
     212   200     0     1204 796590 -2.0000E+01  4.5812E+01 1204 796590 -2.0000E+01  4.5500E+01 796590 502516  98316  6.0875E+01
      20     1     0     1205 796590  4.2072E+01  2.4042E+04 1205 796590  3.7865E+01  2.4038E+04 796590 796590 172132  2.4004E+04
       7   220     0     1206 793016  1.5414E+01  3.5549E+03 1206 793016  1.5972E+01  3.8647E+03 793016 793016 124527  2.3854E+03
     180     1     0     1207 793016  7.1618E-03  3.4907E+01 1207 793016  5.9682E-03  3.4806E+01 793016 793016 517822  2.1501E+01
       7   100   250     1208 796590  9.5795E+03  1.1009E+04 1208 796590  9.5807E+03  1.1007E+04 796590 796590 365492 -3.7289E+01
      11   100   250     1209 796590  2.0702E+02  2.3508E+02 1209 796590  2.0737E+02  2.3418E+02 796590 796590 536085  3.0230E+00
      52   100   250     1210 796590  4.9639E-01  9.3496E+01 1210 796590  2.1322E-01  9.5213E+01 796590 796590  77192 -7.3717E+01
      51   100   250     1211 796590  1.4159E-06  4.2392E-04 1211 796590  4.9691E-07  4.4550E-04 796590 796590  77192 -3.3158E-04
      39   100   250     1212 796590 -4.0450E+00  1.2675E+00 1212 796590 -3.8266E+00  1.4234E+00 796590 796590  68606 -2.8122E+00
      33   100   250     1213 793968 -3.6133E+01  6.5571E+01 1213 793968 -3.8262E+01  6.8441E+01 793968 793968 361704  2.8860E+01
      34   100   250     1214 793968 -6.4448E+01  6.4614E+01 1214 793968 -6.3144E+01  6.1747E+01 793968 793968 120242  1.0399E+01
      41   100   250     1215 793016 -4.2241E-04  4.3509E-04 1215 793016 -5.7852E-04  4.9648E-04 793016 793016  50402 -6.4888E-04
       7   100   500     1216 796590  5.0481E+03  5.9150E+03 1216 796590  5.0562E+03  5.9157E+03 796590 796590 494931  3.4328E+01
      11   100   500     1217 796590  2.2528E+02  2.7009E+02 1217 796590  2.2590E+02  2.7033E+02 796590 796590 565885  3.5699E+00
      52   100   500     1218 796590  1.2565E-02  1.0001E+02 1218 796590  8.3400E-02  1.0008E+02 796590 796590 415778  9.1929E+01
      51   100   500     1219 796590  6.6787E-08  5.6626E-03 1219 796590  1.0751E-06  5.6511E-03 796590 796590   8324 -4.7885E-03
      39   100   500     1220 796590 -5.5823E+00  2.3864E+00 1220 796590 -5.7241E+00  2.6509E+00 796590 796590 516243  5.5793E+00
      33   100   500     1221 793968 -2.5844E+01  4.9094E+01 1221 793968 -3.1853E+01  4.8757E+01 793968 793968 432942 -1.4341E+01
      34   100   500     1222 793968 -4.3362E+01  6.1684E+01 1222 793968 -4.3418E+01  5.9426E+01 793968 793968 570825 -1.6632E+01
      41   100   500     1223 793016 -3.7449E-04  6.5051E-04 1223 793016 -4.9050E-04  7.5950E-04 793016 793016  62779 -8.0899E-04
       7   100   700     1224 796590  2.5152E+03  3.1848E+03 1224 796590  2.5186E+03  3.1856E+03 796590 796590 500676  2.3497E+01
      11   100   700     1225 796590  2.4101E+02  2.8951E+02 1225 796590  2.4070E+02  2.8964E+02 796590 796590 118829  6.9987E+00
      52   100   700     1226 796590  2.0432E-01  1.0020E+02 1226 796590  9.9014E-03  1.0001E+02 796590 796590 569486 -8.7806E+01
      51   100   700     1227 796590  6.6163E-06  1.4382E-02 1227 796590  1.0366E-06  1.4751E-02 796590 796590 140248  7.2556E-03
      39   100   700     1228 796590 -6.0932E+00  4.2506E+00 1228 796590 -5.6718E+00  4.2657E+00 796590 796590  65779 -4.1089E+00
      33   100   700     1229 793968 -2.6411E+01  3.7040E+01 1229 793968 -2.7026E+01  3.7721E+01 793968 793968 407241  1.6426E+01
      34   100   700     1230 793968 -3.2547E+01  5.0531E+01 1230 793968 -2.9607E+01  5.1378E+01 793968 793967 538413 -1.1674E+01
      41   100   700     1231 793016 -6.3338E-04  8.9162E-04 1231 793016 -6.6253E-04  8.3747E-04 793016 793016 687825  6.6665E-04
       7   100   850     1232 796590  9.9917E+02  1.5929E+03 1232 796590  1.0037E+03  1.5911E+03 796590 793944 636931 -2.7312E+01
      11   100   850     1233 796590  2.4153E+02  3.0040E+02 1233 796590  2.4049E+02  3.0056E+02 796590 796590 760530 -1.4155E+01
      52   100   850     1234 796590  1.2423E-01  1.0012E+02 1234 796590  1.0716E-01  1.0011E+02 796590 796590 154216 -9.1983E+01
      51   100   850     1235 796590  2.1860E-05  2.3272E-02 1235 796590  1.3534E-05  2.3764E-02 796590 796590 128941  7.0083E-03
      39   100   850     1236 796590 -5.7705E+00  6.7295E+00 1236 796590 -5.5612E+00  6.1575E+00 796590 796590 525584 -4.3655E+00
      33   100   850     1237 793968 -3.1305E+01  3.1633E+01 1237 793968 -2.8676E+01  3.0388E+01 793968 793968 523679  1.2815E+01
      34   100   850     1238 793968 -3.2835E+01  4.0915E+01 1238 793968 -3.4511E+01  4.0474E+01 793968 793968 522723  1.7007E+01
      41   100   850     1239 793016 -9.5898E-04  1.0910E-03 1239 793016 -1.0112E-03  9.6382E-04 793016 793016 520812  1.0772E-03
      11   100   950     1240 796590  2.3173E+02  3.0723E+02 1240 796590  2.3300E+02  3.0744E+02 796590 796590 790073 -1.4584E+01
     130   102     0     1241 796590  9.6450E+04  1.0417E+05 1241 796590  9.6505E+04  1.0417E+05 796590 796590 787267  3.5662E+02
      71   107   530     1242 796590  1.0000E-12  1.0000E+00 1242 796590  1.0000E-12  1.0000E+00 796590  93638   2848 -1.0000E+00
      71   107  1580     1243 796590  1.0000E-12  1.0000E+00 1243 796590  1.0000E-12  1.0000E+00 796590 155428   5623 -1.0000E+00
      71   107  2605     1244 796590  1.0000E-12  1.0000E+00 1244 796590  1.0000E-12  1.0000E+00 796590 203958   2705 -1.0000E+00
      71   107  3595     1245 796590  1.0000E-12  1.0000E+00 1245 796590  1.0000E-12  1.0000E+00 796590 188960   1159 -1.0000E+00
      71   107  4550     1246 796590  1.0000E-12  1.0000E+00 1246 796590  1.0000E-12  1.0000E+00 796590 159710   2124 -1.0000E+00
      71   107  5470     1247 796590  1.0000E-12  1.0000E+00 1247 796590  1.0000E-12  1.0000E+00 796590 153012   2124 -1.0000E+00
      71   107  6180     1248 796590  1.0000E-12  1.0000E+00 1248 796590  1.0000E-12  1.0000E+00 796590 160488   3077 -1.0000E+00
      71   107  6690     1249 796590  1.0000E-12  1.0000E+00 1249 796590  1.0000E-12  1.0000E+00 796590 199478   2124 -1.0000E+00
      71   107  7185     1250 796590  1.0000E-12  1.0000E+00 1250 796590  1.0000E-12  1.0000E+00 796590 230959   1170 -1.0000E+00
      71   107  7585     1251 796590  1.0000E-12  1.0000E+00 1251 796590  1.0000E-12  1.0000E+00 796590 283908   3078 -1.0000E+00
      71   107  7890     1252 796590  1.0000E-12  1.0000E+00 1252 796590  1.0000E-12  1.0000E+00 796590 290083   4030 -1.0000E+00
      71   107  8190     1253 796590  1.0000E-12  1.0000E+00 1253 796590  1.0000E-12  1.0000E+00 796590 290795  13131 -1.0000E+00
      71   107  8480     1254 796590  1.0000E-12  1.0000E+00 1254 796590  1.0000E-12  1.0000E+00 796590 307908   1171 -1.0000E+00
      71   107  8755     1255 796590  1.0000E-12  1.0000E+00 1255 796590  1.0000E-12  1.0000E+00 796590 314367   1171 -1.0000E+00
      71   107  9015     1256 796590  1.0000E-12  1.0000E+00 1256 796590  1.0000E-12  1.0000E+00 796590 321373   1781  1.0000E+00
      71   107  9260     1257 796590  1.0000E-12  1.0000E+00 1257 796590  1.0000E-12  1.0000E+00 796590 318536   1171 -1.0000E+00
      71   107  9490     1258 796590  1.0000E-12  1.0000E+00 1258 796590  1.0000E-12  1.0000E+00 796590 325431   1758  1.0000E+00
      71   107  9650     1259 796590  1.0000E-12  1.0000E+00 1259 796590  1.0000E-12  1.0000E+00 796590 274710   1763  1.0000E+00
      71   107  9745     1260 796590  1.0000E-12  1.0000E+00 1260 796590  1.0000E-12  1.0000E+00 796590 224451   7493  1.0000E+00
      71   107  9835     1261 796590  1.0000E-12  1.0000E+00 1261 796590  1.0000E-12  1.0000E+00 796590 191597   8445  1.0000E+00
      71   107  9915     1262 796590  1.0000E-12  1.0000E+00 1262 796590  1.0000E-12  1.0000E+00 796590 187123  10354  1.0000E+00
      71   107  9975     1263 796590  1.0000E-12  1.0300E+00 1263 796590  1.0000E-12  1.0300E+00 796590 173774 494841 -1.0300E+00
       1     1     0     1264 796590  6.4179E+04  1.0417E+05 1264 796590  6.4172E+04  1.0417E+05 796590 796590 790527  3.1231E+02
       7     1     0     1265 796590 -7.3930E+01  3.8621E+03 1265 796590 -7.3930E+01  3.8621E+03 796590      0      0  0.0000E+00
      11     1     0     1266 796590  2.2449E+02  3.3561E+02 1266 796590  2.2463E+02  3.3551E+02 796590 796590 767218 -2.2520E+01
      13     1     0     1267 796590  2.2469E+02  3.4662E+02 1267 796590  2.2359E+02  3.4584E+02 796590 796590 767218 -2.4088E+01
      51     1     0     1268 796590  1.0000E-12  4.1000E-02 1268 796590  1.0000E-12  3.6200E-02 796590 612009  15173  2.1200E-02
      85   112    10     1269 796590  2.3499E+02  3.2009E+02 1269 796590  2.3542E+02  3.1932E+02 796590 796590 157139  9.7792E+00
     144   112    10     1270 796590  3.5834E-02  9.9983E-01 1270 796590  4.0276E-02  1.0003E+00 796590 796590 134446 -3.2644E-01
      85   112  2600     1271 796590  2.3516E+02  3.0936E+02 1271 796590  2.3539E+02  3.0939E+02 796590 796590 128717  5.7682E+00
     144   112  2600     1272 796590  2.8028E-02  1.0000E+00 1272 796590  2.8029E-02  1.0000E+00 796590 796590 231341 -2.6800E-01
      85   112 10340     1273 796590  2.3528E+02  3.0858E+02 1273 796590  2.3536E+02  3.0826E+02 796590 796590 128717  4.9185E+00
     144   112 10340     1274 796590  2.3378E-02  1.0004E+00 1274 796590  2.3381E-02  1.0004E+00 796590 796590 225549 -2.6300E-01
      85   112 25800     1275 796590  2.3571E+02  3.0731E+02 1275 796590  2.3574E+02  3.0714E+02 796590 796590 358362  4.0652E+00
     144   112 25800     1276 796590  2.9178E-02  1.0002E+00 1276 796590  2.9191E-02  1.0002E+00 796590 796590 326818 -3.2001E-01
      85   111   300     1277 796590  2.4217E+02  3.0177E+02 1277 796590  2.4217E+02  3.0177E+02 796590      0      0  0.0000E+00
     207   112   100     1278 796590  0.0000E+00  1.0000E+02 1278 796590  0.0000E+00  1.0000E+02 796590  46491 314488 -1.0000E+02
      86   112   200     1279 796590  0.0000E+00  1.0000E+03 1279 796590  0.0000E+00  1.0000E+03 796590  34827 179792 -5.3000E+02
     223     1     0     1280 796590  0.0000E+00  5.0000E-01 1280 796590  0.0000E+00  5.0000E-01 796590  46838   1752 -5.0000E-01
      65     1     0     1281 796590  0.0000E+00  4.5700E+02 1281 796590  0.0000E+00  4.5700E+02 796590  48272 792548 -1.8000E+01
     238     1     0     1282 796590  0.0000E+00  1.0000E+02 1282 796590  0.0000E+00  1.0000E+02 796590   1939 144574  1.0000E+02
       1     1     0     1283 796590  6.4216E+04  1.0415E+05 1264 796590  6.4172E+04  1.0417E+05 796590 796590 742876  3.7462E+02
      11   105    10     1284 796590  2.2997E+02  3.1554E+02 1284 796590  2.2960E+02  3.1523E+02 796590 796590 787267 -1.8694E+01
     238     1     0     1285 796590  0.0000E+00  1.0000E+02 1282 796590  0.0000E+00  1.0000E+02 796590   2382 144574  1.0000E+02
      66     1     0     1286 796590  0.0000E+00  2.1300E+00 1286 796590  0.0000E+00  2.1400E+00 796590  45396 782249  2.2000E-01
     145     1     0     1287 796590 -5.7263E-04  1.0227E-02 1287 796590 -7.5531E-04  1.0545E-02 796590 796590  34288  3.8827E-03
     198     1     0     1288 796590 -3.6388E+02  1.2207E-01 1288 796590 -3.5173E+02  2.6514E-01 796590 796590 304982  2.3486E+02
     231     1     0     1289 796590  0.0000E+00  1.3500E-01 1289 796590  0.0000E+00  1.3500E-01 796590      0      0  0.0000E+00
     240     1     0     1290 796590  0.0000E+00  4.7600E-01 1290 796590  0.0000E+00  4.7600E-01 796590      0      0  0.0000E+00
      11   105     2     1291 796590  2.2939E+02  3.1695E+02 1291 796590  2.2894E+02  3.1694E+02 796590 796590 787267 -1.9550E+01
      51   105     2     1292 796590  5.7026E-05  2.1357E-02 1292 796590  5.3304E-05  2.1353E-02 796590 796590    944 -4.1963E-03
      17   105     2     1293 796590  2.2615E+02  2.9952E+02 1293 796590  2.2552E+02  2.9946E+02 796590 796590 787267 -2.0376E+01
      52   105     2     1294 796590  7.5670E+00  9.9567E+01 1294 796590  7.1897E+00  1.0019E+02 796590 796590 768166 -4.8623E+01
       1   105     2     1295 796590  6.4168E+04  1.0417E+05 1295 796590  6.4161E+04  1.0416E+05 796590 796590 352357  3.0686E+02
      33   105    10     1296 795755 -1.9695E+01  2.1993E+01 1296 793968 -1.8218E+01  2.1079E+01 793968 793968 793387  1.1320E+01
      34   105    10     1297 795755 -2.1454E+01  2.4733E+01 1297 793968 -2.0683E+01  2.4505E+01 793968 793968 424348 -1.5600E+01
      13   105    10     1298 796590  2.2830E+02  3.2224E+02 1298 796590  2.2759E+02  3.2190E+02 796590 796590 787267 -1.9352E+01
      11   105    10     1299 796590  2.2997E+02  3.1578E+02 1284 796590  2.2960E+02  3.1523E+02 796590 796590 787267 -1.9132E+01
      51   105    10     1300 796590  6.3073E-05  2.1163E-02 1300 796590  5.8169E-05  2.1058E-02 796590 796590 252757  4.3049E-03
     194     1     0     1301 796590 -5.0000E+01  1.0000E+02 1301 796590 -5.0000E+01  1.0000E+02 796590  63493 261067  1.5000E+02
     214     1     0     1302 796590  0.0000E+00  1.7400E-03 1302 796590  0.0000E+00  1.6200E-03 796590  49188 361432 -1.4800E-03
      59     1     0     1303 796590  0.0000E+00  2.6200E-03 1303 796590  0.0000E+00  2.6900E-03 796590 181102 518151 -2.5500E-03
       7   245     0     1304 796590 -7.1986E+03  5.0064E+03 1304 796590 -7.3546E+03  4.9942E+03 796590 796590 282865 -4.4008E+03
     143     1     0     1305 796590  0.0000E+00  1.0000E+00 1305 796590  0.0000E+00  1.0000E+00 796590  15353 261067  1.0000E+00
     142     1     0     1306 796590  0.0000E+00  0.0000E+00 1306 796590  0.0000E+00  0.0000E+00 796590      0      0  0.0000E+00
     141     1     0     1307 796590  0.0000E+00  1.0000E+00 1307 796590  0.0000E+00  1.0000E+00 796590    372 406161 -1.0000E+00
     140     1     0     1308 796590  0.0000E+00  1.0000E+00 1308 796590  0.0000E+00  1.0000E+00 796590  43650   1003  1.0000E+00
      83     1     0     1309 796590  1.5900E-05  2.7530E+00 1309 796590  1.5900E-05  2.7530E+00 796590  12434 382353 -2.0000E-03
     253     1     0     1310 796590  5.3285E-04  2.1905E+00 1310 796590  5.2201E-04  2.2205E+00 796590 796590  79108  7.2001E-01
     252     1     0     1311 796590  0.0000E+00  9.0300E+03 1311 796590  0.0000E+00  1.2500E+04 796590   1486 560376 -1.2500E+04
     124     1     0     1312 793016  2.4739E-13  8.9700E+01 1312 793016  2.2833E-12  8.4500E+01 793016 733141 765757 -4.0600E+01
     125     1     0     1313 793016  2.2567E-15  1.2100E+02 1313 793016  1.1523E-14  1.1900E+02 793016 632436 424349 -4.8000E+01
     122     1     0     1314 796590 -1.5632E+02  9.3418E+02 1314 796590 -1.8652E+02  8.9810E+02 796590 796590  92179 -5.4767E+02
     121     1     0     1315 796590 -1.6143E+02  1.2062E+03 1315 796590 -1.3685E+02  1.2005E+03 796590 796590 390927  1.0143E+03
     208     1     0     1316 796590  0.0000E+00  6.3600E-02 1316 796590  0.0000E+00  6.3700E-02 796590 761440  59915 -2.3200E-02
      87     1     0     1317 796590  0.0000E+00  9.4800E+01 1317 796590  0.0000E+00  9.4800E+01 796590      0      0  0.0000E+00
     155     1     0     1318 796590 -4.3550E+02  1.4538E+02 1318 796590 -4.4527E+02  1.6486E+02 796590 796590 319246 -3.4198E+02
     225     1     0     1319 796590  0.0000E+00  2.0000E+01 1319 796590  0.0000E+00  2.0000E+01 796590      0      0  0.0000E+00
     224     1     0     1320 796590  0.0000E+00  1.6000E+01 1320 796590  0.0000E+00  1.6000E+01 796590      0      0  0.0000E+00
     181     1     0     1321 796590  0.0000E+00  4.0200E-02 1321 796590  0.0000E+00  3.9100E-02 796590  69374  65652  2.2300E-02
     203     1     0     1322 796590  0.0000E+00  4.0000E+02 1322 796590  0.0000E+00  4.0000E+02 796590      0      0  0.0000E+00
     171     1     0     1323 796590  0.0000E+00  4.0000E+00 1323 796590  0.0000E+00  4.0000E+00 796590      0      0  0.0000E+00
     219     1     0     1324 796590  0.0000E+00  1.3500E-01 1324 796590  0.0000E+00  1.3500E-01 796590      0      0  0.0000E+00
     230     1     0     1325 796590  0.0000E+00  4.0400E-01 1325 796590  0.0000E+00  4.0400E-01 796590      0      0  0.0000E+00
     246     1     0     1326 796590  0.0000E+00  9.1500E-01 1326 796590  0.0000E+00  9.1500E-01 796590 147748  65652  4.9300E-01
     247     1     0     1327 796590  0.0000E+00  1.0000E+00 1327 796590  0.0000E+00  1.0000E+00 796590  75972 308556  3.0000E-01
     248     1     0     1328 796590  0.0000E+00  1.0000E+00 1328 796590  0.0000E+00  1.0000E+00 796590  89702    930 -1.8000E-01
     249     1     0     1329 796590  0.0000E+00  1.0000E+00 1329 796590  0.0000E+00  1.0000E+00 796590  55734  93318 -9.5000E-01
     182     1     0     1330 796590  4.0000E+00  4.0000E+00 1330 796590  4.0000E+00  4.0000E+00 796590      0      0  0.0000E+00
       1     8     0     1331 796590  2.0000E+02  2.0000E+02 1331 796590  2.0000E+02  2.0000E+02 796590      0      0  0.0000E+00
       1   110   276     1332 796590  2.7367E+04  2.7367E+04 1332 796590  2.7367E+04  2.7367E+04 796590      0      0  0.0000E+00
       1   110   317     1333 796590  6.3979E+04  1.0398E+05 1333 796590  6.3972E+04  1.0397E+05 796590 796590 352359  3.0730E+02
     185     1     0     1334 796590  0.0000E+00  6.3300E-02 1334 796590  0.0000E+00  6.3100E-02 796590 761496 521640  2.2700E-02
     186     1     0     1335 796590  0.0000E+00  4.2500E-01 1335 796590  0.0000E+00  4.3300E-01 796590 575258  41896  1.3800E-01
     131   101 12900     1336 796590  2.6516E+02  3.2406E+02 1338 796590  2.6499E+02  3.2399E+02 796590 796590 788220  1.9465E+01
     157     1     0     1337 796590  0.0000E+00  4.1500E+03 1339 796590  0.0000E+00  4.0900E+03 796590 425548   8243 -2.4700E+03
     156     1     0     1338 796590 -7.6359E+02  4.1382E-01 1340 796590 -6.9984E+02  1.5503E-01 796590 796590 103516 -7.6374E+02
      54   200     0     1339 796590  4.5692E-01  6.0457E+01 1341 796590  4.4639E-01  6.4571E+01 796590 796590 283464  1.0886E+01
     136   200     0     1340 796590  0.0000E+00  2.0200E+00 1342 796590  0.0000E+00  1.8400E+00 796590 200328  84587 -1.6800E+00
     137   200     0     1341 796590  0.0000E+00  5.5700E-02 1343 796590  0.0000E+00  4.8000E-02 796590 431251 558259  4.4300E-02
     138   200     0     1342 796590  0.0000E+00  1.4600E+00 1344 796590  0.0000E+00  1.5400E+00 796590  62168 517197 -1.4400E+00
     139   200     0     1343 796590  0.0000E+00  7.3700E+00 1345 796590  0.0000E+00  9.1000E+00 796590 203081 517196 -9.0400E+00
     140   200     0     1344 796590  6.9814E-17  7.4200E+00 1346 796590  7.0630E-17  1.0600E+01 796590 796433 517196 -9.6100E+00
     134   200     0     1345 796590  0.0000E+00  1.0000E+00 1347 796590  0.0000E+00  1.0000E+00 796590 113984   1183  8.0000E-01
      73   214     0     1346 796590  0.0000E+00  1.0000E+02 1348 796590  0.0000E+00  1.0000E+02 796590 392436   1098 -1.0000E+02
      74   224     0     1347 796590  0.0000E+00  1.0000E+02 1349 796590  0.0000E+00  1.0000E+02 796590 255492   1156 -1.0000E+02
      75   234     0     1348 796590  0.0000E+00  1.0000E+02 1350 796590  0.0000E+00  1.0000E+02 796590 286140   6634 -1.0000E+02
      71   200     0     1349 796590  0.0000E+00  1.0000E+02 1351 796590  0.0000E+00  1.0000E+02 796590 432807   1106 -1.0000E+02
      71   200     0     1350 796590  0.0000E+00  1.0000E+02 1351 796590  0.0000E+00  1.0000E+02 796590 558823  12240  1.0000E+02
     213   200     0     1351 796590  0.0000E+00  1.0000E+02 1353 796590  0.0000E+00  1.0000E+02 796590 588254  14711 -1.0000E+02
      72   200     0     1352 796590  0.0000E+00  9.9700E+01 1354 796590  0.0000E+00  9.9700E+01 796590 408479   3054  9.5900E+01
       1     2     0     1353 796590 -5.0000E+04  1.0400E+05 1355 796590 -5.0000E+04  1.0400E+05 796590 443534 488989  1.5400E+05
       7     2     0     1354 796590 -5.0000E+03  1.7378E+04 1356 796590 -5.0000E+03  1.7378E+04 796590 633044   4577 -2.0999E+04
       1   242     0     1355 796590 -5.0000E+04  1.0100E+05 1357 796590 -5.0000E+04  1.0100E+05 796590 283931 479435 -1.5100E+05
       1   251     0     1356 796590 -5.0000E+04  1.0000E+05 1358 796590 -5.0000E+04  1.0000E+05 796590  66457 333131  1.5000E+05
       1   248     0     1357 796590 -5.0000E+04  1.0100E+05 1359 796590 -5.0000E+04  1.0100E+05 796590 277897 479435 -1.5100E+05
       1   206     0     1358 796590 -5.0000E+04  1.0400E+05 1360 796590 -5.0000E+04  1.0400E+05 796590 393406 488989  1.5400E+05
       1     3     0     1359 796590 -5.0000E+04  1.0400E+05 1361 796590 -5.0000E+04  1.0400E+05 796590 489792 530939 -1.5400E+05
       7     3     0     1360 796590 -5.0000E+03  1.7381E+04 1362 796590 -5.0000E+03  1.7379E+04 796590 657534   4554 -2.1656E+04
      11     3     0     1361 796590 -5.0000E+02  2.9900E+02 1363 796590 -5.0000E+02  3.0000E+02 796590 534312   5251  7.9800E+02
       1   243     0     1362 796590 -5.0000E+04  1.0000E+05 1364 796590 -5.0000E+04  1.0000E+05 796590 306069 702794 -1.5000E+05
       1   252     0     1363 796590 -5.0000E+04  7.9000E+04 1365 796590 -5.0000E+04  7.9000E+04 796590  68993 348434  1.2900E+05
       1   249     0     1364 796590 -5.0000E+04  1.0000E+05 1366 796590 -5.0000E+04  1.0000E+05 796590 286197 702794 -1.5000E+05
       1   207     0     1365 796590 -5.0000E+04  1.0400E+05 1367 796590 -5.0000E+04  1.0400E+05 796590 415380 530939 -1.5400E+05
      72   200     0     1366 796590  0.0000E+00  1.0000E+02 1354 796590  0.0000E+00  9.9700E+01 796590 397266   3686  1.0000E+02
     211     8     0     1367 796590  0.0000E+00  8.5675E+02 1369 796590  0.0000E+00  8.3625E+02 796590 660317  25569 -6.1138E+02
     212     8     0     1368 796590  0.0000E+00  3.3300E+02 1370 796590  0.0000E+00  3.3362E+02 796590 783993  50406  2.0750E+02
     204     1     0     1369 796590  0.0000E+00  1.1051E+03 1371 796590  0.0000E+00  1.0976E+03 796590 671027  26528  9.4600E+02
     205     1     0     1370 796590  0.0000E+00  5.2100E+02 1372 796590  0.0000E+00  5.2812E+02 796590 784430 765306 -1.2262E+02
     211     1     0     1371 796590  0.0000E+00  6.8250E+02 1373 796590  0.0000E+00  6.7375E+02 796590 649300  89500  2.6450E+02
     212     1     0     1372 796590  0.0000E+00  7.1938E+02 1374 796590  0.0000E+00  7.1850E+02 796590 771173  81018  1.5162E+02
     161     1     0     1373 796590  0.0000E+00  1.1319E+03 1375 796590  0.0000E+00  1.1274E+03 796590 639215 159743  1.8750E+01
     190   106  7680     1374 796590 -2.8679E+02  1.6532E+03 1376 796590 -3.0739E+02  1.4826E+03 796590 796590 464455 -7.2939E+02
     190   106  2560     1375 796590 -1.3191E+02  6.4809E+02 1377 796590 -1.3843E+02  6.1857E+02 796590 796590 422436  2.5252E+02
     196   106 15360     1376 796590 -2.1877E+01  3.5023E+01 1378 796590 -2.3198E+01  3.4002E+01 796590 796590 598730  1.7020E+01
     197   106 15360     1377 796590 -3.2067E+01  3.5033E+01 1379 796590 -3.2230E+01  3.4270E+01 796590 796590 741919  1.7563E+01
       1     7     0     1378 796590  7.9845E+03  4.9984E+04 1380 796590  7.4785E+03  4.9979E+04 796590 796590 364229  3.0506E+04
       7     7     0     1379 796590  5.1076E+03  1.7708E+04 1381 796590  5.1214E+03  1.7921E+04 796590 796590 362319 -1.0514E+04
      11     7     0     1380 796590  1.8724E+02  2.4124E+02 1382 796590  1.8662E+02  2.3844E+02 796590 796590 366140  2.7614E+01
      33     7     0     1381 795755 -2.7612E+01  6.2623E+01 1383 795755 -2.8209E+01  6.4150E+01 795755 795755 233393  2.8692E+01
      34     7     0     1382 795755 -5.3979E+01  6.3896E+01 1384 795755 -5.2988E+01  6.1559E+01 795755 795755 371875 -3.5239E+01
     136     7     0     1383 796590 -2.9647E-02  3.6853E-02 1385 796590 -3.4213E-02  3.7487E-02 796590 796590 336540  4.4766E-02
       1     6     0     1384 796590  1.1128E+04  5.0028E+04 1386 796590  1.1127E+04  5.0027E+04 796590 796590 491745  3.8900E+04
       7     6     0     1385 796590  5.0999E+03  1.6000E+04 1387 796590  5.0871E+03  1.5987E+04 796590 796590  82848 -9.8871E+03
      33     6     0     1386 795755 -3.8234E+01  7.3316E+01 1388 795755 -4.2270E+01  7.1419E+01 795755 795755 367315  5.9984E+01
      34     6     0     1387 795755 -7.0167E+01  6.9318E+01 1389 795755 -7.0023E+01  6.7274E+01 795755 795755 489206 -3.9631E+01
      11   103   305     1388 669502  2.3262E+02  3.0825E+02 1390 669502  2.3213E+02  3.0832E+02 669502 669502 786305 -1.6071E+01
      33   103   305     1389 668942 -2.9358E+01  3.0219E+01 1391 668942 -2.7085E+01  2.9040E+01 668942 668942 422436 -1.4467E+01
      34   103   305     1390 668942 -3.0638E+01  3.3346E+01 1392 668942 -2.9568E+01  3.3104E+01 668942 668942 518906  2.3179E+01
      11   103   457     1391 698520  2.3154E+02  3.0735E+02 1393 698520  2.3147E+02  3.0747E+02 698520 698520 749070 -1.0681E+01
      33   103   457     1392 697915 -3.1548E+01  3.1640E+01 1394 697915 -2.9239E+01  3.0963E+01 697915 697915 422436 -1.3105E+01
      34   103   457     1393 697915 -3.2039E+01  3.4148E+01 1395 697915 -3.0971E+01  3.3935E+01 697915 697915 518906  2.3096E+01
      11   103   610     1394 717104  2.3466E+02  3.0629E+02 1396 717104  2.3452E+02  3.0639E+02 717104 717104 789172 -1.3916E+01
      33   103   610     1395 716469 -3.2836E+01  3.2414E+01 1397 716469 -3.0532E+01  3.2922E+01 716469 716469 764804 -1.2604E+01
      34   103   610     1396 716469 -3.2584E+01  3.5713E+01 1398 716469 -3.1995E+01  3.5146E+01 716469 716469 518777 -2.2681E+01
      11   103   914     1397 739922  2.4242E+02  3.0430E+02 1399 739922  2.4273E+02  3.0455E+02 739922 739922 769148 -9.6216E+00
      33   103   914     1398 739198 -3.2971E+01  3.1749E+01 1400 739198 -3.0597E+01  3.1947E+01 739198 739198 527493 -1.2196E+01
      34   103   914     1399 739198 -3.4111E+01  3.8779E+01 1401 739198 -3.5006E+01  3.8494E+01 739198 739198 517822 -2.0259E+01
      11   103  1524     1400 766940  2.4258E+02  2.9990E+02 1402 766940  2.4355E+02  2.9993E+02 766940 766940 763396 -8.7809E+00
      33   103  1524     1401 766169 -2.7041E+01  3.0724E+01 1403 766169 -2.5877E+01  2.9341E+01 766169 766169 524633  1.3144E+01
      34   103  1524     1402 766169 -3.0228E+01  4.2178E+01 1404 766169 -3.2991E+01  4.0227E+01 766169 766169 523677  1.6388E+01
      11   103  1829     1403 775122  2.4100E+02  2.9738E+02 1405 775122  2.4244E+02  2.9763E+02 775122 775122 387526 -7.6881E+00
      33   103  1829     1404 774341 -2.5856E+01  3.1878E+01 1406 774341 -2.7499E+01  2.9424E+01 774341 774339 525587  1.3432E+01
      34   103  1829     1405 774341 -3.3132E+01  4.3244E+01 1407 774341 -3.1967E+01  4.1299E+01 774341 774341 522722  1.5229E+01
      11   103  2134     1406 781969  2.4099E+02  2.9549E+02 1408 781969  2.4360E+02  2.9510E+02 781969 781969 324588  7.5156E+00
      33   103  2134     1407 781193 -2.7227E+01  3.2774E+01 1409 781193 -2.8571E+01  3.2243E+01 781193 781193 405334  1.3578E+01
      34   103  2134     1408 781193 -3.4812E+01  4.3876E+01 1410 781193 -3.2755E+01  4.3478E+01 781193 781193 523676  1.3790E+01
      11   103  2743     1409 790120  2.4138E+02  2.9200E+02 1411 790120  2.4114E+02  2.9064E+02 790120 790120 127399 -7.8234E+00
      33   103  2743     1410 789320 -2.6435E+01  3.6297E+01 1412 789320 -2.6866E+01  3.5180E+01 789320 789320 406287  1.5039E+01
      34   103  2743     1411 789320 -3.1263E+01  5.0658E+01 1413 789320 -2.8251E+01  4.9795E+01 789320 789320 534174  1.1769E+01
      11   103  3658     1412 793005  2.3456E+02  2.8456E+02 1414 793005  2.3476E+02  2.8451E+02 793005 793005 453239 -4.0789E+00
      33   103  3658     1413 792174 -2.1615E+01  4.0742E+01 1415 792174 -2.3220E+01  4.1392E+01 792174 792174 458725 -1.4701E+01
      34   103  3658     1414 792174 -3.1778E+01  5.5815E+01 1416 792174 -3.3280E+01  5.6204E+01 792174 792174 397706 -1.4904E+01
      11   103  4572     1415 793016  2.2788E+02  2.7756E+02 1417 793016  2.2854E+02  2.7742E+02 793016 793016 508292  3.6457E+00
      33   103  4572     1416 792183 -2.3045E+01  4.3841E+01 1418 792183 -2.7843E+01  4.4906E+01 792183 792181 469232 -1.8175E+01
      34   103  4572     1417 792183 -3.6841E+01  6.0471E+01 1419 792183 -3.8928E+01  5.8322E+01 792183 792183 395799 -1.5334E+01
       7     4     0     1418 796590  0.0000E+00  5.3600E+03 1420 796590  0.0000E+00  5.3300E+03 796590 544180 193362 -2.3900E+03
      52     4     0     1419 796590  1.0000E+00  1.0000E+02 1421 796590  1.0000E+00  1.0000E+02 796590 674953 293169  9.8000E+01
       7   204     0     1420 796590  0.0000E+00  5.3700E+03 1422 796590  0.0000E+00  5.3300E+03 796590 546057 221037  2.1200E+03
       1   116  7680     1421 796590  6.2679E+04  1.0268E+05 1423 796590  6.2672E+04  1.0267E+05 796590 796590 352359  3.0730E+02
      11   116  7680     1422 796590  2.3888E+02  3.0876E+02 1424 796590  2.3830E+02  3.0862E+02 796590 796590 773920 -8.1730E+00
      13   116  7680     1423 796590  2.3884E+02  3.2071E+02 1425 796590  2.3945E+02  3.2076E+02 796590 796590 773920 -8.6086E+00
      52   116  7680     1424 796590  8.4890E+00  1.0049E+02 1426 796590  8.5280E+00  9.9528E+01 796590 796590 707343  4.0961E+01
      17   116  7680     1425 796590  2.3444E+02  2.9894E+02 1427 796590  2.3277E+02  2.9883E+02 796590 796590 706390  1.0419E+01
      51   116  7680     1426 796590  1.3258E-04  2.1033E-02 1428 796590  1.1198E-04  2.0812E-02 796590 796590 252757  4.4206E-03
     135   116  7680     1427 796590 -5.2952E-06  8.0048E-06 1429 796590 -4.6026E-06  8.7974E-06 796590 796590 110720  5.8073E-06
      33   116  7680     1428 795755 -2.4906E+01  2.7236E+01 1430 795755 -2.3295E+01  2.6111E+01 795755 795753 422437 -1.3973E+01
      34   116  7680     1429 795755 -2.6796E+01  3.0673E+01 1431 795755 -2.5874E+01  3.0454E+01 795755 795754 518906  2.0321E+01
      54   116  7680     1430 796590  4.1666E-02  6.3217E+00 1432 796590  3.5189E-02  6.2852E+00 796590 796590 252757  1.3665E+00
       1   116 15390     1431 796590  5.9679E+04  9.9679E+04 1433 796590  5.9672E+04  9.9672E+04 796590 796590 352359  3.0730E+02
      11   116 15390     1432 796590  2.4109E+02  3.0577E+02 1434 796590  2.4140E+02  3.0565E+02 796590 796590 524123 -7.2469E+00
      52   116 15390     1433 796590  9.1369E+00  1.0014E+02 1435 796590  8.3825E+00  1.0038E+02 796590 796590 733204  5.4754E+01
      51   116 15390     1434 796590  1.2742E-04  2.0127E-02 1436 796590  7.6600E-05  2.0177E-02 796590 796590  83487 -5.9492E-03
      33   116 15390     1435 795755 -3.0236E+01  3.0794E+01 1437 795755 -2.7905E+01  2.9580E+01 795755 795755 422436 -1.3796E+01
      34   116 15390     1436 795755 -3.1165E+01  3.3789E+01 1438 795755 -3.0090E+01  3.3582E+01 795755 795755 518906  2.3133E+01
       1   116 23100     1437 796590  5.6679E+04  9.6679E+04 1439 796590  5.6672E+04  9.6672E+04 796590 796590 352359  3.0730E+02
      11   116 23100     1438 796590  2.3955E+02  3.0274E+02 1440 796590  2.3986E+02  3.0267E+02 796590 796590 526031 -6.6800E+00
      52   116 23100     1439 796590  3.4781E+00  1.0048E+02 1441 796590  4.6143E+00  9.9614E+01 796590 796590 546329 -7.4136E+01
      51   116 23100     1440 796590  1.1068E-04  1.8511E-02 1442 796590  7.4097E-05  1.8474E-02 796590 796590 196475 -7.2634E-03
      33   116 23100     1441 795755 -3.2823E+01  3.2365E+01 1443 795755 -3.0515E+01  3.2579E+01 795755 795755 764804 -1.2560E+01
      34   116 23100     1442 795755 -3.2512E+01  3.6144E+01 1444 795755 -3.2188E+01  3.5968E+01 795755 795755 518777 -2.2666E+01
       1   116 30810     1443 796590  5.3679E+04  9.3679E+04 1445 796590  5.3672E+04  9.3672E+04 796590 796590 352359  3.0730E+02
      11   116 30810     1444 796590  2.3850E+02  2.9950E+02 1446 796590  2.3845E+02  2.9945E+02 796590 796590 538427 -7.0192E+00
      52   116 30810     1445 796590  1.0000E+00  1.0000E+02 1447 796590  1.0000E+00  1.0000E+02 796590 709715 456150  8.7000E+01
      51   116 30810     1446 796590  6.6846E-05  1.7967E-02 1448 796590  7.7414E-05  1.7277E-02 796590 796590 254663  6.4894E-03
      33   116 30810     1447 795755 -3.3015E+01  3.1891E+01 1449 795755 -3.0668E+01  3.1737E+01 795755 795755 527493 -1.2062E+01
      34   116 30810     1448 795755 -3.3865E+01  3.8901E+01 1450 795755 -3.4751E+01  3.8655E+01 795755 795755 517822 -2.0409E+01
       1   116 38520     1449 796590  5.0679E+04  9.0679E+04 1451 796590  5.0672E+04  9.0672E+04 796590 796590 352359  3.0730E+02
      11   116 38520     1450 796590  2.3808E+02  2.9646E+02 1452 796590  2.3776E+02  2.9639E+02 796590 796590 544153 -6.4945E+00
      52   116 38520     1451 796590  1.0000E+00  1.0000E+02 1453 796590  1.0000E+00  1.0000E+02 796590 722094 456149  8.8000E+01
      51   116 38520     1452 796590  3.0625E-05  1.7331E-02 1454 796590  2.3816E-05  1.6224E-02 796590 796590 453289  6.3068E-03
      33   116 38520     1453 795755 -3.1373E+01  3.1252E+01 1455 795755 -2.8866E+01  2.9868E+01 795755 795755 784810 -1.2681E+01
      34   116 38520     1454 795755 -3.4284E+01  4.0824E+01 1456 795755 -3.5630E+01  4.0277E+01 795755 795755 522723  1.7890E+01
       1   116 46230     1455 796590  4.7679E+04  8.7679E+04 1457 796590  4.7672E+04  8.7672E+04 796590 796590 352359  3.0730E+02
      11   116 46230     1456 796590  2.3753E+02  2.9497E+02 1458 796590  2.3690E+02  2.9471E+02 796590 796590 546058 -6.9923E+00
      52   116 46230     1457 796590  1.0000E+00  1.0000E+02 1459 796590  1.0000E+00  1.0000E+02 796590 726211 221058  9.8000E+01
      51   116 46230     1458 796590  3.2359E-05  1.5632E-02 1460 796590  1.9472E-05  1.5219E-02 796590 796590 128941  7.0129E-03
      33   116 46230     1459 795755 -2.7767E+01  3.0685E+01 1461 795755 -2.6237E+01  2.9357E+01 795755 795749 524633  1.3263E+01
      34   116 46230     1460 795755 -3.1321E+01  4.2397E+01 1462 795755 -3.3622E+01  4.0222E+01 795755 795755 523677  1.6379E+01
     132   116 46080     1461 796590 -7.8136E+00  2.5686E+01 1463 796590 -7.8525E+00  2.5247E+01 796590 796590 450430 -1.1861E+01
     157   116 46080     1462 796590  0.0000E+00  4.0600E+03 1464 796590  0.0000E+00  3.9900E+03 796590 406140   8243 -2.5100E+03
     156   116 46080     1463 796590 -7.1182E+02  1.8091E-01 1465 796590 -7.1898E+02  2.2705E-02 796590 796590  88264 -7.0684E+02
     221     1     0     1464 796590  0.0000E+00  7.2092E+03 1466 796590  0.0000E+00  7.7712E+03 796590 786412 147441 -6.8396E+03
      52   108 12132     1465 796590  1.0000E+00  9.9000E+01 1467 796590  1.0000E+00  1.0000E+02 796590 700807 420548  5.0000E+01
     157   116 23040     1466 796590  0.0000E+00  3.4200E+03 1468 796590  0.0000E+00  3.3200E+03 796590 332716  35216  2.4400E+03
     156   116 23040     1467 796590 -6.5252E+02  4.7852E-01 1469 796590 -6.0181E+02  1.9141E-01 796590 796590  97787 -6.5271E+02
     157   116 65280     1468 796590  0.0000E+00  4.1500E+03 1470 796590  0.0000E+00  4.1600E+03 796590 366660   8243 -2.4700E+03
     156   116 65280     1469 796590 -7.2473E+02  2.7173E-01 1471 796590 -6.9984E+02  1.5503E-01 796590 796590 194077 -7.0488E+02
     141   116 65280     1470 796590  3.6250E+04  9.9950E+04 1472 796590  3.6249E+04  9.9949E+04 796590 796590 603963  3.0201E+04
     176     1     0     1471 796590 -7.4912E+00  8.9937E+01 1473 796590 -7.4912E+00  8.9938E+01 796590 746631 715976 -1.8005E-03
     177     1     0     1472 796590  5.0693E-04  3.6000E+02 1474 796590  5.1909E-04  3.6000E+02 796590 790475 716930  3.9978E-03
      81     1     0     1473 796590  0.0000E+00  1.0000E+00 1475 796590  0.0000E+00  1.0000E+00 796590      0      0  0.0000E+00
      91     1     0     1474 796590  0.0000E+00  1.0000E+00 1476 796590  0.0000E+00  1.0000E+00 796590      0      0  0.0000E+00
     173     1     0     1475 796590  6.0000E+01  6.0000E+01 1477 796590  6.0000E+01  6.0000E+01 796590      0      0  0.0000E+00
     174     1     0     1476 796590  6.0000E+01  6.0000E+01 1478 796590  6.0000E+01  6.0000E+01 796590      0      0  0.0000E+00
      84     1     0     1477 796590  6.0000E+00  8.0000E+01 1479 796590  6.0000E+00  8.0000E+01 796590  44265 520150  3.3700E+01
      80     1     0     1478 796590  2.2449E+02  3.3561E+02 1480 796590  2.2463E+02  3.3551E+02 796590 796590 767218 -2.2520E+01
SUMMARY:     1478 RECORDS READ,        1478 RECORDS COMPARED,    1345 RECORDS DIFFER.
